row_id,actual_price_vnd,Median Baseline,Ridge Regression
0,799000000.0,560000000.0,913781347.5839955
5,57000000.0,560000000.0,61963183.91796074
13,610000000.0,560000000.0,724552375.7852194
17,250000000.0,560000000.0,313915369.53273904
20,439000000.0,560000000.0,474055963.90914226
22,255000000.0,560000000.0,216033086.29965872
30,418000000.0,560000000.0,493152029.87125385
32,450000000.0,560000000.0,492208633.0657836
36,440000000.0,560000000.0,392366568.162978
41,760000000.0,560000000.0,750689834.9551648
49,890000000.0,560000000.0,876769681.1568892
51,450000000.0,560000000.0,510657924.8790086
59,268000000.0,560000000.0,264387790.4183188
71,270000000.0,560000000.0,197113388.94391087
80,640000000.0,560000000.0,782755678.8251014
86,780000000.0,560000000.0,739267148.5286334
94,396000000.0,560000000.0,423594606.77481306
100,650000000.0,560000000.0,510893907.2892421
102,488000000.0,560000000.0,534280823.41089654
103,499000000.0,560000000.0,475125751.99041873
107,580000000.0,560000000.0,555896518.1572199
109,580000000.0,560000000.0,602283251.9897407
113,750000000.0,560000000.0,793607808.6765941
115,420000000.0,560000000.0,513420955.88407797
120,425000000.0,560000000.0,409878287.54146916
121,248000000.0,560000000.0,251893238.67326102
122,285000000.0,560000000.0,305838282.2602198
123,309000000.0,560000000.0,345131901.6680326
137,519000000.0,560000000.0,515833266.83067226
139,180000000.0,560000000.0,121368586.61764158
153,82000000.0,560000000.0,111093964.32939295
159,650000000.0,560000000.0,621064690.2144499
164,639000000.0,560000000.0,636584277.2822733
172,338000000.0,560000000.0,307029422.9567984
174,94000000.0,560000000.0,130015348.94774397
181,255000000.0,560000000.0,264387790.4183188
182,235000000.0,560000000.0,239682032.89917785
186,198000000.0,560000000.0,175809631.80306342
187,2180000000.0,560000000.0,2554504148.5680904
191,330000000.0,560000000.0,441832856.2027286
197,490000000.0,560000000.0,491853274.6201954
203,369000000.0,560000000.0,329460933.3184518
207,545000000.0,560000000.0,587096593.6159115
221,615000000.0,560000000.0,594148603.0323912
222,215000000.0,560000000.0,305741469.6853164
226,115000000.0,560000000.0,128688119.74247819
228,400000000.0,560000000.0,418460806.41726404
229,270000000.0,560000000.0,261417399.46509576
230,272000000.0,560000000.0,282850429.4508176
238,190000000.0,560000000.0,197706102.88717535
252,365000000.0,560000000.0,345711882.0744819
254,280000000.0,560000000.0,275245816.47287506
256,170000000.0,560000000.0,167404582.1528629
257,340000000.0,560000000.0,530538125.3978465
259,255000000.0,560000000.0,236439011.40477324
274,430000000.0,560000000.0,499282379.09144473
276,375000000.0,560000000.0,410719682.990447
283,270000000.0,560000000.0,237380615.60544798
286,116000000.0,560000000.0,118384690.72169466
287,115000000.0,560000000.0,135286705.925585
292,278000000.0,560000000.0,239057169.98280093
300,235000000.0,560000000.0,232518360.58442625
307,375000000.0,560000000.0,339302707.99418104
317,285000000.0,560000000.0,246797834.66730022
322,270000000.0,560000000.0,287584783.2063166
329,265000000.0,560000000.0,298926379.6584236
339,405000000.0,560000000.0,476101960.6009117
345,519000000.0,560000000.0,556274623.9104993
346,105000000.0,560000000.0,120110361.79975049
358,155000000.0,560000000.0,153936255.02689865
370,179000000.0,560000000.0,196639453.65482298
377,120000000.0,560000000.0,116765459.09228334
379,275000000.0,560000000.0,329634810.1069733
387,175000000.0,560000000.0,240901662.4120393
393,155000000.0,560000000.0,128138426.30408663
395,1910000000.0,560000000.0,1384546306.2387688
402,325000000.0,560000000.0,312047315.0695923
412,320000000.0,560000000.0,363218771.796637
414,225000000.0,560000000.0,221573606.2611838
421,450000000.0,560000000.0,467626679.9231385
430,450000000.0,560000000.0,387443109.16006297
431,370000000.0,560000000.0,393174460.1773324
432,500000000.0,560000000.0,558656303.893012
435,515000000.0,560000000.0,540322107.1046647
438,385000000.0,560000000.0,758937926.0758033
441,398000000.0,560000000.0,434843894.137191
444,1179000000.0,560000000.0,946233877.0025754
447,1239000000.0,560000000.0,1297265364.844544
449,2499000000.0,560000000.0,1422074488.0878565
450,1900000000.0,560000000.0,1794382462.2555654
455,1198000000.0,560000000.0,933881444.7074041
457,499000000.0,560000000.0,699827453.3496644
458,550000000.0,560000000.0,699827927.8643649
464,252000000.0,560000000.0,368498446.5221982
466,375000000.0,560000000.0,478180019.84641856
474,1899000000.0,560000000.0,1836277285.1142685
485,1399000000.0,560000000.0,1126183110.9101617
493,295000000.0,560000000.0,514236848.5135574
498,2390000000.0,560000000.0,1874926584.1540976
505,225000000.0,560000000.0,863325853.4825737
512,4900000000.0,560000000.0,5420143264.007781
514,1750000000.0,560000000.0,3491122533.722243
515,1750000000.0,560000000.0,3491122533.722243
519,2990000000.0,560000000.0,5670918818.970659
522,1750000000.0,560000000.0,4328018092.400386
524,5999000000.0,560000000.0,11449139493.463556
540,330000000.0,560000000.0,458617821.8842154
551,399000000.0,560000000.0,460063496.92900264
554,490000000.0,560000000.0,515595292.52792746
555,535000000.0,560000000.0,522679356.0795342
562,580000000.0,560000000.0,709142327.9771353
574,1100000000.0,560000000.0,1281832028.933995
585,1395000000.0,560000000.0,1426773297.880191
588,1489000000.0,560000000.0,1348840931.3392959
590,1789000000.0,560000000.0,1640667911.0693521
595,2750000000.0,560000000.0,2768843351.412837
596,2599000000.0,560000000.0,2810890087.7800183
598,2650000000.0,560000000.0,2810890011.5436206
600,2680000000.0,560000000.0,2768844177.4691887
604,2050000000.0,560000000.0,2214199418.619018
605,450000000.0,560000000.0,506419068.1162431
607,380000000.0,560000000.0,542834320.0723323
611,570000000.0,560000000.0,667385402.27645
620,979000000.0,560000000.0,789318939.7697469
623,979000000.0,560000000.0,789318939.7697469
630,2579000000.0,560000000.0,1775142866.085765
631,2579000000.0,560000000.0,1775142866.085765
632,2490000000.0,560000000.0,1775142866.085765
634,2579000000.0,560000000.0,1775142866.085765
636,2579000000.0,560000000.0,1775142866.085765
638,2579000000.0,560000000.0,1775142882.6958122
641,265000000.0,560000000.0,431120536.3140821
642,715000000.0,560000000.0,804247838.9146544
663,3560000000.0,560000000.0,2862804545.201538
668,3650000000.0,560000000.0,2862803924.046258
669,3450000000.0,560000000.0,2824004296.2517066
671,4680000000.0,560000000.0,2739252761.210969
673,4750000000.0,560000000.0,2785879344.4486876
676,490000000.0,560000000.0,563927142.9718876
679,580000000.0,560000000.0,728382061.1576717
685,1950000000.0,560000000.0,1821532248.0863628
689,2350000000.0,560000000.0,1935133039.2562249
694,1499000000.0,560000000.0,1404808612.7683547
698,1750000000.0,560000000.0,1507589419.3243258
699,1739000000.0,560000000.0,1507589419.3243258
701,1750000000.0,560000000.0,1507589419.3243258
704,1699000000.0,560000000.0,1530481988.9802659
705,575000000.0,560000000.0,791329320.7646335
707,1999000000.0,560000000.0,1991777898.0903642
709,2390000000.0,560000000.0,2031876655.0155919
712,1898000000.0,560000000.0,1668747133.9056745
721,1850000000.0,560000000.0,1716735358.2191198
723,1280000000.0,560000000.0,1477817904.5589175
724,2789000000.0,560000000.0,2918888844.1389394
737,335000000.0,560000000.0,461912563.2543731
742,999000000.0,560000000.0,975910819.9107248
743,2550000000.0,560000000.0,2278401653.394781
762,2590000000.0,560000000.0,2772310058.4580345
766,2050000000.0,560000000.0,1915209292.198142
778,2499000000.0,560000000.0,2928560932.455135
783,2699000000.0,560000000.0,2867546753.0521946
786,145000000.0,560000000.0,158305055.18033937
798,335000000.0,560000000.0,310434715.53722423
804,365000000.0,560000000.0,395106096.3860141
812,420000000.0,560000000.0,439663966.9727646
813,360000000.0,560000000.0,447148113.38415635
814,360000000.0,560000000.0,447148113.38415635
823,95000000.0,560000000.0,120428584.98616794
825,70000000.0,560000000.0,121677106.42889734
829,50000000.0,560000000.0,57087557.83464322
830,42000000.0,560000000.0,56601528.94703596
849,445000000.0,560000000.0,585180167.7381173
850,264000000.0,560000000.0,282639426.0389235
853,999000000.0,560000000.0,22832141.945203863
855,128000000.0,560000000.0,134030535.32878785
864,105000000.0,560000000.0,147145111.7488724
877,425000000.0,560000000.0,435209952.27363473
878,425000000.0,560000000.0,442445106.7585087
882,228000000.0,560000000.0,224437647.7380423
883,260000000.0,560000000.0,233926809.83044916
887,265000000.0,560000000.0,269446857.30812883
890,250000000.0,560000000.0,280964539.0532274
892,310000000.0,560000000.0,305394721.0488577
893,298000000.0,560000000.0,314291973.3856962
899,340000000.0,560000000.0,336891793.353233
902,365000000.0,560000000.0,341134056.88004446
909,300000000.0,560000000.0,332014360.7558066
911,135000000.0,560000000.0,161910376.39464578
912,75000000.0,560000000.0,106698821.29534867
914,110000000.0,560000000.0,117782913.58858536
917,190000000.0,560000000.0,197869358.45585555
918,185000000.0,560000000.0,215585065.19156232
921,210000000.0,560000000.0,224887266.61398357
927,355000000.0,560000000.0,373620700.6515652
931,330000000.0,560000000.0,406110898.3825194
942,355000000.0,560000000.0,303418735.18107826
951,465000000.0,560000000.0,507674196.102707
959,1525000000.0,560000000.0,1450220981.0960183
968,1130000000.0,560000000.0,1057553237.2842706
969,1099000000.0,560000000.0,1039852343.8870678
974,1069000000.0,560000000.0,1057553237.2842706
985,705000000.0,560000000.0,714238861.6557382
999,750000000.0,560000000.0,773839087.3922378
1001,745000000.0,560000000.0,763350591.9324342
1002,775000000.0,560000000.0,841127522.8372864
1022,1225000000.0,560000000.0,1035292885.835949
1026,1100000000.0,560000000.0,1035293587.8114054
1027,1090000000.0,560000000.0,1035293587.8114054
1028,1090000000.0,560000000.0,1035292885.835949
1029,1090000000.0,560000000.0,1035292885.835949
1031,1069000000.0,560000000.0,1035292885.835949
1036,1179000000.0,560000000.0,1160195505.115423
1038,1140000000.0,560000000.0,1160194628.4564795
1047,1295000000.0,560000000.0,1278405437.873426
1056,680000000.0,560000000.0,680868541.6254842
1069,859000000.0,560000000.0,903421052.3304911
1075,550000000.0,560000000.0,548023234.9385483
1076,580000000.0,560000000.0,897974419.4940249
1081,1120000000.0,560000000.0,1176932844.7046554
1087,1185000000.0,560000000.0,1213410749.3341072
1091,1350000000.0,560000000.0,1337042061.4138427
1094,1430000000.0,560000000.0,1448613181.1490955
1096,1375000000.0,560000000.0,1448613377.5941086
1100,1260000000.0,560000000.0,1173739671.2153306
1101,690000000.0,560000000.0,728947506.2553657
1107,910000000.0,560000000.0,974854396.9587429
1110,850000000.0,560000000.0,991451739.5970956
1112,1299000000.0,560000000.0,1183626654.872337
1122,1790000000.0,560000000.0,1437108173.8143957
1123,1790000000.0,560000000.0,1437108173.8143957
1134,145000000.0,560000000.0,154887084.73501164
1140,228000000.0,560000000.0,161636725.3596837
1142,220000000.0,560000000.0,213919439.03323504
1145,155000000.0,560000000.0,196451309.47383532
1146,109000000.0,560000000.0,122871054.84408394
1150,345000000.0,560000000.0,265385083.61689296
1151,295000000.0,560000000.0,284065191.9717996
1154,360000000.0,560000000.0,388324339.84981996
1155,185000000.0,560000000.0,227382915.5321143
1177,1836000000.0,560000000.0,1159115896.3614328
1178,1836000000.0,560000000.0,1159115896.3614328
1179,1650000000.0,560000000.0,1159115896.3614328
1184,515000000.0,560000000.0,629062932.9463207
1188,809000000.0,560000000.0,701382061.8147069
1193,825000000.0,560000000.0,934385716.7094667
1198,1015000000.0,560000000.0,1029588022.8166862
1200,970000000.0,560000000.0,1029588637.1510853
1201,955000000.0,560000000.0,1029588637.1510853
1210,1220000000.0,560000000.0,1257664777.4084666
1231,499000000.0,560000000.0,511510258.95882905
1236,539000000.0,560000000.0,572228159.6899971
1239,600000000.0,560000000.0,687883081.0365784
1240,645000000.0,560000000.0,687882614.6210195
1245,605000000.0,560000000.0,637276021.8260666
1248,770000000.0,560000000.0,785561143.2799828
1249,799000000.0,560000000.0,865600260.5268552
1251,330000000.0,560000000.0,314929393.6620536
1257,425000000.0,560000000.0,420631956.66883886
1268,480000000.0,560000000.0,515829811.23129296
1270,600000000.0,560000000.0,524609944.24779797
1278,539000000.0,560000000.0,563083962.631857
1285,579000000.0,560000000.0,610070882.3080767
1303,645000000.0,560000000.0,704757594.8086913
1315,365000000.0,560000000.0,326322684.9896276
1317,365000000.0,560000000.0,326322684.9896276
1319,389000000.0,560000000.0,364098200.5289146
1321,350000000.0,560000000.0,369628674.06469274
1331,440000000.0,560000000.0,449599477.7655418
1334,455000000.0,560000000.0,442073965.9005238
1337,445000000.0,560000000.0,442072994.72434074
1338,455000000.0,560000000.0,442073965.9005238
1347,498000000.0,560000000.0,545884166.1675692
1365,385000000.0,560000000.0,356126201.90788746
1376,440000000.0,560000000.0,373770743.57905847
1380,670000000.0,560000000.0,562684501.9325908
1397,779000000.0,560000000.0,730734523.99661
1402,740000000.0,560000000.0,743173054.1425688
1417,615000000.0,560000000.0,520393506.5791198
1419,655000000.0,560000000.0,642594706.7708718
1430,285000000.0,560000000.0,311627865.17895466
1432,480000000.0,560000000.0,473224284.5719495
1434,555000000.0,560000000.0,530315734.5248816
1440,320000000.0,560000000.0,403978239.8110935
1441,290000000.0,560000000.0,445137642.1330888
1448,355000000.0,560000000.0,398008458.80061084
1450,460000000.0,560000000.0,519166471.74704957
1455,330000000.0,560000000.0,186556522.376102
1459,45000000.0,560000000.0,36330660.260653354
1464,285000000.0,560000000.0,309080419.24769175
1466,328000000.0,560000000.0,340572089.9058107
1474,335000000.0,560000000.0,362824728.9550561
1479,290000000.0,560000000.0,322610055.58758605
1480,330000000.0,560000000.0,300509270.75308836
1485,363000000.0,560000000.0,375496112.6546012
1489,370000000.0,560000000.0,375496112.6546012
1497,430000000.0,560000000.0,396368377.7459714
1499,405000000.0,560000000.0,384055022.78556603
1500,415000000.0,560000000.0,384055022.78556603
1503,435000000.0,560000000.0,436754307.5280434
1509,500000000.0,560000000.0,530288031.8608607
1516,175000000.0,560000000.0,164999771.84422666
1520,270000000.0,560000000.0,265135414.92175418
1521,269000000.0,560000000.0,265135414.92175418
1522,268000000.0,560000000.0,265135414.92175418
1524,333000000.0,560000000.0,360753706.82056797
1528,165000000.0,560000000.0,137879640.08505067
1529,188000000.0,560000000.0,152264812.11988088
1538,550000000.0,560000000.0,529985025.1718079
1541,510000000.0,560000000.0,529985327.029021
1542,480000000.0,560000000.0,503631292.56025445
1560,515000000.0,560000000.0,453847508.29800165
1568,240000000.0,560000000.0,208611380.2642771
1570,235000000.0,560000000.0,231771953.56933832
1576,290000000.0,560000000.0,289065573.88706654
1583,465000000.0,560000000.0,401827415.5773991
1586,480000000.0,560000000.0,455951886.62607175
1589,1115000000.0,560000000.0,1056418649.356926
1590,1110000000.0,560000000.0,1056418534.7490237
1591,1120000000.0,560000000.0,1056418649.356926
1592,1110000000.0,560000000.0,1056418534.7490237
1615,715000000.0,560000000.0,615951675.3812588
1620,610000000.0,560000000.0,648525171.8787948
1622,635000000.0,560000000.0,627240858.5914154
1624,690000000.0,560000000.0,673837152.8439369
1630,690000000.0,560000000.0,714600131.3024911
1634,729000000.0,560000000.0,645456476.5941873
1637,695000000.0,560000000.0,627503846.6940264
1638,750000000.0,560000000.0,654325239.8750477
1639,739000000.0,560000000.0,645456459.0882437
1645,735000000.0,560000000.0,653398204.3993949
1648,850000000.0,560000000.0,720991921.1613598
1649,788000000.0,560000000.0,711221231.9055916
1653,789000000.0,560000000.0,721274548.8339628
1655,825000000.0,560000000.0,794453061.0671208
1656,810000000.0,560000000.0,794453061.0671208
1658,800000000.0,560000000.0,783686165.9760883
1661,850000000.0,560000000.0,890299723.9810078
1665,955000000.0,560000000.0,964591565.8464975
1670,948000000.0,560000000.0,975096191.5113074
1672,1005000000.0,560000000.0,1062871790.1325891
1673,1020000000.0,560000000.0,1062871876.6135883
1683,650000000.0,560000000.0,706602762.077858
1686,445000000.0,560000000.0,437050763.1055754
1693,510000000.0,560000000.0,592749097.0510337
1697,755000000.0,560000000.0,778610616.332682
1708,396000000.0,560000000.0,413081703.5585402
1710,405000000.0,560000000.0,402138453.4659393
1717,415000000.0,560000000.0,455170181.88728046
1719,410000000.0,560000000.0,455170181.88728046
1724,410000000.0,560000000.0,493152029.87125385
1726,425000000.0,560000000.0,493151882.7443857
1744,430000000.0,560000000.0,405391352.3712717
1746,395000000.0,560000000.0,410961215.3224704
1749,390000000.0,560000000.0,410961215.3224704
1755,418000000.0,560000000.0,460541278.4082477
1768,230000000.0,560000000.0,212741793.44217902
1773,260000000.0,560000000.0,274661172.94333744
1784,479000000.0,560000000.0,524818917.70924425
1785,476000000.0,560000000.0,517705783.2514651
1788,446000000.0,560000000.0,482196141.5970968
1790,435000000.0,560000000.0,482196089.2980648
1792,225000000.0,560000000.0,199258577.03462473
1793,255000000.0,560000000.0,262118755.67430273
1796,425000000.0,560000000.0,431327804.2747054
1802,555000000.0,560000000.0,566566657.4045341
1810,530000000.0,560000000.0,538868868.3663528
1811,545000000.0,560000000.0,538868415.2986054
1814,510000000.0,560000000.0,531565151.79054856
1825,499000000.0,560000000.0,513430887.57238007
1842,835000000.0,560000000.0,808898465.6040318
1844,780000000.0,560000000.0,808898312.0325583
1853,770000000.0,560000000.0,690934879.1833339
1854,695000000.0,560000000.0,615107670.2980015
1855,780000000.0,560000000.0,734625610.298874
1856,310000000.0,560000000.0,297356757.2869986
1858,385000000.0,560000000.0,397823504.0056076
1859,488000000.0,560000000.0,482083655.4894799
1862,245000000.0,560000000.0,233852319.5694244
1866,345000000.0,560000000.0,310578299.92314696
1872,509000000.0,560000000.0,555950848.9593558
1873,510000000.0,560000000.0,548415502.6533545
1874,515000000.0,560000000.0,548415502.6533545
1879,168000000.0,560000000.0,89755703.30131309
1885,120000000.0,560000000.0,141194551.21505186
1886,125000000.0,560000000.0,133381295.48116478
1887,360000000.0,560000000.0,385196531.5170626
1904,360000000.0,560000000.0,333726727.10683805
1906,355000000.0,560000000.0,343449458.4126922
1907,356000000.0,560000000.0,338312001.85889
1910,355000000.0,560000000.0,372782594.2157057
1914,255000000.0,560000000.0,221149571.97307822
1916,135000000.0,560000000.0,133208041.76074594
1919,226000000.0,560000000.0,215166358.4296027
1921,248000000.0,560000000.0,243872282.41749322
1922,225000000.0,560000000.0,243507216.99088925
1923,239000000.0,560000000.0,237089268.0731674
1927,235000000.0,560000000.0,283621678.08549774
1930,265000000.0,560000000.0,239057169.98280093
1932,298000000.0,560000000.0,245896351.7076089
1933,295000000.0,560000000.0,249274891.72701743
1936,280000000.0,560000000.0,303672155.75893736
1937,275000000.0,560000000.0,307844701.1849616
1938,270000000.0,560000000.0,266401254.206013
1949,310000000.0,560000000.0,328976545.1378822
1968,170000000.0,560000000.0,159881514.44418976
1970,199000000.0,560000000.0,177937068.69894052
1971,186000000.0,560000000.0,175525308.67616042
1977,210000000.0,560000000.0,169567326.6382407
1978,245000000.0,560000000.0,229976165.8233976
1980,485000000.0,560000000.0,411136048.56597555
1981,430000000.0,560000000.0,404255235.57833076
1987,388000000.0,560000000.0,378779359.80430657
1988,388000000.0,560000000.0,378779359.80430657
1990,395000000.0,560000000.0,417372467.32123315
1991,395000000.0,560000000.0,417372467.32123315
1993,429000000.0,560000000.0,411129463.37741363
1994,435000000.0,560000000.0,418127452.4401683
1996,435000000.0,560000000.0,418127452.4401683
2003,485000000.0,560000000.0,492967847.4856687
2013,399000000.0,560000000.0,393726988.5411401
2015,398000000.0,560000000.0,393137000.5081304
2059,765000000.0,560000000.0,642435876.0629976
2063,599000000.0,560000000.0,608824374.1892167
2071,1115000000.0,560000000.0,1245181035.458384
2079,1099000000.0,560000000.0,1173647212.6845095
2080,1118000000.0,560000000.0,1173647308.1787925
2081,1100000000.0,560000000.0,1173647276.3473654
2082,1100000000.0,560000000.0,1173647276.3473654
2083,1097000000.0,560000000.0,1173647276.3473654
2084,1099000000.0,560000000.0,1173647276.3473654
2085,1090000000.0,560000000.0,1173647276.3473654
2086,1088000000.0,560000000.0,1173647276.3473654
2087,1099000000.0,560000000.0,1173647276.3473654
2096,935000000.0,560000000.0,922069161.3977213
2115,1029000000.0,560000000.0,1014182999.6496552
2133,1035000000.0,560000000.0,1016016342.9544636
2134,1030000000.0,560000000.0,1016016342.9544636
2137,1180000000.0,560000000.0,1100798927.4068544
2140,1280000000.0,560000000.0,1212958121.4913795
2142,1160000000.0,560000000.0,1193123999.964618
2144,1245000000.0,560000000.0,1212958121.4913795
2146,1160000000.0,560000000.0,1212957726.7201235
2167,945000000.0,560000000.0,978334653.1440367
2171,968000000.0,560000000.0,978333910.1867543
2173,968000000.0,560000000.0,978333910.1867543
2177,955000000.0,560000000.0,946229062.171667
2178,955000000.0,560000000.0,946229062.171667
2182,1070000000.0,560000000.0,1059971410.7526298
2183,1036000000.0,560000000.0,1059971410.7526298
2184,850000000.0,560000000.0,1059971410.7526298
2195,920000000.0,560000000.0,994970348.4308873
2199,830000000.0,560000000.0,1030167690.3560797
2202,310000000.0,560000000.0,377455222.7310021
2203,235000000.0,560000000.0,264767844.02472654
2211,250000000.0,560000000.0,204940863.72094885
2217,819000000.0,560000000.0,713255074.7131072
2219,750000000.0,560000000.0,701592408.0679678
2220,725000000.0,560000000.0,725396168.8315171
2232,795000000.0,560000000.0,785928831.715172
2233,798000000.0,560000000.0,785928831.715172
2234,795000000.0,560000000.0,785928831.715172
2237,759000000.0,560000000.0,785929279.3472285
2241,715000000.0,560000000.0,737944993.0713449
2243,695000000.0,560000000.0,725593729.1311207
2246,688000000.0,560000000.0,737945693.5756091
2247,775000000.0,560000000.0,813132141.1610432
2248,775000000.0,560000000.0,813132141.1610432
2252,739000000.0,560000000.0,811663702.0339571
2262,330000000.0,560000000.0,234171724.7466252
2268,455000000.0,560000000.0,467924017.480627
2272,230000000.0,560000000.0,210809568.75276712
2278,258000000.0,560000000.0,184838916.86168787
2283,445000000.0,560000000.0,485014681.49298865
2292,589000000.0,560000000.0,496636956.835515
2295,685000000.0,560000000.0,564199738.3234774
2315,910000000.0,560000000.0,875568027.5987884
2318,935000000.0,560000000.0,948630333.4285161
2329,898000000.0,560000000.0,948630492.9456261
2332,935000000.0,560000000.0,1045284703.5808933
2333,926000000.0,560000000.0,1045284703.5808933
2334,935000000.0,560000000.0,1045284703.5808933
2335,930000000.0,560000000.0,1045284703.5808933
2346,255000000.0,560000000.0,265630324.09765065
2348,310000000.0,560000000.0,297678762.04279697
2349,250000000.0,560000000.0,292695804.8284967
2350,495000000.0,560000000.0,462360961.43005025
2354,550000000.0,560000000.0,526757078.5446137
2355,530000000.0,560000000.0,526757321.41689044
2361,799000000.0,560000000.0,690339825.5241553
2363,739000000.0,560000000.0,702090282.8845428
2366,710000000.0,560000000.0,702090701.8076488
2372,830000000.0,560000000.0,838180735.2908169
2383,648000000.0,560000000.0,591249218.559319
2385,622000000.0,560000000.0,583235533.793213
2386,645000000.0,560000000.0,591249218.559319
2390,640000000.0,560000000.0,591249218.559319
2396,760000000.0,560000000.0,717869092.5907584
2397,715000000.0,560000000.0,708140012.4470681
2399,810000000.0,560000000.0,976761435.1279655
2400,785000000.0,560000000.0,976761673.551766
2403,655000000.0,560000000.0,657370007.8341986
2404,470000000.0,560000000.0,415119502.4897957
2409,529000000.0,560000000.0,483910326.0617007
2410,520000000.0,560000000.0,469362772.1288562
2411,519000000.0,560000000.0,469362772.1288562
2414,530000000.0,560000000.0,483910326.0617007
2415,525000000.0,560000000.0,483910247.31458753
2419,590000000.0,560000000.0,587543832.7620294
2425,570000000.0,560000000.0,569879961.9589076
2432,750000000.0,560000000.0,440808396.220975
2433,750000000.0,560000000.0,440807798.4454758
2434,290000000.0,560000000.0,183263201.50807694
2452,590000000.0,560000000.0,1042677006.6119312
2453,455000000.0,560000000.0,363915754.4153431
2457,410000000.0,560000000.0,462866530.78966326
2468,2679000000.0,560000000.0,2290505792.9417343
2469,2669000000.0,560000000.0,2290505855.002253
2473,510000000.0,560000000.0,544447830.3155586
2488,195000000.0,560000000.0,217936065.51985386
2495,965000000.0,560000000.0,966101916.6556268
2501,850000000.0,560000000.0,866321601.060164
2502,950000000.0,560000000.0,845065246.3104147
2525,950000000.0,560000000.0,908903318.0620054
2527,935000000.0,560000000.0,895308884.185724
2545,1045000000.0,560000000.0,986914911.709778
2557,1000000000.0,560000000.0,1001508604.9918094
2559,1190000000.0,560000000.0,1105548030.799786
2563,1099000000.0,560000000.0,1087046149.3130107
2564,1099000000.0,560000000.0,1087046149.3130107
2565,1150000000.0,560000000.0,1087046149.3130107
2566,1099000000.0,560000000.0,1087045146.9033573
2571,1199000000.0,560000000.0,1218191271.011972
2573,1350000000.0,560000000.0,1218191271.011972
2574,1180000000.0,560000000.0,1215991399.6732938
2583,1388000000.0,560000000.0,1210845266.4921327
2584,1150000000.0,560000000.0,1218191271.011972
2610,1189000000.0,560000000.0,1127820497.9774306
2611,1189000000.0,560000000.0,1127820497.9774306
2618,215000000.0,560000000.0,223884063.8961465
2622,360000000.0,560000000.0,374757921.75374085
2623,360000000.0,560000000.0,374757921.75374085
2629,360000000.0,560000000.0,369152060.3884215
2631,368000000.0,560000000.0,369152360.75061774
2632,375000000.0,560000000.0,369152060.3884215
2634,399000000.0,560000000.0,335424408.798957
2643,410000000.0,560000000.0,387391217.6846759
2644,418000000.0,560000000.0,387391217.6846759
2656,370000000.0,560000000.0,391764487.5851416
2667,229000000.0,560000000.0,180065335.15322888
2675,230000000.0,560000000.0,315265735.92324466
2676,175000000.0,560000000.0,310549879.78653413
2683,310000000.0,560000000.0,306074617.7198579
2703,550000000.0,560000000.0,533161334.9049312
2706,525000000.0,560000000.0,512142664.5384886
2707,515000000.0,560000000.0,512142942.34320384
2718,485000000.0,560000000.0,527063805.4730331
2726,668000000.0,560000000.0,692124990.5423818
2727,810000000.0,560000000.0,840019580.0238196
2731,660000000.0,560000000.0,613528951.6330208
2735,218000000.0,560000000.0,170763638.31655335
2738,210000000.0,560000000.0,188162808.08196434
2743,268000000.0,560000000.0,272762424.5686135
2744,260000000.0,560000000.0,268662425.9162577
2747,239000000.0,560000000.0,269066138.05652916
2749,336000000.0,560000000.0,373707055.85409707
2750,335000000.0,560000000.0,368642071.4441739
2751,279000000.0,560000000.0,256500065.7949943
2756,275000000.0,560000000.0,352981399.10741013
2759,92000000.0,560000000.0,86736210.3940144
2760,79000000.0,560000000.0,95573636.62680902
2781,225000000.0,560000000.0,260818486.51628166
2786,195000000.0,560000000.0,199004783.2575949
2787,115000000.0,560000000.0,100561271.17154536
2794,152000000.0,560000000.0,142620574.94505772
2799,175000000.0,560000000.0,136774174.16759443
2803,88000000.0,560000000.0,143409444.8236288
2806,76000000.0,560000000.0,101805973.2469595
2809,85000000.0,560000000.0,106157643.9001957
2821,165000000.0,560000000.0,156495489.54652998
2824,138000000.0,560000000.0,154374194.87399277
2828,165000000.0,560000000.0,172440446.8089128
2833,165000000.0,560000000.0,185756583.57840982
2834,165000000.0,560000000.0,187434693.07082367
2838,325000000.0,560000000.0,336602097.2756902
2840,375000000.0,560000000.0,379137612.49003655
2861,400000000.0,560000000.0,507846668.69092786
2866,585000000.0,560000000.0,598791751.1812077
2869,590000000.0,560000000.0,580281101.5295205
2875,620000000.0,560000000.0,601039641.6003611
2876,550000000.0,560000000.0,590955659.8477914
2877,588000000.0,560000000.0,580281101.5295205
2882,650000000.0,560000000.0,651166035.0465621
2884,650000000.0,560000000.0,661054354.6782368
2885,666000000.0,560000000.0,643066507.2004142
2899,675000000.0,560000000.0,730737467.1374611
2904,660000000.0,560000000.0,804876650.1769395
2907,640000000.0,560000000.0,531215648.4996929
2913,630000000.0,560000000.0,633527549.7246175
2921,445000000.0,560000000.0,443555717.03612566
2922,525000000.0,560000000.0,545945344.1801149
2926,510000000.0,560000000.0,471029008.20182055
2928,465000000.0,560000000.0,470323774.21341604
2929,500000000.0,560000000.0,477501228.833624
2934,598000000.0,560000000.0,559468992.8209149
2943,525000000.0,560000000.0,485023343.01589066
2944,545000000.0,560000000.0,492424470.5571173
2959,320000000.0,560000000.0,313438270.2055001
2961,298000000.0,560000000.0,387041918.4678734
2962,335000000.0,560000000.0,375405809.17346305
2966,199000000.0,560000000.0,285965759.5730609
2968,250000000.0,560000000.0,245520728.76698378
2975,450000000.0,560000000.0,432163249.2238031
2983,520000000.0,560000000.0,593632056.4996617
2989,469000000.0,560000000.0,470794096.8893204
2992,477000000.0,560000000.0,463751685.7388093
3002,488000000.0,560000000.0,504076734.51826215
3004,550000000.0,560000000.0,553860335.1961458
3007,536000000.0,560000000.0,563067597.8870453
3008,535000000.0,560000000.0,563067597.8870453
3014,535000000.0,560000000.0,569429061.2858329
3018,460000000.0,560000000.0,487593734.84660304
3028,468000000.0,560000000.0,449722301.099701
3029,450000000.0,560000000.0,450536133.7600659
3031,550000000.0,560000000.0,488131927.318629
3033,460000000.0,560000000.0,488131927.318629
3034,315000000.0,560000000.0,304204508.8669644
3041,415000000.0,560000000.0,398350715.05413306
3055,1080000000.0,560000000.0,992235488.7829767
3061,1059000000.0,560000000.0,1103393724.916123
3062,1039000000.0,560000000.0,1103393724.916123
3067,805000000.0,560000000.0,908697181.6453923
3068,770000000.0,560000000.0,792786599.5664332
3070,830000000.0,560000000.0,859276748.4310366
3088,765000000.0,560000000.0,854199955.7495749
3089,759000000.0,560000000.0,854199955.7495749
3091,750000000.0,560000000.0,941601417.4077752
3093,386000000.0,560000000.0,328547718.0332402
3098,865000000.0,560000000.0,895387947.8983928
3100,800000000.0,560000000.0,895397516.0561694
3104,765000000.0,560000000.0,658988538.7973313
3121,899000000.0,560000000.0,950350668.504976
3122,880000000.0,560000000.0,903436118.2003683
3125,899000000.0,560000000.0,903435897.6750529
3144,570000000.0,560000000.0,1295416690.3808062
3173,5200000000.0,560000000.0,4324511764.363043
3181,5680000000.0,560000000.0,4296246797.293102
3214,1950000000.0,560000000.0,1760731874.9736722
3215,2186000000.0,560000000.0,1721494394.832262
3234,8950000000.0,560000000.0,5683017450.922742
3239,2300000000.0,560000000.0,3144266062.323683
3252,1799000000.0,560000000.0,1797099446.0887086
3263,1990000000.0,560000000.0,1785786636.3841908
3265,1990000000.0,560000000.0,1800768892.9078524
3266,799000000.0,560000000.0,2143497482.1570544
3275,1620000000.0,560000000.0,1854212792.0079648
3276,1620000000.0,560000000.0,1854212792.0079648
3277,1539000000.0,560000000.0,1954521980.9669178
3278,1539000000.0,560000000.0,1954521980.9669178
3281,448000000.0,560000000.0,2132047266.1159086
3284,1280000000.0,560000000.0,1148811824.1983209
3286,1450000000.0,560000000.0,1520396425.0064166
3293,2080000000.0,560000000.0,1798823303.858082
3294,2090000000.0,560000000.0,1955240061.396848
3295,2090000000.0,560000000.0,1955240061.396848
3298,2990000000.0,560000000.0,2622507246.2531657
3299,1790000000.0,560000000.0,2459987679.4074697
3304,960000000.0,560000000.0,1010028536.5749317
3312,1430000000.0,560000000.0,1337878838.1274598
3320,1699000000.0,560000000.0,1514308706.2340548
3321,1699000000.0,560000000.0,1514308706.2340548
3324,2050000000.0,560000000.0,1640668766.3733916
3330,2080000000.0,560000000.0,1838608882.9574487
3345,2260000000.0,560000000.0,2131285242.946331
3356,1050000000.0,560000000.0,1384729403.1491272
3357,1079000000.0,560000000.0,1384733384.1286616
3364,3500000000.0,560000000.0,3653786613.749093
3365,3500000000.0,560000000.0,3653786613.749093
3366,3500000000.0,560000000.0,3653786613.749093
3367,3499000000.0,560000000.0,3653781757.886655
3386,5950000000.0,560000000.0,4459304334.931931
3391,550000000.0,560000000.0,579036217.9200678
3392,950000000.0,560000000.0,1288070873.1130347
3393,1070000000.0,560000000.0,1288070873.1130347
3400,4550000000.0,560000000.0,3493034467.911498
3404,5000000000.0,560000000.0,3737736189.3554516
3414,1790000000.0,560000000.0,1761905007.5794802
3416,3799000000.0,560000000.0,2354063858.5894003
3417,3799000000.0,560000000.0,2354064050.128763
3428,1700000000.0,560000000.0,1732834164.7069612
3431,1460000000.0,560000000.0,2068721576.8513596
3432,1460000000.0,560000000.0,2068716527.1863956
3434,2179000000.0,560000000.0,2554502070.08626
3435,2079000000.0,560000000.0,2511749470.138065
3445,2350000000.0,560000000.0,2767664211.7546144
3463,3999000000.0,560000000.0,3765800938.404108
3464,5699000000.0,560000000.0,4451146345.274388
3476,4450000000.0,560000000.0,4485297544.927109
3477,4650000000.0,560000000.0,4561646943.61548
3478,4350000000.0,560000000.0,4561646943.61548
3483,4499000000.0,560000000.0,5026414236.68057
3493,6000000000.0,560000000.0,5538550514.756544
3500,5990000000.0,560000000.0,6102874297.084579
3504,7199000000.0,560000000.0,6724674684.8379965
3508,5989000000.0,560000000.0,6267307714.2008295
3509,7900000000.0,560000000.0,7093786081.218613
3516,7900000000.0,560000000.0,6262864413.302529
3521,7850000000.0,560000000.0,6262868150.227355
3524,7750000000.0,560000000.0,6262867640.646584
3529,7599000000.0,560000000.0,6158044328.762962
3532,8200000000.0,560000000.0,6900977235.372875
3534,7999000000.0,560000000.0,6900980791.545614
3538,7950000000.0,560000000.0,6888513046.942931
3564,1920000000.0,560000000.0,1905532631.1177726
3566,2250000000.0,560000000.0,2471041072.258863
3567,2290000000.0,560000000.0,2471041072.258863
3571,1540000000.0,560000000.0,1349631143.7297623
3572,1650000000.0,560000000.0,1327043909.3065434
3604,2399000000.0,560000000.0,2478077510.600945
3619,2299000000.0,560000000.0,2478081408.7798123
3648,1999000000.0,560000000.0,1884614482.9257011
3673,2280000000.0,560000000.0,2327177803.454717
3675,2389000000.0,560000000.0,2327177803.454717
3684,2588000000.0,560000000.0,2564289864.5359974
3690,699000000.0,560000000.0,715434698.8824872
3693,698000000.0,560000000.0,769921431.6753157
3699,1108000000.0,560000000.0,1183976700.467567
3700,1290000000.0,560000000.0,1183976700.467567
3702,1289000000.0,560000000.0,1291164497.6302738
3705,1799000000.0,560000000.0,1737559288.65407
3711,3750000000.0,560000000.0,2631470837.412753
3712,3750000000.0,560000000.0,2631470837.412753
3715,3479000000.0,560000000.0,3082867328.4063168
3716,3616000000.0,560000000.0,3082867328.4063168
3717,3616000000.0,560000000.0,3082867328.4063168
3722,3399000000.0,560000000.0,3082865942.3552985
3724,2790000000.0,560000000.0,2549084097.4941635
3728,2860000000.0,560000000.0,2808804658.615585
3729,3059000000.0,560000000.0,2808804658.615585
3731,3290000000.0,560000000.0,3147672448.6152225
3734,2990000000.0,560000000.0,3046075696.0055904
3735,3499000000.0,560000000.0,3410332646.031824
3753,3539000000.0,560000000.0,3905680346.479826
3754,3580000000.0,560000000.0,4134463483.02957
3755,3580000000.0,560000000.0,4134463483.02957
3756,2599000000.0,560000000.0,2453098296.6955247
3763,3290000000.0,560000000.0,3331750998.633505
3765,3190000000.0,560000000.0,3337780971.934312
3767,2990000000.0,560000000.0,2871041695.181711
3768,2890000000.0,560000000.0,2871041695.181711
3769,2979000000.0,560000000.0,2871041695.181711
3773,4450000000.0,560000000.0,3894617545.6375847
3775,4499000000.0,560000000.0,3894617440.0085483
3776,4490000000.0,560000000.0,3894617545.6375847
3782,615000000.0,560000000.0,922271212.4857132
3784,2550000000.0,560000000.0,1392313396.6852977
3785,170000000.0,560000000.0,120941884.60155761
3792,290000000.0,560000000.0,199722087.7171491
3796,350000000.0,560000000.0,333514531.7072479
3797,420000000.0,560000000.0,367495482.8065661
3802,385000000.0,560000000.0,452328283.49240774
3805,440000000.0,560000000.0,541754376.7283145
3810,245000000.0,560000000.0,228883462.22204608
3812,320000000.0,560000000.0,295296898.2723983
3815,295000000.0,560000000.0,295312115.6700653
3816,295000000.0,560000000.0,267479504.54095054
3818,320000000.0,560000000.0,263478523.1750904
3819,320000000.0,560000000.0,290468496.7211765
3823,345000000.0,560000000.0,325385151.62014365
3826,335000000.0,560000000.0,325385063.3698386
3853,470000000.0,560000000.0,458857242.2646634
3856,515000000.0,560000000.0,520339504.034027
3865,418000000.0,560000000.0,363208148.83693784
3870,468000000.0,560000000.0,406868254.87588847
3886,515000000.0,560000000.0,502411477.6588181
3891,545000000.0,560000000.0,544335275.3207471
3892,520000000.0,560000000.0,544335836.3284739
3894,525000000.0,560000000.0,544335819.9116076
3902,575000000.0,560000000.0,591667892.3580209
3907,550000000.0,560000000.0,608904635.0761453
3913,548000000.0,560000000.0,670945028.7340249
3916,560000000.0,560000000.0,660908914.5366795
3919,579000000.0,560000000.0,668106228.0496962
3920,599000000.0,560000000.0,718377778.8188114
3925,545000000.0,560000000.0,529171511.4911316
3927,440000000.0,560000000.0,357784939.5540252
3932,589000000.0,560000000.0,649192790.4955554
3940,295000000.0,560000000.0,300893051.89579034
3941,320000000.0,560000000.0,296814471.9335128
3943,415000000.0,560000000.0,393835389.54397935
3948,270000000.0,560000000.0,255038001.30092782
3958,359000000.0,560000000.0,331112604.00399166
3965,97000000.0,560000000.0,83832431.84503986
3967,339000000.0,560000000.0,352469417.4806851
3972,520000000.0,560000000.0,489409460.53918374
3975,450000000.0,560000000.0,416385675.6053694
3977,590000000.0,560000000.0,603553528.395536
3981,58000000.0,560000000.0,68411003.6882784
3984,350000000.0,560000000.0,286839991.570639
3990,330000000.0,560000000.0,393484534.9834816
3993,318000000.0,560000000.0,333633563.5224639
3994,315000000.0,560000000.0,341539944.22097975
3998,280000000.0,560000000.0,335214165.08518624
4002,615000000.0,560000000.0,742806455.6282444
4003,685000000.0,560000000.0,901884253.7703512
4006,498000000.0,560000000.0,719485825.2924919
4012,445000000.0,560000000.0,498980862.57019436
4013,450000000.0,560000000.0,498980862.57019436
4019,555000000.0,560000000.0,556535634.1428035
4022,379000000.0,560000000.0,339930648.35281545
4024,355000000.0,560000000.0,336558693.5918685
4025,360000000.0,560000000.0,339930648.35281545
4026,420000000.0,560000000.0,374565788.6371623
4027,400000000.0,560000000.0,380253861.67947406
4031,520000000.0,560000000.0,448618067.73544234
4032,500000000.0,560000000.0,461688406.02437633
4036,529000000.0,560000000.0,509648963.2277809
4045,550000000.0,560000000.0,552176843.6679806
4048,389000000.0,560000000.0,437017582.1363802
4053,560000000.0,560000000.0,518718902.7655616
4055,575000000.0,560000000.0,527098748.2557366
4057,565000000.0,560000000.0,504358390.3643087
4081,535000000.0,560000000.0,514219388.1825943
4082,505000000.0,560000000.0,522026779.9636483
4084,556000000.0,560000000.0,522027912.5020116
4086,495000000.0,560000000.0,507248926.46342087
4089,526000000.0,560000000.0,522027841.7103277
4093,580000000.0,560000000.0,566612160.7144406
4095,575000000.0,560000000.0,566612160.7144406
4103,555000000.0,560000000.0,577248866.0553304
4118,580000000.0,560000000.0,571981597.1185082
4121,615000000.0,560000000.0,513153184.03585684
4124,580000000.0,560000000.0,565437767.9205818
4133,580000000.0,560000000.0,546029328.4082997
4140,655000000.0,560000000.0,609929850.516838
4148,699000000.0,560000000.0,740550645.0852695
4149,745000000.0,560000000.0,802661410.512164
4156,630000000.0,560000000.0,582536976.5910157
4159,658000000.0,560000000.0,623719782.5565563
4163,648000000.0,560000000.0,639174533.6863203
4169,725000000.0,560000000.0,696711309.0172889
4178,750000000.0,560000000.0,767698147.05157
4179,775000000.0,560000000.0,767697830.5670078
4182,760000000.0,560000000.0,834453100.8224633
4186,775000000.0,560000000.0,846249643.9559376
4188,766000000.0,560000000.0,665505557.937372
4189,755000000.0,560000000.0,665505485.7385367
4194,768000000.0,560000000.0,728994285.9321641
4196,810000000.0,560000000.0,803270103.3444954
4197,825000000.0,560000000.0,815468805.2912045
4199,698000000.0,560000000.0,1027254310.3208817
4200,720000000.0,560000000.0,1041368439.3742247
4201,689000000.0,560000000.0,1027254310.3208817
4203,785000000.0,560000000.0,1296190102.5902603
4208,880000000.0,560000000.0,920155551.2950131
4209,930000000.0,560000000.0,1027839022.2789824
4217,696000000.0,560000000.0,641797182.4793686
4219,799000000.0,560000000.0,792197745.3884137
4230,625000000.0,560000000.0,560133681.9780152
4238,905000000.0,560000000.0,909870439.4792877
4242,805000000.0,560000000.0,1113782878.8066988
4243,1055000000.0,560000000.0,1253351433.8423972
4248,6900000000.0,560000000.0,3169946591.1655617
4250,330000000.0,560000000.0,349678099.919729
4252,350000000.0,560000000.0,397482698.25673723
4257,740000000.0,560000000.0,732732024.0324655
4259,629000000.0,560000000.0,722801706.7500255
4260,690000000.0,560000000.0,732732024.0324655
4271,479000000.0,560000000.0,494919221.23620063
4273,495000000.0,560000000.0,494919844.06848705
4276,475000000.0,560000000.0,494919221.23620063
4283,555000000.0,560000000.0,554628777.1336147
4285,529000000.0,560000000.0,545345524.0401198
4286,478000000.0,560000000.0,545345524.0401198
4298,685000000.0,560000000.0,673407533.0124004
4304,650000000.0,560000000.0,662135936.1126168
4306,570000000.0,560000000.0,670653960.2681746
4310,595000000.0,560000000.0,673407533.0124004
4311,595000000.0,560000000.0,673407533.0124004
4312,620000000.0,560000000.0,673407350.3721691
4321,1198000000.0,560000000.0,1032235896.399627
4327,1299000000.0,560000000.0,1156769806.4437492
4340,445000000.0,560000000.0,534821935.3824931
4346,799000000.0,560000000.0,734101693.8706527
4347,799000000.0,560000000.0,734101693.8706527
4353,1030000000.0,560000000.0,999011950.5638405
4357,1395000000.0,560000000.0,1197801683.932398
4358,1350000000.0,560000000.0,1197801683.932398
4366,585000000.0,560000000.0,561936786.2788576
4367,735000000.0,560000000.0,696711290.121222
4368,775000000.0,560000000.0,740064189.9782307
4369,775000000.0,560000000.0,740064189.9782307
4370,775000000.0,560000000.0,740064189.9782307
4372,810000000.0,560000000.0,792383392.1484345
4373,799000000.0,560000000.0,792383392.1484345
4374,380000000.0,560000000.0,396095490.6940366
4375,380000000.0,560000000.0,396095490.6940366
4376,379000000.0,560000000.0,396095490.6940366
4378,40000000.0,560000000.0,25471610.591788612
4384,260000000.0,560000000.0,145629636.3599613
4388,635000000.0,560000000.0,557369712.7416139
4398,239000000.0,560000000.0,279373433.75107694
4417,689000000.0,560000000.0,731445695.6458148
4420,720000000.0,560000000.0,779460297.2151005
4421,315000000.0,560000000.0,326641374.42730075
4429,240000000.0,560000000.0,228780182.103882
4434,160000000.0,560000000.0,119261160.37679692
4449,710000000.0,560000000.0,654918301.809074
4462,450000000.0,560000000.0,579450260.2884103
4464,580000000.0,560000000.0,655941946.1881412
4490,579000000.0,560000000.0,521999755.8218801
4501,445000000.0,560000000.0,430636782.65616393
4503,575000000.0,560000000.0,512660381.1709872
4504,400000000.0,560000000.0,452862018.0834175
4506,555000000.0,560000000.0,540321951.7481538
4508,1399000000.0,560000000.0,1630984216.070362
4509,225000000.0,560000000.0,231964802.63562283
4512,170000000.0,560000000.0,110384383.53891158
4514,300000000.0,560000000.0,250705798.2851424
4520,350000000.0,560000000.0,296436470.2444807
4522,379000000.0,560000000.0,354034107.1780227
4524,479000000.0,560000000.0,529203793.96299314
4525,479000000.0,560000000.0,529203793.96299314
4526,185000000.0,560000000.0,175656582.4547275
4536,425000000.0,560000000.0,440946384.28212625
4537,248000000.0,560000000.0,244908204.48645097
4538,535000000.0,560000000.0,474051340.5274601
4539,540000000.0,560000000.0,631189679.7384655
4544,320000000.0,560000000.0,293311518.50724643
4565,615000000.0,560000000.0,478545753.1766205
4573,615000000.0,560000000.0,552212910.7469285
4574,355000000.0,560000000.0,354034107.1780227
4578,145000000.0,560000000.0,135174891.0658005
4597,460000000.0,560000000.0,507672652.3168923
4599,215000000.0,560000000.0,218731582.00547418
4603,815000000.0,560000000.0,1015886946.0476316
4608,739000000.0,560000000.0,823403116.3151089
4609,385000000.0,560000000.0,498843845.9276549
4612,45000000.0,560000000.0,61574539.04209193
4614,130000000.0,560000000.0,135286705.925585
4627,455000000.0,560000000.0,478318741.85507745
4629,415000000.0,560000000.0,479150215.101492
4630,310000000.0,560000000.0,292895642.6067351
4632,750000000.0,560000000.0,740197282.8954146
4640,295000000.0,560000000.0,323764111.6373297
4647,485000000.0,560000000.0,522355966.356125
4648,430000000.0,560000000.0,436995546.09095174
4649,180000000.0,560000000.0,131489154.44903211
4652,355000000.0,560000000.0,334526666.74813807
4653,345000000.0,560000000.0,363614924.79325116
4657,390000000.0,560000000.0,367066211.17462856
4665,235000000.0,560000000.0,197773331.81823212
4675,215000000.0,560000000.0,221149775.90431994
4684,200000000.0,560000000.0,174723015.0095773
4685,198000000.0,560000000.0,172654721.830419
4687,333000000.0,560000000.0,405557363.87289375
4688,800000000.0,560000000.0,796828479.2666733
4689,365000000.0,560000000.0,385578687.1468577
4690,600000000.0,560000000.0,543280721.39269
4696,225000000.0,560000000.0,183016964.11520326
4698,1453000000.0,560000000.0,1319843136.753319
4700,250000000.0,560000000.0,221973816.74219367
4705,150000000.0,560000000.0,127864832.89379981
4706,135000000.0,560000000.0,123361346.77462265
4719,500000000.0,560000000.0,651980501.9937127
4732,510000000.0,560000000.0,487307283.5002135
4735,616000000.0,560000000.0,674121628.0368677
4738,419000000.0,560000000.0,605841671.9208044
4744,699000000.0,560000000.0,672073930.8223679
4755,1900000000.0,560000000.0,1483039319.2289271
4757,1850000000.0,560000000.0,1312050308.4333756
4761,4950000000.0,560000000.0,3700713923.4806314
4762,3500000000.0,560000000.0,2314137563.511232
4766,390000000.0,560000000.0,421659686.9529131
4773,525000000.0,560000000.0,565412342.21326
4778,429000000.0,560000000.0,437966488.38390267
4780,439000000.0,560000000.0,437966488.38390267
4787,245000000.0,560000000.0,245100147.54012972
4792,260000000.0,560000000.0,275780945.71323526
4795,355000000.0,560000000.0,345397691.40060264
4797,520000000.0,560000000.0,568688817.6386647
4804,485000000.0,560000000.0,525308038.75310045
4810,320000000.0,560000000.0,378203921.56679004
4811,345000000.0,560000000.0,416739472.53541356
4826,420000000.0,560000000.0,397082716.6810612
4833,520000000.0,560000000.0,453620828.0867326
4841,350000000.0,560000000.0,336342559.7850599
4842,169000000.0,560000000.0,199572860.35136953
4843,430000000.0,560000000.0,433582041.5740751
4844,280000000.0,560000000.0,321510073.910898
4848,240000000.0,560000000.0,343237579.0530694
4849,380000000.0,560000000.0,160697874.5006939
4857,390000000.0,560000000.0,393174566.81334597
4864,555000000.0,560000000.0,557645232.042866
4870,310000000.0,560000000.0,519012243.8954655
4879,1290000000.0,560000000.0,1134588567.4704485
4897,1160000000.0,560000000.0,774764146.7673684
4898,330000000.0,560000000.0,357419163.1740534
4901,350000000.0,560000000.0,403595107.9577865
4909,599000000.0,560000000.0,648530012.0586383
4913,569000000.0,560000000.0,714607402.7652693
4921,1190000000.0,560000000.0,1145355620.587561
4927,868000000.0,560000000.0,934089569.1411257
4931,890000000.0,560000000.0,1048847348.7300384
4932,1050000000.0,560000000.0,1059355954.1236548
4933,1050000000.0,560000000.0,1042031026.7110461
4936,239000000.0,560000000.0,631212253.6575451
4938,1800000000.0,560000000.0,1398900881.1171463
4945,2839000000.0,560000000.0,2595892055.3634014
4953,888000000.0,560000000.0,982428813.0162792
4954,1190000000.0,560000000.0,1002884093.7206008
4964,290000000.0,560000000.0,446684078.9133764
4968,1885000000.0,560000000.0,2338725718.6680117
4969,1880000000.0,560000000.0,2377605771.690669
4971,2299000000.0,560000000.0,4709651252.555363
4982,556000000.0,560000000.0,520266976.2356289
4989,545000000.0,560000000.0,623125242.501373
4990,598000000.0,560000000.0,687390901.6295893
4999,319000000.0,560000000.0,350146389.3852481
5000,329000000.0,560000000.0,349750546.9288631
5004,395000000.0,560000000.0,430487052.99958944
5005,397000000.0,560000000.0,430487052.99958944
5008,399000000.0,560000000.0,474348751.8535122
5009,468000000.0,560000000.0,531576294.03163916
5022,1498000000.0,560000000.0,1418322073.913195
5039,1258000000.0,560000000.0,1168247559.2099593
5040,1199000000.0,560000000.0,1163304174.3418796
5041,1199000000.0,560000000.0,1163304174.3418796
5042,1199000000.0,560000000.0,1163304174.3418796
5044,1198000000.0,560000000.0,1163304174.3418796
5050,1259000000.0,560000000.0,1250838039.9534938
5051,1259000000.0,560000000.0,1250837531.0788713
5052,1299000000.0,560000000.0,1250837531.0788713
5053,1259000000.0,560000000.0,1250838039.9534938
5057,1259000000.0,560000000.0,1250838039.9534938
5075,1259000000.0,560000000.0,1250838039.9534938
5077,1299000000.0,560000000.0,1250838039.9534938
5087,1355000000.0,560000000.0,1397219508.0415003
5094,1139000000.0,560000000.0,1294843572.3526382
5104,1139000000.0,560000000.0,1338518869.6106367
5106,1138000000.0,560000000.0,1316629596.5704277
5107,1138000000.0,560000000.0,1316629596.5704277
5109,1599000000.0,560000000.0,1622738076.0988712
5112,699000000.0,560000000.0,961877593.7434367
5114,2620000000.0,560000000.0,2810890011.5436206
5131,899000000.0,560000000.0,776108105.3822006
5137,1289000000.0,560000000.0,1213282816.4386418
5141,1238000000.0,560000000.0,1158727624.9804351
5147,1199000000.0,560000000.0,1120354946.7006876
5148,1586000000.0,560000000.0,1245549412.7258368
5149,330000000.0,560000000.0,637287285.4101075
5153,569000000.0,560000000.0,653414343.1662736
5155,670000000.0,560000000.0,729880801.7978495
5156,729000000.0,560000000.0,804247271.7859375
5161,1190000000.0,560000000.0,939616216.4630066
5166,1599000000.0,560000000.0,1622108570.4972503
5167,1599000000.0,560000000.0,1622106810.8938828
5169,2698000000.0,560000000.0,2055340006.7883444
5186,1350000000.0,560000000.0,1158056891.531156
5189,1399000000.0,560000000.0,1276048963.8366585
5192,2199000000.0,560000000.0,1409082560.2941968
5193,3299000000.0,560000000.0,2824004296.2517066
5196,3350000000.0,560000000.0,2603150662.191725
5199,2950000000.0,560000000.0,1864579080.8992856
5200,2950000000.0,560000000.0,1864579080.8992856
5203,3550000000.0,560000000.0,2254314964.617993
5211,2000000000.0,560000000.0,1821532890.3285596
5213,2099000000.0,560000000.0,1821532890.3285596
5233,399000000.0,560000000.0,558867540.5675868
5236,2699000000.0,560000000.0,2653781291.6399508
5243,290000000.0,560000000.0,524751326.89482844
5245,325000000.0,560000000.0,617976858.2922485
5264,2550000000.0,560000000.0,2693830335.11919
5272,1988000000.0,560000000.0,2110347577.9640741
5275,1199000000.0,560000000.0,1254831261.2921226
5279,130000000.0,560000000.0,117837187.07847737
5280,130000000.0,560000000.0,117837187.07847737
5295,110000000.0,560000000.0,114884061.5785049
5296,210000000.0,560000000.0,138739737.7542347
5297,215000000.0,560000000.0,138739737.7542347
5304,185000000.0,560000000.0,151053061.5629478
5319,345000000.0,560000000.0,358571792.2708092
5326,195000000.0,560000000.0,210676574.613396
5330,245000000.0,560000000.0,250404305.2617935
5332,268000000.0,560000000.0,258900133.4115674
5333,218000000.0,560000000.0,196946504.95504776
5340,110000000.0,560000000.0,110986685.97870041
5348,35000000.0,560000000.0,70417050.56493823
5349,375000000.0,560000000.0,368803787.2279714
5351,439000000.0,560000000.0,478386306.0766879
5354,498000000.0,560000000.0,591552584.2499651
5360,120000000.0,560000000.0,96884306.89931504
5368,26000000.0,560000000.0,48711265.59257652
5373,50000000.0,560000000.0,49409466.800731905
5376,25000000.0,560000000.0,56349918.06710925
5386,680000000.0,560000000.0,316806242.08344704
5389,369000000.0,560000000.0,347894550.84472466
5392,410000000.0,560000000.0,348168382.54974437
5397,446000000.0,560000000.0,436942168.7957913
5399,415000000.0,560000000.0,436942393.9583704
5405,245000000.0,560000000.0,251528248.92802903
5411,280000000.0,560000000.0,284023275.7618681
5419,280000000.0,560000000.0,314291973.3856962
5421,279000000.0,560000000.0,314292007.48235756
5422,314000000.0,560000000.0,327151252.7099179
5430,365000000.0,560000000.0,371217056.5181441
5440,240000000.0,560000000.0,228313981.4163147
5446,235000000.0,560000000.0,166361648.62563482
5448,210000000.0,560000000.0,197052283.46464115
5451,265000000.0,560000000.0,339679074.8908709
5452,75000000.0,560000000.0,209098917.05221266
5459,210000000.0,560000000.0,172403785.6156819
5474,259000000.0,560000000.0,287617814.89649725
5476,315000000.0,560000000.0,279380795.53095794
5480,1450000000.0,560000000.0,1299755409.13667
5481,1417000000.0,560000000.0,1299755409.13667
5482,1430000000.0,560000000.0,1299755409.13667
5483,1420000000.0,560000000.0,1299755409.13667
5485,1495000000.0,560000000.0,1450220941.7634156
5494,1050000000.0,560000000.0,959764359.3956695
5496,1020000000.0,560000000.0,958030960.5607742
5499,1100000000.0,560000000.0,1039852366.19538
5500,1018000000.0,560000000.0,1040260528.6066257
5504,699000000.0,560000000.0,631024153.3646417
5509,705000000.0,560000000.0,709932146.2122947
5513,820000000.0,560000000.0,787010774.6313218
5515,820000000.0,560000000.0,787010786.4992273
5517,790000000.0,560000000.0,766162442.1858877
5534,850000000.0,560000000.0,955556401.3893032
5550,1065000000.0,560000000.0,955554950.0713582
5551,1065000000.0,560000000.0,955554947.4797205
5563,1070000000.0,560000000.0,1052916565.6262617
5581,699000000.0,560000000.0,748333436.8319881
5590,845000000.0,560000000.0,757757127.8745949
5594,890000000.0,560000000.0,847642768.3542653
5595,890000000.0,560000000.0,847642768.3542653
5596,750000000.0,560000000.0,834964674.2284694
5602,550000000.0,560000000.0,542332262.2783886
5608,1225000000.0,560000000.0,1176931289.0581856
5611,1260000000.0,560000000.0,1213409762.0379279
5633,635000000.0,560000000.0,672542494.9127339
5637,839000000.0,560000000.0,816572629.0730101
5638,699000000.0,560000000.0,789775234.9726925
5639,750000000.0,560000000.0,789775234.9726925
5640,800000000.0,560000000.0,816572629.0730101
5642,800000000.0,560000000.0,816572629.0730101
5643,800000000.0,560000000.0,816572629.0730101
5647,980000000.0,560000000.0,985469878.4894632
5654,1265000000.0,560000000.0,1203776351.3145633
5663,142000000.0,560000000.0,127587096.56799084
5665,170000000.0,560000000.0,120309250.64096445
5668,199000000.0,560000000.0,188580280.69301847
5674,225000000.0,560000000.0,245189048.66065875
5678,162000000.0,560000000.0,160443323.55849907
5681,385000000.0,560000000.0,355049755.36224055
5682,369000000.0,560000000.0,306720271.16913
5684,247000000.0,560000000.0,234152439.4222596
5687,286000000.0,560000000.0,308036720.8602486
5690,345000000.0,560000000.0,344066325.62375766
5694,115000000.0,560000000.0,99926488.58607243
5698,1950000000.0,560000000.0,1306052945.4980667
5699,1600000000.0,560000000.0,690764581.5582132
5702,1435000000.0,560000000.0,1362663612.9791138
5703,1435000000.0,560000000.0,1362663616.6749039
5706,520000000.0,560000000.0,513299700.2815714
5709,809000000.0,560000000.0,702650982.5022054
5710,809000000.0,560000000.0,702650982.5022054
5711,809000000.0,560000000.0,702650982.5022054
5712,815000000.0,560000000.0,701382556.4062619
5714,845000000.0,560000000.0,702650601.3590935
5716,845000000.0,560000000.0,702650601.3590935
5731,975000000.0,560000000.0,853129357.8843137
5738,975000000.0,560000000.0,853129357.8843137
5745,1070000000.0,560000000.0,1018496449.8328748
5764,1120000000.0,560000000.0,1141371980.5879064
5775,1185000000.0,560000000.0,1250081958.1232727
5784,1265000000.0,560000000.0,1257664582.9807112
5799,575000000.0,560000000.0,630530900.9840592
5800,640000000.0,560000000.0,630777691.7100866
5804,599000000.0,560000000.0,587174696.7085425
5807,665000000.0,560000000.0,694775869.0374123
5815,855000000.0,560000000.0,647000983.5984204
5819,745000000.0,560000000.0,638954143.0814494
5832,800000000.0,560000000.0,798932582.9720896
5855,480000000.0,560000000.0,461096143.0518782
5858,549000000.0,560000000.0,511016973.66143185
5878,619000000.0,560000000.0,620455531.8678554
5887,390000000.0,560000000.0,335449687.04595584
5889,339000000.0,560000000.0,311705145.5661459
5893,410000000.0,560000000.0,446888278.0721832
5903,515000000.0,560000000.0,499839159.7765517
5908,265000000.0,560000000.0,265812403.87526983
5909,315000000.0,560000000.0,317910718.90024805
5912,450000000.0,560000000.0,436676497.5855816
5947,825000000.0,560000000.0,818893765.0107142
5948,835000000.0,560000000.0,818893765.0107142
5955,845000000.0,560000000.0,875202537.9203174
5957,850000000.0,560000000.0,875202537.9203174
5961,715000000.0,560000000.0,696216174.337931
5965,775000000.0,560000000.0,680384020.5133945
5976,1199000000.0,560000000.0,884935210.7515758
5977,328000000.0,560000000.0,396389385.36403626
5979,1780000000.0,560000000.0,841544941.0571253
5988,228000000.0,560000000.0,292367350.60088897
5989,270000000.0,560000000.0,322156190.4851161
5993,390000000.0,560000000.0,403978086.4184729
5994,370000000.0,560000000.0,403978086.4184729
5995,345000000.0,560000000.0,445140382.6977729
5998,515000000.0,560000000.0,534506899.37693954
6002,600000000.0,560000000.0,588966214.1898932
6005,525000000.0,560000000.0,588967412.2279902
6012,185000000.0,560000000.0,264096890.54737157
6017,300000000.0,560000000.0,333774365.3903687
6020,437000000.0,560000000.0,518469608.73114944
6021,515000000.0,560000000.0,520533468.2849133
6025,400000000.0,560000000.0,285504982.5464805
6026,380000000.0,560000000.0,309101175.5001691
6027,560000000.0,560000000.0,299901078.63434035
6033,290000000.0,560000000.0,197061445.50639516
6037,599000000.0,560000000.0,718713735.4035836
6043,537000000.0,560000000.0,614740077.5297844
6045,649000000.0,560000000.0,696134750.8274633
6047,585000000.0,560000000.0,700357182.9354872
6057,319000000.0,560000000.0,318469447.9135753
6061,290000000.0,560000000.0,362168521.2891911
6064,295000000.0,560000000.0,285699388.04237694
6067,300000000.0,560000000.0,324566566.15785205
6068,288000000.0,560000000.0,313915369.53273904
6090,495000000.0,560000000.0,474055265.0151532
6101,195000000.0,560000000.0,164999646.54172173
6104,445000000.0,560000000.0,436995486.8304237
6116,298000000.0,560000000.0,308020316.2478937
6117,345000000.0,560000000.0,340755309.37260574
6120,875000000.0,560000000.0,1174940449.8193958
6126,479000000.0,560000000.0,473113731.34288156
6130,485000000.0,560000000.0,529985542.6414223
6136,565000000.0,560000000.0,592852106.6871809
6139,490000000.0,560000000.0,518303386.83958274
6146,690000000.0,560000000.0,742442639.7108086
6147,739000000.0,560000000.0,765454809.1439532
6150,739000000.0,560000000.0,765454809.1439532
6154,515000000.0,560000000.0,406299044.892061
6155,516000000.0,560000000.0,406299044.892061
6158,215000000.0,560000000.0,243810016.91375598
6161,289000000.0,560000000.0,313186743.07374907
6164,465000000.0,560000000.0,364671254.69418675
6168,1198000000.0,560000000.0,1181731767.7119472
6172,1159000000.0,560000000.0,1181732472.827449
6173,1160000000.0,560000000.0,1181732472.827449
6174,1195000000.0,560000000.0,1181731767.7119472
6176,560000000.0,560000000.0,560353388.8795446
6184,805000000.0,560000000.0,779827845.3071061
6187,595000000.0,560000000.0,648523342.6075585
6189,668000000.0,560000000.0,648523237.0728357
6198,760000000.0,560000000.0,654323855.6511004
6208,845000000.0,560000000.0,807975986.1412473
6227,935000000.0,560000000.0,979239506.7424214
6240,620000000.0,560000000.0,706602972.8856333
6242,479000000.0,560000000.0,437050763.1055754
6250,785000000.0,560000000.0,765578488.1020651
6251,775000000.0,560000000.0,765578488.1020651
6258,690000000.0,560000000.0,553285763.7074777
6261,735000000.0,560000000.0,567499433.5769824
6263,290000000.0,560000000.0,362032498.27118856
6267,299000000.0,560000000.0,286388123.9138233
6272,359000000.0,560000000.0,353501556.63732356
6275,359000000.0,560000000.0,353501556.63732356
6279,383000000.0,560000000.0,447551559.6644326
6284,395000000.0,560000000.0,405390879.5889549
6294,378000000.0,560000000.0,382338676.62154233
6296,348000000.0,560000000.0,255905766.56658086
6306,338000000.0,560000000.0,410563247.41104347
6309,485000000.0,560000000.0,538626383.0965874
6310,218000000.0,560000000.0,192719258.7645683
6311,200000000.0,560000000.0,195923250.61792403
6320,515000000.0,560000000.0,548042317.21207
6321,530000000.0,560000000.0,531565339.21164507
6326,820000000.0,560000000.0,746597985.3101199
6329,777000000.0,560000000.0,746598098.7049917
6330,799000000.0,560000000.0,734101435.0386094
6332,799000000.0,560000000.0,734101693.8706527
6356,439000000.0,560000000.0,483020603.16667354
6357,439000000.0,560000000.0,483020603.16667354
6366,580000000.0,560000000.0,565414571.9736853
6371,360000000.0,560000000.0,399045922.8903558
6379,355000000.0,560000000.0,306937383.11193883
6391,345000000.0,560000000.0,307029239.7586466
6392,350000000.0,560000000.0,307029839.31664366
6393,350000000.0,560000000.0,379168456.23084265
6395,365000000.0,560000000.0,338312038.5614162
6401,319000000.0,560000000.0,439292371.5030459
6430,450000000.0,560000000.0,499175775.0787449
6431,425000000.0,560000000.0,484358414.07383245
6432,482000000.0,560000000.0,492410384.3098859
6433,395000000.0,560000000.0,492410865.0921715
6455,688000000.0,560000000.0,713347941.3428998
6457,705000000.0,560000000.0,529120389.64126915
6459,520000000.0,560000000.0,534395940.5087107
6465,1119000000.0,560000000.0,1224340202.8391387
6468,1029000000.0,560000000.0,999011950.5638405
6472,938000000.0,560000000.0,989102160.5791777
6473,899000000.0,560000000.0,989102160.5791777
6482,1169000000.0,560000000.0,1196518231.4483995
6487,820000000.0,560000000.0,873010325.7394323
6491,795000000.0,560000000.0,775276978.3741064
6495,815000000.0,560000000.0,811663635.9926152
6501,835000000.0,560000000.0,725950482.2681396
6503,600000000.0,560000000.0,526005275.821413
6505,435000000.0,560000000.0,619976913.2814121
6506,345000000.0,560000000.0,492569264.3166222
6519,449000000.0,560000000.0,635497465.6614016
6525,268000000.0,560000000.0,297677995.05326
6527,306000000.0,560000000.0,309297000.8989287
6528,482000000.0,560000000.0,512802788.04936314
6530,675000000.0,560000000.0,618015890.7172768
6533,815000000.0,560000000.0,690339825.5241553
6536,695000000.0,560000000.0,760677152.8626837
6546,500000000.0,560000000.0,469362453.8798585
6547,559000000.0,560000000.0,502800215.01758146
6548,559000000.0,560000000.0,502800215.01758146
6557,650000000.0,560000000.0,765614684.1745027
6564,295000000.0,560000000.0,298837740.7505354
6565,315000000.0,560000000.0,241858498.96269786
6566,598000000.0,560000000.0,608274948.826461
6582,555000000.0,560000000.0,517142726.4143328
6590,2990000000.0,560000000.0,2374701433.0236917
6596,2679000000.0,560000000.0,2290505792.9417343
6597,2679000000.0,560000000.0,2290505792.9417343
6598,2679000000.0,560000000.0,2290505792.9417343
6600,1999000000.0,560000000.0,1488724100.4916835
6609,215000000.0,560000000.0,210295318.36458963
6611,153000000.0,560000000.0,113080064.77079655
6629,799000000.0,560000000.0,809242601.8067088
6638,966000000.0,560000000.0,890084376.7228184
6645,959000000.0,560000000.0,841796713.98201
6646,959000000.0,560000000.0,841796713.98201
6647,959000000.0,560000000.0,841796713.98201
6650,945000000.0,560000000.0,928969997.8549356
6656,1299000000.0,560000000.0,1002443911.1618677
6657,1320000000.0,560000000.0,1016216878.051342
6658,1309000000.0,560000000.0,1016216878.051342
6660,1309000000.0,560000000.0,1016216878.051342
6661,1309000000.0,560000000.0,1016216878.051342
6666,938000000.0,560000000.0,895307912.8906366
6669,938000000.0,560000000.0,895307912.8906366
6670,1060000000.0,560000000.0,973158632.6909719
6674,1085000000.0,560000000.0,1003321268.1064744
6679,939000000.0,560000000.0,986914911.709778
6682,999000000.0,560000000.0,1003321594.6490971
6693,989000000.0,560000000.0,1003321594.6490971
6697,1010000000.0,560000000.0,1003323417.8473598
6704,925000000.0,560000000.0,1001510234.7562217
6705,939000000.0,560000000.0,986529746.1193864
6709,1039000000.0,560000000.0,1103550917.8481443
6712,1048000000.0,560000000.0,1072313249.8803004
6721,1490000000.0,560000000.0,1197800693.0933335
6722,1395000000.0,560000000.0,1197801683.932398
6727,1330000000.0,560000000.0,1197802431.1230524
6728,1349000000.0,560000000.0,1215990509.216913
6730,1199000000.0,560000000.0,1215990311.3378084
6736,1399000000.0,560000000.0,1319843917.0103848
6739,1045000000.0,560000000.0,1055258215.3691354
6740,999000000.0,560000000.0,1037597311.0330237
6741,1050000000.0,560000000.0,1055260276.0474637
6744,1045000000.0,560000000.0,1055258215.3691354
6745,1045000000.0,560000000.0,1055258215.3691354
6748,210000000.0,560000000.0,200608572.32475668
6756,438000000.0,560000000.0,463438806.056069
6758,438000000.0,560000000.0,463438806.056069
6759,455000000.0,560000000.0,510657994.1288292
6764,330000000.0,560000000.0,477299577.34579074
6767,325000000.0,560000000.0,303382667.7478045
6783,247000000.0,560000000.0,274122701.1098584
6792,235000000.0,560000000.0,285265798.95006627
6794,250000000.0,560000000.0,269369928.86803275
6796,86000000.0,560000000.0,83140991.1175584
6803,328000000.0,560000000.0,379381587.6210045
6806,420000000.0,560000000.0,550910742.4333204
6808,275000000.0,560000000.0,271525003.05603874
6809,268000000.0,560000000.0,290720707.2246374
6810,119000000.0,560000000.0,108723443.12037016
6816,120000000.0,560000000.0,127845008.65663123
6817,150000000.0,560000000.0,141740452.5706325
6820,163000000.0,560000000.0,192782537.11987466
6828,175000000.0,560000000.0,150791420.6615586
6829,185000000.0,560000000.0,156738696.12862176
6831,170000000.0,560000000.0,138325524.73743734
6834,145000000.0,560000000.0,140063197.38797563
6846,260000000.0,560000000.0,203213884.005056
6848,330000000.0,560000000.0,331921217.0647717
6850,345000000.0,560000000.0,391463410.77377576
6851,329000000.0,560000000.0,393260453.45619136
6870,630000000.0,560000000.0,662249471.426723
6873,685000000.0,560000000.0,642340231.1874646
6891,595000000.0,560000000.0,499595368.4182513
6892,500000000.0,560000000.0,499790653.23419553
6909,715000000.0,560000000.0,818577979.0969065
6912,490000000.0,560000000.0,516223106.7556646
6919,590000000.0,560000000.0,633527721.5487291
6923,505000000.0,560000000.0,472764406.7660155
6924,535000000.0,560000000.0,526152548.50033915
6931,520000000.0,560000000.0,485023224.62354165
6935,559000000.0,560000000.0,550836698.406908
6937,559000000.0,560000000.0,550836698.406908
6947,258000000.0,560000000.0,318259286.0810099
6948,258000000.0,560000000.0,318259286.0810099
6964,468000000.0,560000000.0,449311678.86950636
6970,510000000.0,560000000.0,555435866.635579
6972,540000000.0,560000000.0,587959037.8721191
6974,558000000.0,560000000.0,628388248.0803967
6976,556000000.0,560000000.0,628388254.8976066
6982,450000000.0,560000000.0,440496260.999231
6999,910000000.0,560000000.0,895387486.4923534
7000,939000000.0,560000000.0,986617213.3077761
7001,939000000.0,560000000.0,986617213.3077761
7020,5399000000.0,560000000.0,3756215211.5588336
7031,5398000000.0,560000000.0,4052121057.598062
7040,1480000000.0,560000000.0,1719423277.3991816
7057,520000000.0,560000000.0,870797231.2830031
7058,630000000.0,560000000.0,1039589690.5155894
7062,580000000.0,560000000.0,834267862.2049153
7064,1250000000.0,560000000.0,1511392824.4005294
7068,1197000000.0,560000000.0,1273538884.819449
7069,1196000000.0,560000000.0,1273538884.819449
7070,1299000000.0,560000000.0,1379810230.2487109
7076,1600000000.0,560000000.0,1693552025.7303112
7077,2680000000.0,560000000.0,2068713776.0731294
7083,1629000000.0,560000000.0,1462071536.778564
7091,561000000.0,560000000.0,602831892.3225831
7118,1250000000.0,560000000.0,1633984366.88587
7120,1252000000.0,560000000.0,1704489949.517241
7122,1250000000.0,560000000.0,1909383899.3592515
7125,1395000000.0,560000000.0,1909383899.3592515
7126,1650000000.0,560000000.0,2279492567.844321
7129,2580000000.0,560000000.0,2610810358.1382933
7130,2400000000.0,560000000.0,2767664211.7546144
7131,2999000000.0,560000000.0,2730150819.125108
7135,4650000000.0,560000000.0,3635896873.577615
7142,4580000000.0,560000000.0,4411940467.070792
7147,7780000000.0,560000000.0,6900981780.723467
7163,2299000000.0,560000000.0,2283089105.292124
7165,2299000000.0,560000000.0,2283089105.292124
7166,2499000000.0,560000000.0,2447258517.850313
7167,2250000000.0,560000000.0,2478078787.589906
7171,255000000.0,560000000.0,327712645.877101
7180,2250000000.0,560000000.0,2257211879.57138
7181,2250000000.0,560000000.0,2257211879.57138
7183,2250000000.0,560000000.0,2257211879.57138
7190,899000000.0,560000000.0,974763239.4187737
7203,3090000000.0,560000000.0,2766588094.4093504
7206,2750000000.0,560000000.0,2764415418.5174384
7213,2899000000.0,560000000.0,2703034175.5450826
7217,450000000.0,560000000.0,1069212177.0751933
7229,1550000000.0,560000000.0,1441145113.062383
7232,5990000000.0,560000000.0,2402637143.1373057
7237,260000000.0,560000000.0,223841750.19408953
7252,355000000.0,560000000.0,363982555.87711847
7253,350000000.0,560000000.0,363982358.4399149
7256,410000000.0,560000000.0,394509483.55251163
7259,368000000.0,560000000.0,401068251.90519065
7260,378000000.0,560000000.0,401068251.90519065
7261,429000000.0,560000000.0,465161862.29529804
7264,375000000.0,560000000.0,363208148.83693784
7279,520000000.0,560000000.0,541265312.1179425
7280,535000000.0,560000000.0,599796982.6508433
7281,560000000.0,560000000.0,591667892.3580209
7283,589000000.0,560000000.0,651951479.7961012
7291,525000000.0,560000000.0,478668458.97940964
7293,460000000.0,560000000.0,390924453.6557867
7295,635000000.0,560000000.0,576292373.8762511
7296,635000000.0,560000000.0,576292373.8762511
7303,335000000.0,560000000.0,331112370.51444095
7332,515000000.0,560000000.0,547692647.0832533
7340,665000000.0,560000000.0,752076829.7326661
7343,665000000.0,560000000.0,730786575.2263888
7344,475000000.0,560000000.0,587342321.3004246
7350,390000000.0,560000000.0,412729863.263853
7352,395000000.0,560000000.0,412729661.7723052
7357,567000000.0,560000000.0,552176244.6270645
7380,579000000.0,560000000.0,582651199.0192713
7391,719000000.0,560000000.0,828395706.9815462
7392,719000000.0,560000000.0,828395706.9815462
7393,716000000.0,560000000.0,828395706.9815462
7406,725000000.0,560000000.0,707291124.7690454
7407,725000000.0,560000000.0,707291124.7690454
7408,725000000.0,560000000.0,707291124.7690454
7410,725000000.0,560000000.0,707291124.7690454
7413,719000000.0,560000000.0,687268601.6297811
7417,758000000.0,560000000.0,830639894.4304821
7419,739000000.0,560000000.0,684894308.029799
7420,720000000.0,560000000.0,684894308.029799
7421,758000000.0,560000000.0,665505164.4538108
7423,785000000.0,560000000.0,743387810.5224621
7428,765000000.0,560000000.0,728994022.9694146
7430,799000000.0,560000000.0,792383392.1484345
7435,868000000.0,560000000.0,904706615.8870395
7441,799000000.0,560000000.0,886169083.9350417
7443,905000000.0,560000000.0,860664023.5374497
7446,740000000.0,560000000.0,632498123.9590845
7449,680000000.0,560000000.0,636335889.3910098
7457,779000000.0,560000000.0,772611388.8029922
7458,779000000.0,560000000.0,772611388.8029922
7459,779000000.0,560000000.0,772611388.8029922
7463,919000000.0,560000000.0,922371253.2637614
7468,860000000.0,560000000.0,913222450.6987355
7469,860000000.0,560000000.0,884563799.0391734
7493,495000000.0,560000000.0,495112557.3567457
7497,639000000.0,560000000.0,610035006.3053429
7499,630000000.0,560000000.0,691441586.7260653
7500,725000000.0,560000000.0,612350673.6227107
7501,720000000.0,560000000.0,612350673.6227107
7520,1379000000.0,560000000.0,1380994110.2300792
7521,1379000000.0,560000000.0,1380994110.2300792
7526,1500000000.0,560000000.0,1404501422.3068914
7552,1579000000.0,560000000.0,1752153964.2596362
7560,960000000.0,560000000.0,881020604.7142296
7564,890000000.0,560000000.0,970787432.4053258
7566,925000000.0,560000000.0,987312587.5583476
7568,939000000.0,560000000.0,970787327.087311
7589,639000000.0,560000000.0,638525600.5630546
7594,380000000.0,560000000.0,774716968.401167
7596,609000000.0,560000000.0,671701893.2724917
7597,623000000.0,560000000.0,660716678.990369
7599,520000000.0,560000000.0,660716678.990369
7615,739000000.0,560000000.0,751378613.0141746
7618,845000000.0,560000000.0,913943566.4972458
7628,839000000.0,560000000.0,913943120.3170199
7640,1368000000.0,560000000.0,1305104426.368699
7667,1638000000.0,560000000.0,1324764999.6978455
7668,1638000000.0,560000000.0,1324764999.6978455
7670,1694000000.0,560000000.0,1322891880.8520815
7671,1690000000.0,560000000.0,1451511738.5319364
7672,1799000000.0,560000000.0,1608474507.9773376
7680,2049000000.0,560000000.0,1720511648.109648
7690,1899000000.0,560000000.0,1720511813.9979584
7691,378000000.0,560000000.0,428993352.89423525
7696,479000000.0,560000000.0,652445800.4566706
7713,499000000.0,560000000.0,557253961.0621073
7716,716000000.0,560000000.0,675373424.1769799
7722,865000000.0,560000000.0,821491653.3453544
7723,978000000.0,560000000.0,821492114.5483983
7725,889000000.0,560000000.0,794534592.615075
7729,997000000.0,560000000.0,1242250088.055627
7735,1900000000.0,560000000.0,1462939703.027249
7754,268000000.0,560000000.0,303057003.8129702
7759,890000000.0,560000000.0,706138383.9161823
7767,899000000.0,560000000.0,887313864.538541
7768,899000000.0,560000000.0,887313864.538541
7769,709000000.0,560000000.0,1156891622.22868
7771,1099000000.0,560000000.0,977719337.6866816
7772,1179000000.0,560000000.0,977719523.3092711
7773,1179000000.0,560000000.0,977719523.3092711
7789,1880000000.0,560000000.0,1566665430.3863955
7794,1880000000.0,560000000.0,1566665341.15574
7795,1779000000.0,560000000.0,1588191632.1639886
7801,1779000000.0,560000000.0,1588191649.3938339
7806,2900000000.0,560000000.0,2599425461.752906
7808,2899000000.0,560000000.0,2864277216.436303
7812,2239000000.0,560000000.0,1542697324.1708612
7819,2999000000.0,560000000.0,1979230874.4204347
7820,2999000000.0,560000000.0,1979230874.4204347
7823,3279000000.0,560000000.0,2136433868.6670282
7828,6900000000.0,560000000.0,6019370728.141239
7829,7300000000.0,560000000.0,6019370728.141239
7830,6900000000.0,560000000.0,6019370728.141239
7832,7379000000.0,560000000.0,5954527446.094212
7841,8950000000.0,560000000.0,6551941345.953084
7844,8580000000.0,560000000.0,6442721637.895326
7846,290000000.0,560000000.0,754939619.3346556
7847,1134000000.0,560000000.0,1852909989.6490076
7848,1050000000.0,560000000.0,1799237715.35899
7849,1055000000.0,560000000.0,1799237715.35899
7864,719000000.0,560000000.0,831940722.8306462
7865,699000000.0,560000000.0,831940677.7031847
7873,999000000.0,560000000.0,1010107511.5007361
7877,899000000.0,560000000.0,993201283.996979
7884,1099000000.0,560000000.0,1094396938.0654902
7885,1099000000.0,560000000.0,1094396967.7475095
7888,1159000000.0,560000000.0,1079564031.6544216
7889,1160000000.0,560000000.0,1113024988.9372373
7893,1239000000.0,560000000.0,1205902990.1226053
7895,1239000000.0,560000000.0,1205903055.535135
7898,1259000000.0,560000000.0,1205902564.941275
7899,1189000000.0,560000000.0,1205902957.416346
7908,1279000000.0,560000000.0,1219924581.5272605
7914,1349000000.0,560000000.0,1364633257.9001641
7918,1398000000.0,560000000.0,1364633435.5544775
7933,1920000000.0,560000000.0,2200114343.082249
7954,745000000.0,560000000.0,860506575.7405432
7955,795000000.0,560000000.0,932312555.06499
7960,750000000.0,560000000.0,919676608.6279881
7967,888000000.0,560000000.0,1151243638.6506555
7968,939000000.0,560000000.0,1151240830.3853254
7971,899000000.0,560000000.0,1149164290.7195687
7976,1299000000.0,560000000.0,1268541608.804812
7977,1359000000.0,560000000.0,1374933427.094617
7984,1399000000.0,560000000.0,1374396530.4021196
7986,1388000000.0,560000000.0,1397791711.5818434
7989,1389000000.0,560000000.0,1374396344.021579
7990,1399000000.0,560000000.0,1374396344.021579
7991,1235000000.0,560000000.0,1355770084.2220128
7993,1450000000.0,560000000.0,1397789891.8727853
8006,1579000000.0,560000000.0,1514430558.719754
8011,2249000000.0,560000000.0,1686905046.2011242
8019,2039000000.0,560000000.0,2076247757.839876
8026,1989000000.0,560000000.0,2063728662.5359561
8028,1795000000.0,560000000.0,2076248692.6123207
8036,2250000000.0,560000000.0,1697137733.2844136
8038,2214000000.0,560000000.0,2042297167.4062202
8039,2214000000.0,560000000.0,2042297167.4062202
8040,2145000000.0,560000000.0,2042297167.4062202
8043,1968000000.0,560000000.0,2063728942.3961766
8044,2099000000.0,560000000.0,2076247059.5763898
8046,2339000000.0,560000000.0,2249500221.272305
8050,2266000000.0,560000000.0,2273998001.593001
8051,2266000000.0,560000000.0,2273998044.765448
8067,2450000000.0,560000000.0,2478698523.011377
8068,2529000000.0,560000000.0,2478698523.1458282
8069,2599000000.0,560000000.0,2478698523.011377
8070,2199000000.0,560000000.0,2520891840.184256
8075,1290000000.0,560000000.0,1365707327.528825
8077,1285000000.0,560000000.0,1389381945.2540858
8088,318000000.0,560000000.0,451915879.7869293
8090,415000000.0,560000000.0,639505263.4364212
8094,3450000000.0,560000000.0,3415693865.5548973
8098,3750000000.0,560000000.0,3700720341.1459217
8115,6300000000.0,560000000.0,4886780612.508775
8116,6300000000.0,560000000.0,4886780612.508775
8118,560000000.0,560000000.0,1107312567.0815754
8134,3250000000.0,560000000.0,2987095692.3691654
8135,3250000000.0,560000000.0,2987095692.3691654
8136,3250000000.0,560000000.0,2987095692.3691654
8137,2999000000.0,560000000.0,2992502540.1719956
8140,3498000000.0,560000000.0,3313157049.527196
8142,3498000000.0,560000000.0,3313157049.527196
8143,3498000000.0,560000000.0,3313157049.527196
8150,4178000000.0,560000000.0,3596120012.9469852
8152,4178000000.0,560000000.0,3596120012.9469852
8153,4178000000.0,560000000.0,3596120012.9469852
8173,6590000000.0,560000000.0,4726558844.351233
8174,6389000000.0,560000000.0,4735110386.858416
8176,6399000000.0,560000000.0,4735110386.858416
8179,3336000000.0,560000000.0,2504328206.903607
8181,1499000000.0,560000000.0,1430170312.4422612
8185,1495000000.0,560000000.0,1629357573.696878
8186,1880000000.0,560000000.0,1765319884.6025984
8194,1999000000.0,560000000.0,1945187286.207944
8203,1799000000.0,560000000.0,1999136080.9228234
8204,2180000000.0,560000000.0,2058771101.001545
8206,2288000000.0,560000000.0,2058770654.300941
8223,155000000.0,560000000.0,233184346.1457655
8244,436000000.0,560000000.0,349590768.9121114
8245,359000000.0,560000000.0,354393807.5476606
8246,380000000.0,560000000.0,358253413.13455397
8254,398000000.0,560000000.0,424458405.8815527
8262,359000000.0,560000000.0,364408544.83551776
8273,559000000.0,560000000.0,496336868.36152816
8275,559000000.0,560000000.0,496336875.0923046
8283,399000000.0,560000000.0,454921773.336071
8284,353000000.0,560000000.0,344037381.3583558
8288,359000000.0,560000000.0,297195489.76163733
8289,329000000.0,560000000.0,297195489.76163733
8292,350000000.0,560000000.0,336845132.40655804
8293,385000000.0,560000000.0,382670124.78276455
8304,429000000.0,560000000.0,456845687.55384386
8306,399000000.0,560000000.0,456845588.4300293
8308,1699000000.0,560000000.0,1516496865.0319304
8309,1699000000.0,560000000.0,1516496865.0319304
8314,1498000000.0,560000000.0,1250274959.687499
8315,1839000000.0,560000000.0,1625349601.3829067
8316,1889000000.0,560000000.0,1625349617.0762467
8318,690000000.0,560000000.0,578092529.4696593
8323,1598000000.0,560000000.0,1441035139.6089027
8324,1598000000.0,560000000.0,1441035139.6089027
8325,1598000000.0,560000000.0,1441035139.6089027
8326,1599000000.0,560000000.0,1441035295.9427934
8337,299000000.0,560000000.0,297207552.1920095
8339,385000000.0,560000000.0,403087434.1685416
8348,355000000.0,560000000.0,312842949.2987395
8351,375000000.0,560000000.0,334485994.666718
8352,267000000.0,560000000.0,344718051.3147113
8353,330000000.0,560000000.0,340046828.29670715
8356,355000000.0,560000000.0,379841509.4329499
8360,375000000.0,560000000.0,418542350.3672963
8363,380000000.0,560000000.0,418542777.0296072
8368,399000000.0,560000000.0,332248076.5665831
8378,58000000.0,560000000.0,68085909.05108371
8387,520000000.0,560000000.0,400836714.99321705
8403,690000000.0,560000000.0,729379263.4553003
8404,725000000.0,560000000.0,717453073.361819
8410,359000000.0,560000000.0,316376688.1381176
8411,410000000.0,560000000.0,354545412.9078322
8417,325000000.0,560000000.0,226113251.24743304
8427,365000000.0,560000000.0,311697119.8027214
8428,333000000.0,560000000.0,317003218.2345643
8429,285000000.0,560000000.0,279305817.0819609
8441,625000000.0,560000000.0,643439592.5692965
8444,595000000.0,560000000.0,641854035.6334642
8454,550000000.0,560000000.0,566905030.969945
8459,490000000.0,560000000.0,570452136.0604446
8462,645000000.0,560000000.0,630888892.70667
8470,590000000.0,560000000.0,628573701.6046436
8472,380000000.0,560000000.0,317880356.5787468
8490,396000000.0,560000000.0,390817204.80298954
8500,415000000.0,560000000.0,430636994.7702595
8503,415000000.0,560000000.0,430637047.3286943
8509,440000000.0,560000000.0,474513707.1445365
8529,465000000.0,560000000.0,389957206.9146536
8534,438000000.0,560000000.0,423230859.6664714
8535,475000000.0,560000000.0,422898442.09962213
8545,530000000.0,560000000.0,466352667.64144325
8554,495000000.0,560000000.0,574867649.010513
8557,540000000.0,560000000.0,567717825.8475962
8560,515000000.0,560000000.0,584652766.5268619
8562,515000000.0,560000000.0,584652766.5268619
8567,568000000.0,560000000.0,633439165.9356573
8568,598000000.0,560000000.0,633438942.5955464
8580,435000000.0,560000000.0,440821501.2133287
8592,455000000.0,560000000.0,471691462.4225683
8612,595000000.0,560000000.0,572706937.5301886
8620,529000000.0,560000000.0,597186308.7206582
8626,419000000.0,560000000.0,429359026.0337659
8627,419000000.0,560000000.0,429359026.0337659
8629,175000000.0,560000000.0,167267660.35918325
8636,599000000.0,560000000.0,576333125.9930966
8650,438000000.0,560000000.0,466695295.5249698
8660,350000000.0,560000000.0,349005537.7473938
8664,195000000.0,560000000.0,237372794.99859002
8667,245000000.0,560000000.0,277553112.2177237
8690,515000000.0,560000000.0,542443864.2694739
8701,550000000.0,560000000.0,502539718.90663016
8710,439000000.0,560000000.0,472991130.0826693
8713,555000000.0,560000000.0,521182786.52938646
8716,468000000.0,560000000.0,513349853.8274503
8724,559000000.0,560000000.0,552360248.9914088
8726,530000000.0,560000000.0,601070483.4321537
8731,760000000.0,560000000.0,700637115.5960646
8741,990000000.0,560000000.0,849785982.9535712
8744,470000000.0,560000000.0,488284762.52384
8751,799000000.0,560000000.0,727852633.8916438
8752,799000000.0,560000000.0,758625183.2691936
8754,305000000.0,560000000.0,389304855.56151456
8755,690000000.0,560000000.0,820001251.1405149
8762,4089000000.0,560000000.0,4318540533.820257
8765,4798000000.0,560000000.0,5243386925.895488
8766,2999000000.0,560000000.0,3036317858.2770085
8775,3380000000.0,560000000.0,3472788961.337977
8779,9979000000.0,560000000.0,6474118316.86911
8782,8950000000.0,560000000.0,5922028136.3967705
8783,8950000000.0,560000000.0,5922028136.3967705
8793,8999000000.0,560000000.0,5318416926.916894
8798,4199000000.0,560000000.0,3710175961.37219
8800,4199000000.0,560000000.0,3710175961.37219
8802,4199000000.0,560000000.0,3710175961.37219
8804,4199000000.0,560000000.0,3710175961.37219
8813,950000000.0,560000000.0,1102080590.3106556
8818,1568000000.0,560000000.0,1518415943.5781415
8819,1568000000.0,560000000.0,1518415943.5781415
8831,4378000000.0,560000000.0,4169626874.481262
8834,4379000000.0,560000000.0,4169626874.481262
8843,6099000000.0,560000000.0,6497655960.185456
8847,3798000000.0,560000000.0,3938040764.548906
8850,839000000.0,560000000.0,2326017786.111792
8856,1395000000.0,560000000.0,1360221132.5233016
8859,1268000000.0,560000000.0,1474301397.7448947
8860,1268000000.0,560000000.0,1624515819.690612
8864,2299000000.0,560000000.0,2401645070.573155
8873,2298000000.0,560000000.0,2401645070.573155
8874,2588000000.0,560000000.0,2401643832.971575
8877,2588000000.0,560000000.0,2401643832.971575
8880,2588000000.0,560000000.0,2401643832.971575
8886,2720000000.0,560000000.0,2682701662.463217
8897,2999000000.0,560000000.0,3000927525.163126
8900,3199000000.0,560000000.0,3006357081.217322
8915,3999000000.0,560000000.0,3879607359.2868977
8916,3999000000.0,560000000.0,3999856081.949619
8918,3998000000.0,560000000.0,3879607359.2868977
8920,3999000000.0,560000000.0,3999858794.033147
8921,3999000000.0,560000000.0,3999858794.033147
8922,3999000000.0,560000000.0,3999858794.033147
8923,3999000000.0,560000000.0,3999856081.949619
8924,3999000000.0,560000000.0,3999856081.949619
8933,7198000000.0,560000000.0,5319006401.440296
8935,3290000000.0,560000000.0,2774674211.804035
8936,3350000000.0,560000000.0,2774674211.804035
8943,5899000000.0,560000000.0,4305832900.15001
8951,5200000000.0,560000000.0,4721179574.187347
8956,560000000.0,560000000.0,622666708.8719032
8958,379000000.0,560000000.0,275701253.9562796
8959,789000000.0,560000000.0,478638406.83588713
8960,350000000.0,560000000.0,234853737.30952826
8964,350000000.0,560000000.0,284071950.754047
8974,553000000.0,560000000.0,694586418.4904919
8975,600000000.0,560000000.0,776979166.2933314
8976,725000000.0,560000000.0,856143187.9568634
8977,735000000.0,560000000.0,856143187.9568634
8982,545000000.0,560000000.0,626288623.0874121
8986,739000000.0,560000000.0,812312936.6177123
8992,530000000.0,560000000.0,715143618.3355119
8998,375000000.0,560000000.0,286068845.61046153
9004,235000000.0,560000000.0,231964802.63562283
9031,385000000.0,560000000.0,455336802.5883549
9034,455000000.0,560000000.0,660668693.298093
9054,410000000.0,560000000.0,357349133.6025183
9056,389000000.0,560000000.0,364627873.5866255
9061,485000000.0,560000000.0,485305251.40443176
9074,419000000.0,560000000.0,421906178.8202363
9075,429000000.0,560000000.0,427097680.4289776
9083,400000000.0,560000000.0,464198013.4190052
9088,525000000.0,560000000.0,568420383.990772
9089,515000000.0,560000000.0,568420383.990772
9090,509000000.0,560000000.0,577052462.0993582
9099,525000000.0,560000000.0,633156663.305991
9101,529000000.0,560000000.0,633156663.305991
9102,529000000.0,560000000.0,633156663.305991
9105,525000000.0,560000000.0,633156663.305991
9107,479000000.0,560000000.0,495140674.44073856
9111,250000000.0,560000000.0,430657964.0743704
9136,450000000.0,560000000.0,515212808.2272597
9146,410000000.0,560000000.0,464242366.81474966
9147,409000000.0,560000000.0,464242366.81474966
9155,430000000.0,560000000.0,379902554.01988363
9165,950000000.0,560000000.0,883770777.5244759
9168,1189000000.0,560000000.0,1302836412.6180573
9178,1279000000.0,560000000.0,1580728902.1743314
9179,395000000.0,560000000.0,427506323.7589657
9196,420000000.0,560000000.0,350232106.21107036
9199,455000000.0,560000000.0,409261676.9566385
9204,585000000.0,560000000.0,547537769.5655563
9209,689000000.0,560000000.0,613355358.2650764
9210,672000000.0,560000000.0,613356023.6775408
9217,890000000.0,560000000.0,881180195.8245713
9218,819000000.0,560000000.0,866433430.1613733
9220,850000000.0,560000000.0,854688256.2728443
9223,899000000.0,560000000.0,942837032.9241796
9227,900000000.0,560000000.0,942837032.9241796
9232,988000000.0,560000000.0,1037727428.1575971
9235,1020000000.0,560000000.0,1069892158.2451779
9236,988000000.0,560000000.0,1037727428.1575971
9238,1020000000.0,560000000.0,1069892158.2451779
9242,185000000.0,560000000.0,174965221.76646498
9252,335000000.0,560000000.0,222001594.88420296
9257,569000000.0,560000000.0,698261205.1362112
9258,579000000.0,560000000.0,736035416.9180349
9260,579000000.0,560000000.0,740500434.4109634
9261,239000000.0,560000000.0,189601084.89482242
9262,185000000.0,560000000.0,203108304.01497492
9268,365000000.0,560000000.0,369585439.9413834
9280,309000000.0,560000000.0,388294812.0481376
9283,719000000.0,560000000.0,902632630.6122046
9284,240000000.0,560000000.0,225819988.88211024
9287,428000000.0,560000000.0,433581841.66217387
9290,590000000.0,560000000.0,609655133.5888051
9305,670000000.0,560000000.0,735882514.7165557
9309,600000000.0,560000000.0,546590919.2310272
9310,620000000.0,560000000.0,546590489.3198056
9314,566000000.0,560000000.0,546590275.3427402
9319,634000000.0,560000000.0,602282663.9297712
9321,568000000.0,560000000.0,598885302.0544319
9324,634000000.0,560000000.0,602282663.9297712
9325,635000000.0,560000000.0,602282663.9297712
9330,660000000.0,560000000.0,663648052.34328
9331,660000000.0,560000000.0,663648052.34328
9332,690000000.0,560000000.0,663648052.34328
9338,660000000.0,560000000.0,674944740.2741817
9345,655000000.0,560000000.0,670874689.300553
9348,630000000.0,560000000.0,655393963.3489189
9349,660000000.0,560000000.0,663648052.34328
9354,700000000.0,560000000.0,721355069.0132985
9364,730000000.0,560000000.0,731891251.0549293
9365,695000000.0,560000000.0,722788896.9359998
9375,750000000.0,560000000.0,817237604.0669366
9382,575000000.0,560000000.0,536246478.2151697
9395,615000000.0,560000000.0,659508674.6106018
9402,770000000.0,560000000.0,675669650.3370047
9415,350000000.0,560000000.0,322664206.2015471
9424,445000000.0,560000000.0,490434245.61402273
9447,570000000.0,560000000.0,633570501.4347906
9452,545000000.0,560000000.0,615218025.9680306
9453,575000000.0,560000000.0,622966598.265801
9465,633000000.0,560000000.0,658301550.1703634
9469,595000000.0,560000000.0,698124379.9741577
9470,660000000.0,560000000.0,686438733.6466719
9475,650000000.0,560000000.0,756378812.2894131
9481,275000000.0,560000000.0,260469954.92897424
9486,310000000.0,560000000.0,321509550.7153683
9489,300000000.0,560000000.0,321509812.31302726
9490,865000000.0,560000000.0,1064522399.8912781
9497,910000000.0,560000000.0,944823124.5483263
9498,1098000000.0,560000000.0,1227498655.3735392
9515,440000000.0,560000000.0,607706926.5611995
9524,950000000.0,560000000.0,606010563.1564796
9530,530000000.0,560000000.0,569141872.0909017
9535,280000000.0,560000000.0,231684689.512758
9545,225000000.0,560000000.0,252059407.83378485
9547,284000000.0,560000000.0,244149285.90972397
9559,358000000.0,560000000.0,324941083.5090005
9571,335000000.0,560000000.0,326640008.2767891
9573,369000000.0,560000000.0,326639239.390527
9578,395000000.0,560000000.0,379391491.2802801
9579,395000000.0,560000000.0,370636419.08436203
9583,360000000.0,560000000.0,354034107.1780227
9585,330000000.0,560000000.0,354034107.1780227
9595,415000000.0,560000000.0,396591785.56367767
9597,415000000.0,560000000.0,396591785.56367767
9609,442000000.0,560000000.0,437000324.2642111
9614,300000000.0,560000000.0,326222126.15926594
9624,439000000.0,560000000.0,437443544.1100619
9629,480000000.0,560000000.0,469680176.6394079
9633,491000000.0,560000000.0,531127595.4224709
9635,468000000.0,560000000.0,539655434.2628528
9638,498000000.0,560000000.0,509071313.6529324
9649,795000000.0,560000000.0,846937388.1073095
9653,775000000.0,560000000.0,846937661.409984
9654,759000000.0,560000000.0,844049755.8945078
9655,794000000.0,560000000.0,844049481.188748
9656,775000000.0,560000000.0,844049760.4729357
9657,775000000.0,560000000.0,846937656.815891
9659,785000000.0,560000000.0,822449709.5646964
9663,785000000.0,560000000.0,822449709.5646964
9668,699000000.0,560000000.0,844050831.82626
9671,799000000.0,560000000.0,935951031.9954965
9674,793000000.0,560000000.0,907380238.743477
9675,785000000.0,560000000.0,907380233.8215187
9678,815000000.0,560000000.0,1015886946.0476316
9679,885000000.0,560000000.0,904309492.7797384
9680,885000000.0,560000000.0,904309492.7797384
9681,893000000.0,560000000.0,904309492.7797384
9682,885000000.0,560000000.0,904309480.5164847
9683,918000000.0,560000000.0,1011579559.3831449
9690,970000000.0,560000000.0,1230438791.9915946
9691,450000000.0,560000000.0,424943491.9354924
9693,489000000.0,560000000.0,468240809.9112362
9699,498000000.0,560000000.0,468240797.2117028
9704,470000000.0,560000000.0,472679488.30452067
9726,138000000.0,560000000.0,124356772.08354715
9727,185000000.0,560000000.0,130941485.82703349
9728,165000000.0,560000000.0,121452850.12372789
9732,200000000.0,560000000.0,136052707.8598358
9733,158000000.0,560000000.0,136052093.34427798
9737,145000000.0,560000000.0,147462993.7708081
9747,188000000.0,560000000.0,209220148.5327165
9755,248000000.0,560000000.0,234928620.19419032
9760,4999000000.0,560000000.0,4755926126.832348
9761,4999000000.0,560000000.0,4755926126.832348
9762,4999000000.0,560000000.0,4755926126.832348
9768,315000000.0,560000000.0,320431767.0190892
9770,420000000.0,560000000.0,328088441.2453251
9771,420000000.0,560000000.0,389059656.3527343
9778,2886000000.0,560000000.0,2385048913.540129
9791,3490000000.0,560000000.0,2906948669.8408356
9792,590000000.0,560000000.0,715102300.9769175
9794,1680000000.0,560000000.0,1634433206.3449497
9795,1850000000.0,560000000.0,1984459506.7872784
9797,2388000000.0,560000000.0,2150053363.9947877
9802,439000000.0,560000000.0,415509967.65127116
9808,430000000.0,560000000.0,451640752.7710167
9809,420000000.0,560000000.0,451640752.7710167
9815,429000000.0,560000000.0,451640752.7710167
9819,469000000.0,560000000.0,504494354.58660966
9821,475000000.0,560000000.0,504494532.4629882
9823,465000000.0,560000000.0,504494532.4629882
9827,461000000.0,560000000.0,564338164.2320527
9829,485000000.0,560000000.0,564337965.2558033
9830,295000000.0,560000000.0,339636888.6402082
9848,330000000.0,560000000.0,368358628.79361326
9850,460000000.0,560000000.0,557936707.1000454
9857,1399000000.0,560000000.0,1100398712.1016712
9864,430000000.0,560000000.0,565053181.758119
9866,1299000000.0,560000000.0,1107191584.63748
9867,3500000000.0,560000000.0,1199516949.83159
9870,435000000.0,560000000.0,504973754.2468012
9871,410000000.0,560000000.0,511910577.2158649
9882,479000000.0,560000000.0,476710397.2327537
9907,370000000.0,560000000.0,357408852.87541884
9914,375000000.0,560000000.0,382702522.7144256
9919,150000000.0,560000000.0,98138285.9614902
9922,205000000.0,560000000.0,245050481.99626765
9924,245000000.0,560000000.0,247717762.0148763
9927,230000000.0,560000000.0,270017549.79661214
9931,250000000.0,560000000.0,295831657.544694
9933,230000000.0,560000000.0,251893238.67326102
9937,180000000.0,560000000.0,274804949.7403944
9944,285000000.0,560000000.0,305838282.2602198
9945,296000000.0,560000000.0,310922830.4673952
9946,97000000.0,560000000.0,78788099.33687624
9949,220000000.0,560000000.0,181175037.66531616
9950,295000000.0,560000000.0,305904388.1839239
9964,365000000.0,560000000.0,373976307.027282
9968,394000000.0,560000000.0,438403420.0903014
9969,395000000.0,560000000.0,438403430.81534386
9978,365000000.0,560000000.0,413465835.2717455
9982,394000000.0,560000000.0,460158693.3418324
9984,375000000.0,560000000.0,452633285.20093757
9986,429000000.0,560000000.0,507042973.5716612
9990,387000000.0,560000000.0,362522228.68892556
9991,388000000.0,560000000.0,362522228.68892556
10000,519000000.0,560000000.0,609674658.8978271
10006,290000000.0,560000000.0,332670427.79319215
10012,299000000.0,560000000.0,366016375.99223596
10014,248000000.0,560000000.0,281735121.34936184
10016,235000000.0,560000000.0,305363897.8481582
10020,196000000.0,560000000.0,258544843.50265646
10023,370000000.0,560000000.0,433739628.86985755
10033,400000000.0,560000000.0,477932698.1666427
10036,395000000.0,560000000.0,477932698.1666427
10039,220000000.0,560000000.0,179165146.73227474
10045,355000000.0,560000000.0,363170621.72578806
10087,260000000.0,560000000.0,277774964.5337862
10089,259000000.0,560000000.0,281591407.5733856
10096,250000000.0,560000000.0,278514712.8107522
10111,415000000.0,560000000.0,385144874.5227956
10115,469000000.0,560000000.0,479213869.4773315
10133,450000000.0,560000000.0,432211557.2690924
10135,595000000.0,560000000.0,515988842.5710517
10138,485000000.0,560000000.0,500860892.2083319
10153,585000000.0,560000000.0,518479140.8877929
10154,585000000.0,560000000.0,518479140.8877929
10155,585000000.0,560000000.0,518479140.8877929
10159,550000000.0,560000000.0,589014769.2206539
10180,205000000.0,560000000.0,229963294.38442475
10184,239000000.0,560000000.0,259672759.40099123
10192,258000000.0,560000000.0,260776016.67253283
10194,270000000.0,560000000.0,256875250.91730785
10196,382000000.0,560000000.0,364970239.5951518
10198,368000000.0,560000000.0,361038603.911227
10199,368000000.0,560000000.0,361038603.911227
10200,340000000.0,560000000.0,355611498.59997165
10203,368000000.0,560000000.0,361038603.911227
10206,399000000.0,560000000.0,397824020.9186793
10213,520000000.0,560000000.0,543947991.5768508
10214,575000000.0,560000000.0,543946944.1255262
10219,520000000.0,560000000.0,543947991.5768508
10221,519000000.0,560000000.0,543947460.4745191
10227,560000000.0,560000000.0,539209245.5512156
10228,616000000.0,560000000.0,604261867.320214
10237,585000000.0,560000000.0,645812802.8348185
10239,555000000.0,560000000.0,500348452.9131954
10240,545000000.0,560000000.0,500348452.9131954
10244,639000000.0,560000000.0,618199226.8430316
10260,718000000.0,560000000.0,636014199.855609
10268,779000000.0,560000000.0,699718649.282253
10279,1195000000.0,560000000.0,1091018757.5900428
10280,1199000000.0,560000000.0,1084440361.284032
10281,1195000000.0,560000000.0,1091018757.5900428
10288,1228000000.0,560000000.0,1156015436.6588848
10297,258000000.0,560000000.0,409040515.70913976
10330,950000000.0,560000000.0,1159241944.728302
10336,1799000000.0,560000000.0,1623707443.8433764
10337,1790000000.0,560000000.0,1623707443.8433764
10338,1800000000.0,560000000.0,1515979028.3290436
10346,1878000000.0,560000000.0,1678108706.0121398
10351,1790000000.0,560000000.0,1678108706.0121398
10354,579000000.0,560000000.0,594223261.7128986
10355,579000000.0,560000000.0,594223261.7128986
10365,1550000000.0,560000000.0,1483773507.9256713
10367,1488000000.0,560000000.0,1483773105.499612
10373,2879000000.0,560000000.0,1793102679.9600606
10374,2879000000.0,560000000.0,1793102679.9600606
10375,2879000000.0,560000000.0,1793102679.9600606
10378,2750000000.0,560000000.0,1704038179.1758778
10380,99000000.0,560000000.0,153903277.41457152
10385,245000000.0,560000000.0,206201362.10662955
10398,666000000.0,560000000.0,677666904.8919606
10410,468000000.0,560000000.0,516386072.6122824
10411,270000000.0,560000000.0,264070229.06555545
10413,450000000.0,560000000.0,442074193.70759165
10421,168000000.0,560000000.0,146686597.1921415
10426,500000000.0,560000000.0,504837400.9700329
10430,145000000.0,560000000.0,157859814.15489054
10437,420000000.0,560000000.0,484358414.07383245
10444,520000000.0,560000000.0,524290889.71130246
10450,215000000.0,560000000.0,284456083.1492808
10452,72000000.0,560000000.0,97289881.29736033
10455,260000000.0,560000000.0,295431427.93048036
10456,126000000.0,560000000.0,123609083.50440043
10467,350000000.0,560000000.0,374853885.61798
10478,829000000.0,560000000.0,791530057.1306307
10482,310000000.0,560000000.0,252082243.9981248
10483,365000000.0,560000000.0,317003089.26911324
10488,225000000.0,560000000.0,190337177.89012027
10492,380000000.0,560000000.0,411729521.4360856
10504,315000000.0,560000000.0,309106195.1820232
10505,139000000.0,560000000.0,172317018.01059896
10508,270000000.0,560000000.0,251893238.67326102
10510,335000000.0,560000000.0,329802552.1718728
10513,390000000.0,560000000.0,400432363.8092046
10519,290000000.0,560000000.0,255553488.26995033
10544,375000000.0,560000000.0,753168677.5474807
10547,498000000.0,560000000.0,503072305.37774086
10554,860000000.0,560000000.0,881618063.1615856
10561,590000000.0,560000000.0,599606815.8431109
10562,430000000.0,560000000.0,481250440.152905
10564,1850000000.0,560000000.0,1855303494.8643672
10565,150000000.0,560000000.0,126331809.00729695
10567,475000000.0,560000000.0,562870187.8325267
10575,190000000.0,560000000.0,200242091.91062826
10577,285000000.0,560000000.0,241875318.3863899
10584,450000000.0,560000000.0,476195652.67796135
10591,275000000.0,560000000.0,274764308.36926967
10600,330000000.0,560000000.0,618155445.6262441
10603,135000000.0,560000000.0,152844398.94568723
10606,205000000.0,560000000.0,348823035.99279976
10608,265000000.0,560000000.0,277588645.98690885
10610,979000000.0,560000000.0,1012748665.8850106
10616,320000000.0,560000000.0,335450278.4164783
10618,98000000.0,560000000.0,160404277.3312534
10621,290000000.0,560000000.0,289624848.7762674
10622,205000000.0,560000000.0,208581174.5559019
10624,430000000.0,560000000.0,405390818.3142082
10626,465000000.0,560000000.0,593506390.4723788
10628,310000000.0,560000000.0,301581924.41038597
10643,848000000.0,560000000.0,873986555.5049422
10647,1000000000.0,560000000.0,986529532.0676963
10658,248000000.0,560000000.0,236433304.20689395
10662,220000000.0,560000000.0,215888668.61914858
10664,2300000000.0,560000000.0,2122584306.7515764
10665,1599000000.0,560000000.0,1569427404.1104734
10666,365000000.0,560000000.0,444322201.5341883
10667,955000000.0,560000000.0,974761917.5528909
10673,55000000.0,560000000.0,30678026.40308875
10674,70000000.0,560000000.0,77032667.00292186
10682,788000000.0,560000000.0,817927813.340863
10688,385000000.0,560000000.0,377713424.5089119
10695,315000000.0,560000000.0,334842195.5857615
10696,280000000.0,560000000.0,334842195.5857615
10697,300000000.0,560000000.0,334840642.6488005
10699,950000000.0,560000000.0,1051985539.926004
10700,125000000.0,560000000.0,161399106.14630675
10701,220000000.0,560000000.0,308993821.9981061
10704,400000000.0,560000000.0,330593735.6826855
10707,622000000.0,560000000.0,602283027.8244798
10722,415000000.0,560000000.0,377088977.2944107
10726,470000000.0,560000000.0,504494423.00059456
10728,435000000.0,560000000.0,472982269.4080994
10735,235000000.0,560000000.0,256181002.68128827
10751,245000000.0,560000000.0,270048846.1842271
10759,95000000.0,560000000.0,111547990.71929044
10768,475000000.0,560000000.0,446695271.4919518
10769,275000000.0,560000000.0,233238459.62672374
10770,180000000.0,560000000.0,119031709.59103233
10771,370000000.0,560000000.0,384826513.1031467
10785,330000000.0,560000000.0,543990152.9674246
10789,335000000.0,560000000.0,359002014.9133116
10807,145000000.0,560000000.0,151549834.08868292
10814,436000000.0,560000000.0,413790879.06316406
10815,650000000.0,560000000.0,714600383.2586968
10825,290000000.0,560000000.0,373771812.8355868
10831,645000000.0,560000000.0,637170775.5795671
10836,295000000.0,560000000.0,293845828.43381995
10846,50000000.0,560000000.0,69730931.0151348
10849,130000000.0,560000000.0,125732631.56005716
10851,155000000.0,560000000.0,153936255.02689865
10852,250000000.0,560000000.0,223918812.0601676
10853,500000000.0,560000000.0,504076734.51826215
10858,3390000000.0,560000000.0,3410332599.7846446
10864,299000000.0,560000000.0,303057003.8129702
10867,385000000.0,560000000.0,401537557.18557143
10884,620000000.0,560000000.0,725375723.2296386
10889,425000000.0,560000000.0,413568967.3673057
10892,445000000.0,560000000.0,482120882.61431104
10902,1179000000.0,560000000.0,946233877.0025754
10905,2499000000.0,560000000.0,1422074488.0878565
10912,375000000.0,560000000.0,478180019.84641856
10923,950000000.0,560000000.0,863309389.7924416
10930,11999000000.0,560000000.0,4527405756.452837
10935,5900000000.0,560000000.0,11449139493.463556
10948,1199000000.0,560000000.0,1163305205.7098846
10949,1199000000.0,560000000.0,1170361818.146183
10951,400000000.0,560000000.0,661527188.9428486
10952,1020000000.0,560000000.0,1066454076.0462812
10953,1489000000.0,560000000.0,1348840931.3392959
10954,2649000000.0,560000000.0,2810890011.5436206
10955,2679000000.0,560000000.0,2810890087.7800183
10959,989000000.0,560000000.0,908071279.815867
10964,2489000000.0,560000000.0,1775142866.085765
10976,1750000000.0,560000000.0,1507589419.3243258
10977,1750000000.0,560000000.0,1507589419.3243258
10978,1699000000.0,560000000.0,1530481993.1312096
10982,1100000000.0,560000000.0,1299597894.3239655
10996,799000000.0,560000000.0,770806471.7344974
11007,135000000.0,560000000.0,122430844.4728135
11008,48000000.0,560000000.0,68862634.83016063
11018,425000000.0,560000000.0,442445106.7585087
11023,256000000.0,560000000.0,314860513.2632581
11026,179000000.0,560000000.0,200328779.8829936
11027,186000000.0,560000000.0,284787451.6277999
11029,210000000.0,560000000.0,204970451.4861838
11038,175000000.0,560000000.0,236961713.7469426
11045,1489000000.0,560000000.0,1450220981.0960183
11055,710000000.0,560000000.0,702282890.6951431
11066,718000000.0,560000000.0,773839087.3922378
11070,775000000.0,560000000.0,841127522.8372864
11077,848000000.0,560000000.0,939562536.402813
11082,1085000000.0,560000000.0,1035293587.8114054
11084,1090000000.0,560000000.0,1035292885.835949
11087,1180000000.0,560000000.0,1160196165.9140627
11089,1166000000.0,560000000.0,1160195725.381593
11099,1195000000.0,560000000.0,1257008832.7403123
11103,710000000.0,560000000.0,753483035.5285169
11109,855000000.0,560000000.0,935698727.3591775
11123,1300000000.0,560000000.0,1203775175.9661179
11124,1785000000.0,560000000.0,1437108178.2187912
11134,345000000.0,560000000.0,312654424.94775426
11136,199000000.0,560000000.0,227382915.5321143
11137,245000000.0,560000000.0,237101942.16337246
11143,560000000.0,560000000.0,585806921.5041147
11151,1070000000.0,560000000.0,1134490077.5537555
11154,1220000000.0,560000000.0,1257664777.4084666
11164,530000000.0,560000000.0,572228113.1304239
11168,745000000.0,560000000.0,712922430.0504946
11171,799000000.0,560000000.0,865600002.2838641
11176,435000000.0,560000000.0,461096668.29402584
11178,445000000.0,560000000.0,473231342.04813194
11184,485000000.0,560000000.0,533960342.03806674
11198,380000000.0,560000000.0,364099089.1811892
11201,495000000.0,560000000.0,442073294.4698494
11206,450000000.0,560000000.0,481058157.0562382
11209,485000000.0,560000000.0,529473035.4525258
11219,695000000.0,560000000.0,601845064.3349245
11231,745000000.0,560000000.0,720831004.0387626
11232,745000000.0,560000000.0,730734523.99661
11233,740000000.0,560000000.0,743173054.1425688
11237,780000000.0,560000000.0,805188000.3085712
11248,355000000.0,560000000.0,417352078.94104177
11251,250000000.0,560000000.0,299905685.39784503
11252,325000000.0,560000000.0,370186410.09950536
11255,355000000.0,560000000.0,356751810.644021
11261,165000000.0,560000000.0,178495971.62390414
11269,390000000.0,560000000.0,390440153.8824536
11276,485000000.0,560000000.0,521617147.3727828
11278,495000000.0,560000000.0,531247543.7203443
11287,185000000.0,560000000.0,196057261.19840145
11305,1115000000.0,560000000.0,1056418649.356926
11306,1115000000.0,560000000.0,1056418649.356926
11307,1110000000.0,560000000.0,1056418534.7490237
11323,695000000.0,560000000.0,627503846.6940264
11325,785000000.0,560000000.0,711221231.9055916
11329,979000000.0,560000000.0,963226910.311297
11331,1015000000.0,560000000.0,1062871790.1325891
11340,650000000.0,560000000.0,706602762.077858
11347,688000000.0,560000000.0,630543199.0510895
11348,689000000.0,560000000.0,702353343.5921215
11352,710000000.0,560000000.0,642640986.2125843
11358,375000000.0,560000000.0,455170181.88728046
11360,418000000.0,560000000.0,372960581.8923927
11365,390000000.0,560000000.0,405391374.3611601
11389,135000000.0,560000000.0,145712121.32839784
11395,515000000.0,560000000.0,538868868.3663528
11412,779000000.0,560000000.0,690934541.8742329
11413,779000000.0,560000000.0,690934579.3530132
11414,660000000.0,560000000.0,615107670.2980015
11417,659000000.0,560000000.0,615107670.2980015
11420,525000000.0,560000000.0,567842931.8065554
11421,510000000.0,560000000.0,548415502.6533545
11428,385000000.0,560000000.0,362305391.84865993
11429,385000000.0,560000000.0,362305391.84865993
11441,250000000.0,560000000.0,227183034.0657644
11444,250000000.0,560000000.0,250392510.58808997
11450,299000000.0,560000000.0,270950387.59217596
11454,310000000.0,560000000.0,328976545.1378822
11481,589000000.0,560000000.0,584804990.8502821
11484,599000000.0,560000000.0,636375556.6994731
11489,1115000000.0,560000000.0,1173647308.1787925
11490,1100000000.0,560000000.0,1173647276.3473654
11491,1090000000.0,560000000.0,1173647276.3473654
11494,1090000000.0,560000000.0,1173647276.3473654
11502,895000000.0,560000000.0,906637100.7404306
11507,895000000.0,560000000.0,906637100.7404306
11510,1029000000.0,560000000.0,1014182999.6496552
11521,1035000000.0,560000000.0,1016016342.9544636
11528,1120000000.0,560000000.0,1193123999.964618
11530,848000000.0,560000000.0,857020954.5924011
11537,968000000.0,560000000.0,978333910.1867543
11538,1010000000.0,560000000.0,976566258.3684628
11540,955000000.0,560000000.0,946229062.171667
11542,850000000.0,560000000.0,1059971410.7526298
11565,799000000.0,560000000.0,785928831.715172
11569,695000000.0,560000000.0,725593276.504845
11570,839000000.0,560000000.0,799521877.743544
11580,385000000.0,560000000.0,485891738.7598972
11597,875000000.0,560000000.0,875567908.8638828
11600,935000000.0,560000000.0,948630333.4285161
11603,926000000.0,560000000.0,1045284703.5808933
11610,539000000.0,560000000.0,526757078.5446137
11615,755000000.0,560000000.0,690339844.2474141
11628,685000000.0,560000000.0,651490810.9629198
11636,520000000.0,560000000.0,469362772.1288562
11637,590000000.0,560000000.0,571978856.1450828
11638,608000000.0,560000000.0,569880054.6959453
11639,635000000.0,560000000.0,569880054.6959453
11640,590000000.0,560000000.0,587542828.8422949
11645,110000000.0,560000000.0,88909184.4950032
11650,2679000000.0,560000000.0,2290505606.573806
11654,965000000.0,560000000.0,966101916.6556268
11667,995000000.0,560000000.0,997273013.1721346
11669,1069000000.0,560000000.0,1103551935.4784575
11670,1080000000.0,560000000.0,1103551935.4784575
11679,1330000000.0,560000000.0,1210846218.8613653
11683,1326000000.0,560000000.0,1210845923.2984197
11689,1568000000.0,560000000.0,1339885465.9028165
11694,1395000000.0,560000000.0,1339885829.3039498
11696,1450000000.0,560000000.0,1339885829.3039498
11700,930000000.0,560000000.0,1053353890.9398102
11702,345000000.0,560000000.0,335017559.1362326
11707,399000000.0,560000000.0,364560303.6540162
11712,390000000.0,560000000.0,387391228.1914245
11719,388000000.0,560000000.0,397146844.5609126
11727,268000000.0,560000000.0,239197634.05476457
11728,285000000.0,560000000.0,273761930.3015234
11729,240000000.0,560000000.0,241955314.2644723
11732,455000000.0,560000000.0,471474619.8445019
11743,520000000.0,560000000.0,528016565.073498
11750,220000000.0,560000000.0,188162552.91641432
11751,239000000.0,560000000.0,188162598.8461882
11754,279000000.0,560000000.0,256500065.7949943
11759,225000000.0,560000000.0,194730551.33484447
11770,165000000.0,560000000.0,187435150.59238166
11771,375000000.0,560000000.0,379137612.49003655
11774,28000000.0,560000000.0,39739889.67588931
11787,499000000.0,560000000.0,493383159.31302017
11804,539000000.0,560000000.0,517548905.4350791
11825,395000000.0,560000000.0,502242583.6630651
11829,445000000.0,560000000.0,430057958.9297593
11832,520000000.0,560000000.0,593632056.4996617
11834,448000000.0,560000000.0,470794084.1205372
11836,525000000.0,560000000.0,511002302.2952285
11837,490000000.0,560000000.0,504076734.51826215
11842,535000000.0,560000000.0,569429061.2858329
11846,458000000.0,560000000.0,450536133.7600659
11848,265000000.0,560000000.0,276182818.39154434
11851,455000000.0,560000000.0,431761009.57434374
11854,1080000000.0,560000000.0,992235488.7829767
11859,1040000000.0,560000000.0,1088439323.3814914
11864,739000000.0,560000000.0,823184556.8199117
11884,865000000.0,560000000.0,895387947.8983928
11886,899000000.0,560000000.0,800115663.7826748
11893,830000000.0,560000000.0,773482431.7224882
11897,3390000000.0,560000000.0,2200959244.872267
11904,2280000000.0,560000000.0,2430167940.0272827
11914,5200000000.0,560000000.0,4324511764.363043
11916,5680000000.0,560000000.0,4398120362.520891
11925,2199000000.0,560000000.0,2682986892.229914
11934,2186000000.0,560000000.0,1721494394.832262
11936,1969000000.0,560000000.0,1907655777.2114244
11943,2298000000.0,560000000.0,1894611796.9230878
11951,1499000000.0,560000000.0,3020510800.1349015
11954,3879000000.0,560000000.0,2694342069.2928314
11956,799000000.0,560000000.0,2143497482.1570544
11964,390000000.0,560000000.0,777049993.3713998
11965,405000000.0,560000000.0,789966958.9345013
11966,960000000.0,560000000.0,1592434410.5278418
11967,425000000.0,560000000.0,732278613.6476
11968,1539000000.0,560000000.0,1954521980.9669178
11969,1539000000.0,560000000.0,1954521980.9669178
11970,5550000000.0,560000000.0,3838800798.414618
11971,5600000000.0,560000000.0,3838800798.414618
11972,3290000000.0,560000000.0,2894808751.812044
11976,2089000000.0,560000000.0,1798824816.2659316
11977,2099000000.0,560000000.0,1798824816.2659316
11980,1069000000.0,560000000.0,1010028481.7873459
11982,1068000000.0,560000000.0,1131883483.2262692
11983,999000000.0,560000000.0,1131883483.2262692
11984,1429000000.0,560000000.0,1337878838.1274598
11985,1469000000.0,560000000.0,1337878838.1274598
11990,2150000000.0,560000000.0,1894073634.6425366
11994,1820000000.0,560000000.0,2249338083.200756
11997,3989000000.0,560000000.0,3896104784.8203597
12002,5950000000.0,560000000.0,4459304334.931931
12009,4550000000.0,560000000.0,3493034467.911498
12018,1250000000.0,560000000.0,1577349488.734413
12039,6290000000.0,560000000.0,5460676590.042584
12040,6960000000.0,560000000.0,6117095428.078419
12044,4444000000.0,560000000.0,4485297544.927109
12060,6900000000.0,560000000.0,6724878959.471268
12068,8750000000.0,560000000.0,6158038650.178772
12069,7750000000.0,560000000.0,6262868659.808191
12071,8090000000.0,560000000.0,6900980791.545614
12073,7800000000.0,560000000.0,6900976393.121696
12079,1290000000.0,560000000.0,1292605929.3413954
12085,1480000000.0,560000000.0,1543762797.5671434
12128,2390000000.0,560000000.0,2327177803.454717
12130,2379000000.0,560000000.0,2288224777.9029484
12133,2480000000.0,560000000.0,2480136370.947214
12146,2860000000.0,560000000.0,2808804658.615585
12148,2995000000.0,560000000.0,3046075696.0055904
12150,2990000000.0,560000000.0,3094993115.490436
12164,2890000000.0,560000000.0,2871041695.181711
12165,4490000000.0,560000000.0,3894617545.6375847
12166,615000000.0,560000000.0,922271212.4857132
12168,290000000.0,560000000.0,199722087.7171491
12174,395000000.0,560000000.0,452328283.49240774
12180,455000000.0,560000000.0,540919511.0074036
12192,370000000.0,560000000.0,401068306.2936632
12205,468000000.0,560000000.0,406868585.9260306
12206,475000000.0,560000000.0,442247333.57288885
12210,490000000.0,560000000.0,487307296.71686435
12217,579000000.0,560000000.0,599796364.4833113
12218,555000000.0,560000000.0,608904640.0305214
12225,620000000.0,560000000.0,718377778.8188114
12229,470000000.0,560000000.0,399655698.1900339
12234,599000000.0,560000000.0,649192790.4955554
12236,555000000.0,560000000.0,481851356.4542718
12245,358000000.0,560000000.0,325697519.6601987
12248,340000000.0,560000000.0,352469417.4806851
12250,562000000.0,560000000.0,585637743.0946422
12251,58000000.0,560000000.0,68411003.6882784
12253,356000000.0,560000000.0,351758655.9961264
12256,318000000.0,560000000.0,333633563.5224639
12259,555000000.0,560000000.0,556535634.1428035
12260,380000000.0,560000000.0,339930648.35281545
12263,529000000.0,560000000.0,501118816.89460164
12265,515000000.0,560000000.0,508728458.8486039
12267,550000000.0,560000000.0,552176948.5002077
12268,389000000.0,560000000.0,437017582.1363802
12269,389000000.0,560000000.0,437017582.1363802
12274,610000000.0,560000000.0,571937938.4141761
12278,379000000.0,560000000.0,411104291.04302555
12280,450000000.0,560000000.0,460346485.0320045
12292,630000000.0,560000000.0,565437798.5919647
12293,630000000.0,560000000.0,565437798.5919647
12295,599000000.0,560000000.0,546029421.5439916
12306,735000000.0,560000000.0,816004116.7555668
12310,658000000.0,560000000.0,623719782.5565563
12313,698000000.0,560000000.0,687268601.6297811
12323,765000000.0,560000000.0,684893899.3674306
12324,766000000.0,560000000.0,665505557.937372
12325,790000000.0,560000000.0,743388201.665694
12326,770000000.0,560000000.0,819130631.7348709
12327,775000000.0,560000000.0,717074009.4765347
12334,690000000.0,560000000.0,641797182.4793686
12340,735000000.0,560000000.0,747257457.3727834
12341,899000000.0,560000000.0,922371528.4438769
12342,669000000.0,560000000.0,749181688.3405774
12348,6900000000.0,560000000.0,3169946591.1655617
12350,288000000.0,560000000.0,385306271.3560186
12351,350000000.0,560000000.0,397482698.25673723
12352,629000000.0,560000000.0,722801706.7500255
12354,255000000.0,560000000.0,350766803.96676147
12355,450000000.0,560000000.0,494919489.69829696
12357,479000000.0,560000000.0,494919489.69829696
12359,479000000.0,560000000.0,545345524.0401198
12361,415000000.0,560000000.0,545346855.2095466
12366,599000000.0,560000000.0,591083540.2948408
12369,640000000.0,560000000.0,673407533.0124004
12372,595000000.0,560000000.0,673407533.0124004
12375,820000000.0,560000000.0,604051376.7499812
12394,780000000.0,560000000.0,757738452.9961067
12404,899000000.0,560000000.0,970787327.087311
12408,230000000.0,560000000.0,303869754.6711662
12410,315000000.0,560000000.0,371039436.93371266
12412,505000000.0,560000000.0,518236194.60557175
12415,589000000.0,560000000.0,570815804.4691473
12416,610000000.0,560000000.0,628975617.1637897
12419,255000000.0,560000000.0,587025702.6281884
12421,575000000.0,560000000.0,660716678.990369
12428,679000000.0,560000000.0,730108246.2939639
12436,879000000.0,560000000.0,898647279.1817911
12438,839000000.0,560000000.0,886467513.4099699
12452,1399000000.0,560000000.0,1215361013.106029
12459,1239000000.0,560000000.0,1190490936.344607
12461,405000000.0,560000000.0,548141331.6366267
12463,715000000.0,560000000.0,614032954.5846194
12467,1180000000.0,560000000.0,1242250088.055627
12471,1279000000.0,560000000.0,1368819098.2118177
12472,1239000000.0,560000000.0,1327667210.3892703
12473,1239000000.0,560000000.0,1327667210.3892703
12481,1090000000.0,560000000.0,946145341.266515
12482,1090000000.0,560000000.0,946145341.266515
12483,238000000.0,560000000.0,306238441.5513415
12484,450000000.0,560000000.0,479004334.21188843
12492,1269000000.0,560000000.0,1308060786.1632571
12493,1279000000.0,560000000.0,1308060715.2093287
12494,1289000000.0,560000000.0,1308060786.1632571
12496,1535000000.0,560000000.0,1441336725.2529664
12499,1788000000.0,560000000.0,1588191261.7223074
12507,2986000000.0,560000000.0,1815789318.7685227
12510,4350000000.0,560000000.0,5162279872.9676695
12516,7999000000.0,560000000.0,6044947354.339346
12518,6990000000.0,560000000.0,6019370728.141239
12521,7379000000.0,560000000.0,5954527321.256633
12527,545000000.0,560000000.0,916616263.7063997
12530,1150000000.0,560000000.0,1852909989.6490076
12531,950000000.0,560000000.0,1538043383.0907192
12533,760000000.0,560000000.0,818016926.8326985
12538,1090000000.0,560000000.0,993201822.745298
12541,990000000.0,560000000.0,979739906.0796103
12542,1099000000.0,560000000.0,993201283.996979
12543,1050000000.0,560000000.0,980849372.9564465
12550,970000000.0,560000000.0,1010109210.050192
12551,1039000000.0,560000000.0,1113026256.8021836
12557,1139000000.0,560000000.0,1094396670.92737
12558,1139000000.0,560000000.0,1094396670.92737
12559,1155000000.0,560000000.0,1094396670.92737
12570,999000000.0,560000000.0,1092119607.3167393
12571,1299000000.0,560000000.0,1219925739.5571623
12591,1899000000.0,560000000.0,2200114438.5559506
12594,715000000.0,560000000.0,757256775.001534
12596,765000000.0,560000000.0,767660937.1608701
12603,860000000.0,560000000.0,845876470.7367159
12607,789000000.0,560000000.0,846104617.8124658
12609,650000000.0,560000000.0,846106453.6450102
12610,710000000.0,560000000.0,832267472.7910787
12611,695000000.0,560000000.0,846103562.2105548
12613,799000000.0,560000000.0,920717335.0759783
12618,856000000.0,560000000.0,1027303018.7638038
12619,945000000.0,560000000.0,1027304161.1191118
12621,935000000.0,560000000.0,1027304161.1191118
12623,965000000.0,560000000.0,1027304161.1191118
12628,979000000.0,560000000.0,1098372587.5787194
12631,1239000000.0,560000000.0,1501003904.9295945
12644,1399000000.0,560000000.0,1374396344.021579
12646,1679000000.0,560000000.0,1514429942.6085913
12653,2079000000.0,560000000.0,1668732731.9821234
12654,2079000000.0,560000000.0,1668732731.9821234
12656,1999000000.0,560000000.0,1646116147.0947032
12662,2650000000.0,560000000.0,2478698681.4648805
12663,2529000000.0,560000000.0,2478698522.1374235
12668,1789000000.0,560000000.0,1671851046.374929
12670,990000000.0,560000000.0,1315018462.2402518
12678,2450000000.0,560000000.0,2612511474.3291864
12680,2999000000.0,560000000.0,4869045153.850037
12682,470000000.0,560000000.0,681241199.8514084
12687,255000000.0,560000000.0,436326136.14707357
12696,960000000.0,560000000.0,1375343647.1990342
12699,3199000000.0,560000000.0,3099853308.3000283
12712,3879000000.0,560000000.0,3763711896.3996525
12728,6600000000.0,560000000.0,4298925784.08674
12729,699000000.0,560000000.0,1116239283.9000905
12731,255000000.0,560000000.0,453384977.59785384
12742,1095000000.0,560000000.0,1095237395.522589
12755,4099000000.0,560000000.0,3319148871.7308135
12756,3350000000.0,560000000.0,3313160194.5863156
12762,2799000000.0,560000000.0,2866238187.0010624
12765,3799000000.0,560000000.0,3480061763.971484
12770,3668000000.0,560000000.0,3539301727.1281753
12772,3390000000.0,560000000.0,3539302783.042975
12773,3380000000.0,560000000.0,3539302783.042975
12781,5999000000.0,560000000.0,4735111799.530609
12782,5999000000.0,560000000.0,4735111799.530609
12784,4199000000.0,560000000.0,2508858967.0125012
12801,1680000000.0,560000000.0,1513123427.808321
12802,1899000000.0,560000000.0,1695637033.0961924
12803,1899000000.0,560000000.0,1695637033.0961924
12805,1880000000.0,560000000.0,1868402513.7701058
12806,2190000000.0,560000000.0,1868402513.7701058
12814,2439000000.0,560000000.0,2058769649.2249217
12815,2350000000.0,560000000.0,2058770654.300941
12817,240000000.0,560000000.0,1095607691.6532001
12823,1189000000.0,560000000.0,1150939902.8252246
12835,295000000.0,560000000.0,304014946.64393175
12837,275000000.0,560000000.0,304015070.32545424
12839,260000000.0,560000000.0,298926476.9475047
12840,260000000.0,560000000.0,298926476.9475047
12841,360000000.0,560000000.0,360426449.1641456
12849,390000000.0,560000000.0,430289983.3259399
12854,680000000.0,560000000.0,611189285.1675881
12856,555000000.0,560000000.0,602046991.7822653
12859,515000000.0,560000000.0,450442252.7015535
12862,399000000.0,560000000.0,361440870.7499666
12864,425000000.0,560000000.0,452572338.16389006
12866,365000000.0,560000000.0,341473206.42862463
12867,379000000.0,560000000.0,376265373.29935586
12872,415000000.0,560000000.0,414602369.2545987
12874,405000000.0,560000000.0,414602391.74412584
12880,1699000000.0,560000000.0,1516496865.0319304
12881,1699000000.0,560000000.0,1516496865.0319304
12882,1699000000.0,560000000.0,1516496865.0319304
12885,1479000000.0,560000000.0,1244984749.8436174
12888,720000000.0,560000000.0,578092513.7907475
12889,989000000.0,560000000.0,1554080714.878958
12896,2450000000.0,560000000.0,96948890.76833414
12898,320000000.0,560000000.0,327489623.49938315
12912,630000000.0,560000000.0,652965306.4855871
12918,165000000.0,560000000.0,177000370.699879
12929,320000000.0,560000000.0,369967595.18801624
12935,390000000.0,560000000.0,419539623.2746373
12936,365000000.0,560000000.0,402521836.53675735
12938,505000000.0,560000000.0,518684808.7755034
12941,515000000.0,560000000.0,526777954.88505715
12943,540000000.0,560000000.0,592187400.8691329
12947,385000000.0,560000000.0,321883212.4759991
12948,389000000.0,560000000.0,321883212.4759991
12952,360000000.0,560000000.0,340140973.0074989
12959,395000000.0,560000000.0,425280961.1627161
12960,415000000.0,560000000.0,531761222.37386054
12962,419000000.0,560000000.0,433024260.97355163
12968,350000000.0,560000000.0,385227895.4252017
12970,475000000.0,560000000.0,481529381.35427046
12971,465000000.0,560000000.0,481529381.35427046
12972,460000000.0,560000000.0,481529381.35427046
12978,525000000.0,560000000.0,590190386.9599141
12980,310000000.0,560000000.0,353603262.8274034
12982,370000000.0,560000000.0,429973129.45155895
12988,385000000.0,560000000.0,315620423.0834102
12995,535000000.0,560000000.0,624951746.2020324
13014,315000000.0,560000000.0,353541408.60836786
13018,480000000.0,560000000.0,449005248.7937398
13020,640000000.0,560000000.0,645597402.802376
13021,640000000.0,560000000.0,645597402.802376
13022,635000000.0,560000000.0,645597280.2340331
13039,745000000.0,560000000.0,718604631.5491533
13040,810000000.0,560000000.0,750452763.9518658
13047,4790000000.0,560000000.0,5038075128.656091
13056,2399000000.0,560000000.0,2726791637.80719
13057,2399000000.0,560000000.0,2726791637.80719
13060,420000000.0,560000000.0,834134903.0620416
13061,999000000.0,560000000.0,1097708190.2268438
13076,1548000000.0,560000000.0,1629141218.7931504
13081,1850000000.0,560000000.0,1850771544.719456
13082,1850000000.0,560000000.0,1850771544.719456
13088,2299000000.0,560000000.0,2434642008.4267025
13093,3250000000.0,560000000.0,2988228385.360474
13094,3990000000.0,560000000.0,3292694801.388127
13098,3999000000.0,560000000.0,3999858685.5497785
13099,3999000000.0,560000000.0,3999858360.0996623
13100,7199000000.0,560000000.0,5319006361.335712
13102,4100000000.0,560000000.0,3062911642.308709
13106,3350000000.0,560000000.0,3063082878.3794856
13114,3969000000.0,560000000.0,3432630071.81098
13115,5599000000.0,560000000.0,3208721393.8647356
13117,295000000.0,560000000.0,305262162.362201
13123,479000000.0,560000000.0,595942504.0085362
13129,655000000.0,560000000.0,739723176.7183005
13131,285000000.0,560000000.0,316101197.86888915
13133,319000000.0,560000000.0,324944511.54018676
13134,160000000.0,560000000.0,184452463.17010382
13135,139000000.0,560000000.0,184452563.22379473
13138,240000000.0,560000000.0,193854930.1018521
13143,295000000.0,560000000.0,224120237.28522933
13153,4450000000.0,560000000.0,1778377255.5283306
13154,4450000000.0,560000000.0,1778377255.5283306
13156,2789000000.0,560000000.0,2218882750.0320754
13157,2750000000.0,560000000.0,2218882750.0320754
13166,215000000.0,560000000.0,176669950.45635962
13171,480000000.0,560000000.0,468930728.3762344
13173,770000000.0,560000000.0,760607811.3739237
13174,770000000.0,560000000.0,760607811.3739237
13181,989000000.0,560000000.0,883770477.9063269
13184,1155000000.0,560000000.0,1182367525.1461775
13188,280000000.0,560000000.0,303879699.8163354
13200,1415000000.0,560000000.0,1514689426.2311656
13205,590000000.0,560000000.0,496908487.5041562
13207,779000000.0,560000000.0,664537694.9600377
13208,799000000.0,560000000.0,786315374.5051324
13218,1045000000.0,560000000.0,1069892158.2451779
13223,379000000.0,560000000.0,330594058.4695662
13225,280000000.0,560000000.0,248078856.4211627
13232,407000000.0,560000000.0,419367154.1958771
13239,640000000.0,560000000.0,686164915.0290685
13247,595000000.0,560000000.0,674626420.4540343
13249,639000000.0,560000000.0,713759717.9114574
13252,610000000.0,560000000.0,554891493.3157425
13266,660000000.0,560000000.0,663647953.3469667
13272,775000000.0,560000000.0,819489155.8965626
13274,720000000.0,560000000.0,794852681.520315
13291,590000000.0,560000000.0,536246420.0392883
13305,419000000.0,560000000.0,470330831.1807558
13309,415000000.0,560000000.0,409047794.6130266
13310,380000000.0,560000000.0,438345486.07818377
13311,450000000.0,560000000.0,438345248.3038576
13312,385000000.0,560000000.0,415848895.76182365
13314,370000000.0,560000000.0,415848895.76182365
13324,629000000.0,560000000.0,698124379.9741577
13329,379000000.0,560000000.0,430137312.4431006
13331,875000000.0,560000000.0,1003801343.4923599
13333,845000000.0,560000000.0,1049888513.9301392
13334,818000000.0,560000000.0,1049889140.3774319
13338,1125000000.0,560000000.0,1161610413.425724
13342,429000000.0,560000000.0,435950210.0940642
13346,525000000.0,560000000.0,373071788.74914163
13355,375000000.0,560000000.0,401089433.84717697
13360,285000000.0,560000000.0,351066359.57585293
13365,799000000.0,560000000.0,894185692.2513107
13367,795000000.0,560000000.0,931990561.0678887
13369,825000000.0,560000000.0,884159389.2489886
13370,945000000.0,560000000.0,996447661.7464033
13374,980000000.0,560000000.0,1209844604.6749432
13379,458000000.0,560000000.0,538001565.2501366
13400,4580000000.0,560000000.0,4174521504.033256
13401,4350000000.0,560000000.0,4243915261.4941864
13407,4999000000.0,560000000.0,4755926126.832348
13408,4999000000.0,560000000.0,4755926126.832348
13411,4888000000.0,560000000.0,4755922257.155313
13424,3950000000.0,560000000.0,3383111043.0819387
13427,3990000000.0,560000000.0,3383111043.0819387
13432,2590000000.0,560000000.0,2668173730.2714915
13444,2599000000.0,560000000.0,2257902725.8879585
13447,2950000000.0,560000000.0,2529320148.665615
13449,2990000000.0,560000000.0,2529320148.665615
13450,2950000000.0,560000000.0,2529320285.865058
13456,2890000000.0,560000000.0,2017415168.9556527
13472,1146000000.0,560000000.0,1120777135.681387
13480,1790000000.0,560000000.0,1634433649.632749
13481,1599000000.0,560000000.0,1634434536.208708
13490,1750000000.0,560000000.0,1634432541.4134822
13494,2068000000.0,560000000.0,1984457999.7685468
13507,465000000.0,560000000.0,457845238.479958
13508,460000000.0,560000000.0,457845288.1503119
13519,475000000.0,560000000.0,555896624.9795129
13520,488000000.0,560000000.0,555896444.0565238
13521,493000000.0,560000000.0,555896444.0565238
13522,510000000.0,560000000.0,612535831.7130648
13523,386000000.0,560000000.0,419041116.2691102
13526,475000000.0,560000000.0,529589934.1375303
13548,385000000.0,560000000.0,372148803.5305561
13564,318000000.0,560000000.0,282309684.2460738
13568,229000000.0,560000000.0,234764664.12436095
13569,235000000.0,560000000.0,234764715.062292
13570,240000000.0,560000000.0,227397550.6046389
13577,415000000.0,560000000.0,440946587.5896026
13579,535000000.0,560000000.0,580608745.3299953
13589,230000000.0,560000000.0,108010320.46475644
13592,239000000.0,560000000.0,228779983.5461815
13594,255000000.0,560000000.0,252090111.28574827
13611,305000000.0,560000000.0,290089677.24040014
13613,293000000.0,560000000.0,294075451.8210147
13615,619000000.0,560000000.0,599606214.1339697
13616,648000000.0,560000000.0,565403745.3806258
13629,460000000.0,560000000.0,474051597.6700611
13630,435000000.0,560000000.0,452177921.24421066
13631,499000000.0,560000000.0,489909946.03520215
13635,515000000.0,560000000.0,509386855.3273976
13644,480000000.0,560000000.0,466465078.8578294
13661,202000000.0,560000000.0,229963306.85846287
13669,235000000.0,560000000.0,254327098.29237756
13675,225000000.0,560000000.0,259672759.40099123
13684,265000000.0,560000000.0,259672759.40099123
13686,259000000.0,560000000.0,256875278.78498885
13701,369000000.0,560000000.0,361037928.26264834
13705,330000000.0,560000000.0,359002014.9133116
13713,399000000.0,560000000.0,395580207.3668186
13724,405000000.0,560000000.0,431189602.980339
13730,555000000.0,560000000.0,539210225.3819757
13731,570000000.0,560000000.0,531901593.60150915
13732,595000000.0,560000000.0,539209201.6782397
13733,600000000.0,560000000.0,600618774.6502216
13735,595000000.0,560000000.0,594148603.0323912
13737,599000000.0,560000000.0,594148603.0323912
13738,590000000.0,560000000.0,603171212.013838
13741,590000000.0,560000000.0,603170868.4730421
13743,599000000.0,560000000.0,594148603.0323912
13749,515000000.0,560000000.0,500348819.3128257
13751,605000000.0,560000000.0,607852110.5660039
13753,620000000.0,560000000.0,599614710.4823896
13754,615000000.0,560000000.0,599614710.4823896
13757,760000000.0,560000000.0,811051033.0689248
13758,499000000.0,560000000.0,563246838.687625
13762,630000000.0,560000000.0,629163235.4287053
13765,587000000.0,560000000.0,620636058.102898
13774,595000000.0,560000000.0,639872997.2241476
13785,588000000.0,560000000.0,624389014.2620454
13788,580000000.0,560000000.0,615927077.4883064
13796,680000000.0,560000000.0,698454778.5652134
13799,650000000.0,560000000.0,699719162.3996198
13801,760000000.0,560000000.0,698455157.4323617
13803,580000000.0,560000000.0,688276780.5066929
13805,655000000.0,560000000.0,649016387.4795116
13820,635000000.0,560000000.0,678683266.4188807
13831,915000000.0,560000000.0,920461365.6633083
13836,1235000000.0,560000000.0,1091018757.5900428
13838,1070000000.0,560000000.0,1025745203.5373399
13841,1150000000.0,560000000.0,1049121618.2167555
13865,1655000000.0,560000000.0,1640069066.0161564
13871,1839000000.0,560000000.0,1807173314.2130494
13876,1900000000.0,560000000.0,1623707135.5783033
13877,1890000000.0,560000000.0,1701164110.0146222
13882,1790000000.0,560000000.0,1684289988.6691675
13884,1999000000.0,560000000.0,1701164110.0146222
13896,1550000000.0,560000000.0,1458941048.6050758
13903,2100000000.0,560000000.0,2264872004.24942
13905,1999000000.0,560000000.0,1925384516.698041
13913,1489000000.0,560000000.0,1149618156.0065072
13918,379000000.0,560000000.0,459806046.348857
13924,95000000.0,560000000.0,79383340.55040634
13934,189000000.0,560000000.0,200328741.8500546
13953,835000000.0,560000000.0,892161921.4231085
13958,315000000.0,560000000.0,329275084.74118215
13963,440000000.0,560000000.0,436753565.735772
13970,473000000.0,560000000.0,419165856.69817805
13976,630000000.0,560000000.0,697026163.4270861
13983,370000000.0,560000000.0,447552105.8929835
14006,540000000.0,560000000.0,553860819.2167171
14007,545000000.0,560000000.0,553860819.2167171
14011,479000000.0,560000000.0,482083733.9393503
14015,280000000.0,560000000.0,283934226.92327654
14024,225000000.0,560000000.0,243682140.166494
14044,555000000.0,560000000.0,503460486.1699226
14054,1070000000.0,560000000.0,1023534543.5981226
14055,348000000.0,560000000.0,374757889.22858894
14065,379000000.0,560000000.0,397146844.5609126
14066,519000000.0,560000000.0,493301744.95796806
14071,130000000.0,560000000.0,142143830.00578448
14073,225000000.0,560000000.0,239682136.9089396
14082,475000000.0,560000000.0,447254987.0618718
14094,465000000.0,560000000.0,473641463.1554501
14097,799000000.0,560000000.0,748654430.1988437
14099,2999000000.0,560000000.0,2030648021.8260462
14111,329000000.0,560000000.0,325385151.62014365
14112,325000000.0,560000000.0,325385151.62014365
14116,495000000.0,560000000.0,499381821.6610323
14123,565000000.0,560000000.0,670945410.8761363
14125,415000000.0,560000000.0,357784824.3023395
14131,450000000.0,560000000.0,577481049.0718753
14143,739000000.0,560000000.0,802661410.512164
14144,699000000.0,560000000.0,632288505.3139657
14147,720000000.0,560000000.0,719114487.6487309
14157,1850000000.0,560000000.0,1608474521.0647523
14158,2100000000.0,560000000.0,1720511923.423586
14159,1050000000.0,560000000.0,1170566682.5795293
14161,2299000000.0,560000000.0,2468641532.9045753
14172,2439000000.0,560000000.0,2731249504.0111327
14174,200000000.0,560000000.0,367308119.94766283
14175,2999000000.0,560000000.0,2992505867.818363
14176,285000000.0,560000000.0,390354160.503368
14177,285000000.0,560000000.0,298926335.87834674
14178,285000000.0,560000000.0,298926335.87834674
14184,374000000.0,560000000.0,330712753.44223195
14189,395000000.0,560000000.0,414602391.74412584
14196,210000000.0,560000000.0,212246533.93482202
14198,198000000.0,560000000.0,208775636.4947392
14204,175000000.0,560000000.0,206995014.95614377
14208,229000000.0,560000000.0,239738846.44473708
14211,629000000.0,560000000.0,600728940.5321732
14232,249000000.0,560000000.0,193467357.28136703
14246,3600000000.0,560000000.0,1961690167.9647832
14252,289000000.0,560000000.0,259352305.45567235
14253,355000000.0,560000000.0,339302754.0066887
14259,110000000.0,560000000.0,65002805.39360828
14260,285000000.0,560000000.0,223802713.35093144
14262,655000000.0,560000000.0,732243139.4108387
14266,455000000.0,560000000.0,498782273.50223064
14283,1050000000.0,560000000.0,915386793.4779413
14284,230000000.0,560000000.0,254714682.6381816
14289,445000000.0,560000000.0,451186321.88537115
14298,230000000.0,560000000.0,231923450.59088114
14301,259000000.0,560000000.0,252090104.4486099
14304,200000000.0,560000000.0,245079245.78608325
14306,248000000.0,560000000.0,273232782.6945557
14308,475000000.0,560000000.0,500861041.6351049
14310,380000000.0,560000000.0,404497820.58525354
14312,395000000.0,560000000.0,397824064.0775
14316,735000000.0,560000000.0,798919175.5248114
14322,280000000.0,560000000.0,242060518.79300773
14324,1550000000.0,560000000.0,1246610250.6907918
14326,3000000000.0,560000000.0,3181970458.9773417
14333,268000000.0,560000000.0,231118406.54380673
14339,55000000.0,560000000.0,41677579.4003347
14340,240000000.0,560000000.0,230100685.30612704
14349,468000000.0,560000000.0,493065366.4769698
14350,400000000.0,560000000.0,426533723.0549634
14353,750000000.0,560000000.0,720830935.2219365
14381,408000000.0,560000000.0,432611388.48007184
14382,920000000.0,560000000.0,976011509.0429126
14388,800000000.0,560000000.0,2120249217.7668815
14389,579000000.0,560000000.0,450066490.53426737
14390,310000000.0,560000000.0,400402187.7084328
14395,210000000.0,560000000.0,315265735.92324466
14403,289000000.0,560000000.0,352980852.46146095
14413,470000000.0,560000000.0,442996073.30041665
14414,770000000.0,560000000.0,734000344.1395668
14422,2599000000.0,560000000.0,2605564168.103015
14429,295000000.0,560000000.0,337748546.7897739
14432,530000000.0,560000000.0,454137734.711772
14433,300000000.0,560000000.0,345030290.7528508
14450,378000000.0,560000000.0,391499304.97324973
14452,585000000.0,560000000.0,637209747.4156698
14454,396000000.0,560000000.0,447621609.69823295
14466,525000000.0,560000000.0,560748238.8756274
14472,120000000.0,560000000.0,254381506.67434752
14474,79000000.0,560000000.0,100762309.93268025
14480,650000000.0,560000000.0,547537769.5655563
14484,345000000.0,560000000.0,339748801.4771961
14490,69000000.0,560000000.0,38567810.015890226
14491,45000000.0,560000000.0,37003361.730385564
14495,479000000.0,560000000.0,550022311.852271
14496,485000000.0,560000000.0,550022311.852271
14498,370000000.0,560000000.0,336307201.2085227
14499,400000000.0,560000000.0,364510903.238704
14501,365000000.0,560000000.0,381037048.9928863
14506,295000000.0,560000000.0,321219502.9000864
14511,370000000.0,560000000.0,354034107.1780227
14514,415000000.0,560000000.0,529203793.96299314
14524,1550000000.0,560000000.0,1617881606.036269
14527,225000000.0,560000000.0,231161930.19559148
14538,315000000.0,560000000.0,387291608.74816525
14544,265000000.0,560000000.0,305363897.8481582
14555,1350000000.0,560000000.0,1661092811.3741589
14561,700000000.0,560000000.0,906637002.3819093
14564,260000000.0,560000000.0,288830679.7015498
14571,270000000.0,560000000.0,293510563.76614267
14577,337000000.0,560000000.0,333715443.0931798
14595,220000000.0,560000000.0,208920327.64095247
14610,889000000.0,560000000.0,648272279.9051805
14613,139000000.0,560000000.0,135816364.09364313
14618,670000000.0,560000000.0,810860622.4619722
14622,295000000.0,560000000.0,278666035.02334183
14627,335000000.0,560000000.0,298753230.3724299
14630,590000000.0,560000000.0,715655232.3700275
14637,179000000.0,560000000.0,186615675.22202188
14639,165000000.0,560000000.0,118384690.72169466
14643,195000000.0,560000000.0,224170202.83140755
14646,85000000.0,560000000.0,93214990.71127024
14651,102000000.0,560000000.0,50342195.246950954
14652,65000000.0,560000000.0,57087557.83464322
14653,56000000.0,560000000.0,61963183.91796074
14659,78000000.0,560000000.0,59686228.961107835
14660,54000000.0,560000000.0,68458444.09356633
14668,295000000.0,560000000.0,304937129.339498
14670,129000000.0,560000000.0,182838931.78950638
14686,845000000.0,560000000.0,756989865.7794509
14690,1095000000.0,560000000.0,1122269320.0024307
14693,555000000.0,560000000.0,566551552.3153416
14703,775000000.0,560000000.0,702206842.7682755
14705,450000000.0,560000000.0,420703510.8822522
14709,485000000.0,560000000.0,453555797.5535747
14713,565000000.0,560000000.0,456785502.6659302
14736,425000000.0,560000000.0,452978527.63290745
14742,365000000.0,560000000.0,355621693.85483694
14743,370000000.0,560000000.0,385993957.91065496
14746,305000000.0,560000000.0,254869992.71046472
14747,685000000.0,560000000.0,654919272.5339447
14750,575000000.0,560000000.0,624959247.0268987
14759,365000000.0,560000000.0,364866279.549582
14767,350000000.0,560000000.0,406385156.25443625
14782,388000000.0,560000000.0,361889631.2259647
14789,338000000.0,560000000.0,312854270.35342747
14793,395000000.0,560000000.0,386169087.91491497
14795,195000000.0,560000000.0,232646654.54554003
14803,220000000.0,560000000.0,220308568.0723519
14804,315000000.0,560000000.0,310164034.907324
14805,305000000.0,560000000.0,310164034.907324
14806,345000000.0,560000000.0,342738713.44137424
14808,455000000.0,560000000.0,579450299.0434153
14809,222000000.0,560000000.0,191884469.20027953
14811,600000000.0,560000000.0,552943824.391973
14826,405000000.0,560000000.0,351259508.4668116
14829,105000000.0,560000000.0,79710676.69527033
14831,74000000.0,560000000.0,90526721.67425264
14832,335000000.0,560000000.0,302868338.5769088
14835,315000000.0,560000000.0,392152907.34333724
14836,310000000.0,560000000.0,315920155.9371435
14855,175000000.0,560000000.0,188525931.93620682
14866,265000000.0,560000000.0,236608625.91349322
14886,875000000.0,560000000.0,753712395.7050482
14889,560000000.0,560000000.0,464683486.06738704
14893,680000000.0,560000000.0,560405048.7063216
14901,430000000.0,560000000.0,407058989.22827417
14913,420000000.0,560000000.0,407258350.9492317
14922,305000000.0,560000000.0,315936407.26436806
14926,255000000.0,560000000.0,133194069.19983669
14927,239000000.0,560000000.0,239291314.7724026
14932,280000000.0,560000000.0,295631321.27920014
14936,175000000.0,560000000.0,158948990.23304683
14940,90000000.0,560000000.0,69730931.0151348
14947,165000000.0,560000000.0,172095355.9250108
14948,168000000.0,560000000.0,184880424.27528238
14949,138000000.0,560000000.0,212124041.94181794
14977,485000000.0,560000000.0,426261451.1033125
14982,550000000.0,560000000.0,542597368.2985137
14986,330000000.0,560000000.0,374340488.30360115
15001,525000000.0,560000000.0,460467420.55939746
15012,405000000.0,560000000.0,541754567.7419616
15014,315000000.0,560000000.0,314283361.41835946
15016,425000000.0,560000000.0,394509483.55251163
15017,388000000.0,560000000.0,395068695.72885936
15023,568000000.0,560000000.0,599796624.7642992
15036,565000000.0,560000000.0,601888377.8928798
15049,400000000.0,560000000.0,514219388.1825943
15053,800000000.0,560000000.0,689433849.7264905
15058,690000000.0,560000000.0,831941151.5416564
15077,445000000.0,560000000.0,466754044.3229213
15078,448000000.0,560000000.0,466754044.3229213
15079,395000000.0,560000000.0,447621609.69823295
15082,420000000.0,560000000.0,474513707.1445365
15083,328000000.0,560000000.0,306867709.3064325
15085,328000000.0,560000000.0,306867709.3064325
15103,560000000.0,560000000.0,589092388.5760094
15107,575000000.0,560000000.0,658032412.8204339
15112,335000000.0,560000000.0,369403981.208778
15119,680000000.0,560000000.0,683507806.553313
15123,670000000.0,560000000.0,601746814.515603
15130,86000000.0,560000000.0,47773628.892148614
15138,770000000.0,560000000.0,805772859.8340563
15140,685000000.0,560000000.0,701889786.1921152
15142,730000000.0,560000000.0,793275033.9548628
15143,710000000.0,560000000.0,673088444.8679478
15144,735000000.0,560000000.0,673089175.0832051
15145,565000000.0,560000000.0,504599226.61593705
15153,690000000.0,560000000.0,632232802.1051599
15166,480000000.0,560000000.0,498782503.47614324
15167,565000000.0,560000000.0,615218880.2826838
15173,495000000.0,560000000.0,627375806.9376867
15186,395000000.0,560000000.0,359920065.07298225
15187,355000000.0,560000000.0,354034107.1780227
15192,430000000.0,560000000.0,413543003.07418215
15198,535000000.0,560000000.0,472679488.30452067
15201,550000000.0,560000000.0,543860320.4582576
15209,455000000.0,560000000.0,513081954.4419243
15213,535000000.0,560000000.0,490926971.8758939
15217,495000000.0,560000000.0,529589589.415242
15227,290000000.0,560000000.0,305838282.2602198
15229,280000000.0,560000000.0,305838282.2602198
15231,360000000.0,560000000.0,387291608.74816525
15240,390000000.0,560000000.0,428166455.4432486
15249,280000000.0,560000000.0,365525201.14294523
15251,250000000.0,560000000.0,285605780.6526513
15262,275000000.0,560000000.0,263659043.4483227
15267,275000000.0,560000000.0,299245657.9956522
15271,235000000.0,560000000.0,256512052.42597058
15276,860000000.0,560000000.0,1352899246.201567
15285,1489000000.0,560000000.0,1348840931.3392959
15287,1539000000.0,560000000.0,1348840931.3392959
15289,1699000000.0,560000000.0,1149617563.5920558
15290,1700000000.0,560000000.0,1149617563.5920558
15293,1850000000.0,560000000.0,1668747133.9056745
15294,1900000000.0,560000000.0,1668747133.9056745
15295,1900000000.0,560000000.0,1668747133.9056745
15296,1899000000.0,560000000.0,1668747156.5353875
15301,125000000.0,560000000.0,140690120.65107882
15303,239000000.0,560000000.0,418151035.713696
15306,258000000.0,560000000.0,254983706.13082582
15316,165000000.0,560000000.0,170881494.1133782
15317,150000000.0,560000000.0,173005412.99794728
15321,799000000.0,560000000.0,865600260.5268552
15325,599000000.0,560000000.0,610070650.6610173
15328,460000000.0,560000000.0,439753154.2060959
15336,265000000.0,560000000.0,269014781.21130717
15341,335000000.0,560000000.0,340775234.20396
15347,180000000.0,560000000.0,209435976.72674182
15349,620000000.0,560000000.0,633669748.1433879
15351,630000000.0,560000000.0,623064646.0520159
15356,448000000.0,560000000.0,373796481.3955283
15358,489000000.0,560000000.0,461693823.728312
15372,258000000.0,560000000.0,243680010.45459846
15374,335000000.0,560000000.0,308761510.2179889
15390,265000000.0,560000000.0,232646654.54554003
15398,258000000.0,560000000.0,215885602.8951347
15399,609000000.0,560000000.0,572669266.4879191
15400,539000000.0,560000000.0,562355856.7422804
15408,315000000.0,560000000.0,325013993.0025504
15409,450000000.0,560000000.0,385950351.82106066
15421,385000000.0,560000000.0,410764368.49010974
15422,398000000.0,560000000.0,410764223.66142607
15435,215000000.0,560000000.0,183953482.64928263
15451,929000000.0,560000000.0,879723796.6326466
15453,889000000.0,560000000.0,873351410.2303885
15463,379000000.0,560000000.0,626309909.2302107
15469,848000000.0,560000000.0,849245688.4085771
15474,629000000.0,560000000.0,626505698.0006878
15490,1075000000.0,560000000.0,986529532.0676963
15491,1020000000.0,560000000.0,986529532.0676963
15506,307000000.0,560000000.0,293959819.61539143
15515,454000000.0,560000000.0,456002735.1732875
15520,499000000.0,560000000.0,518444655.1802181
15530,148000000.0,560000000.0,174956443.26723582
15531,149000000.0,560000000.0,187059849.1050862
15536,160000000.0,560000000.0,136774378.19366187
15541,386000000.0,560000000.0,448675846.2898786
15547,230000000.0,560000000.0,198506559.2248038
15556,535000000.0,560000000.0,570922161.7500045
15563,519000000.0,560000000.0,446891857.6291962
15564,535000000.0,560000000.0,542597147.5552819
15574,475000000.0,560000000.0,416694790.5169505
15577,499000000.0,560000000.0,457466333.77518934
15579,485000000.0,560000000.0,463751792.6499638
15580,465000000.0,560000000.0,463751692.0277012
15586,539000000.0,560000000.0,563067292.458971
15597,535000000.0,560000000.0,1451492688.7244744
15602,1799000000.0,560000000.0,1830743193.68683
15604,725000000.0,560000000.0,728593735.6209557
15605,2999000000.0,560000000.0,3046075696.0055904
15606,2999000000.0,560000000.0,3046075696.0055904
15614,345000000.0,560000000.0,290323808.7195706
15616,339000000.0,560000000.0,363982694.0832242
15639,550000000.0,560000000.0,599796624.7642992
15641,539000000.0,560000000.0,599796787.4399748
15643,608000000.0,560000000.0,718377850.9085028
15660,445000000.0,560000000.0,441281725.82821894
15662,395000000.0,560000000.0,432681748.4545272
15674,699000000.0,560000000.0,766872929.5848871
15680,650000000.0,560000000.0,623719472.9864316
15682,730000000.0,560000000.0,696711479.0819048
15683,733000000.0,560000000.0,707291565.9784088
15692,2279000000.0,560000000.0,2468641532.9045753
15696,777000000.0,560000000.0,806930111.3550446
15723,340000000.0,560000000.0,331988842.7210471
15725,208000000.0,560000000.0,208775636.4947392
15726,75000000.0,560000000.0,75645108.00626542
15728,425000000.0,560000000.0,387875695.65812445
15731,265000000.0,560000000.0,257197899.42462274
15749,510000000.0,560000000.0,541966459.466163
15752,389000000.0,560000000.0,409659783.0256923
15755,265000000.0,560000000.0,223539920.73791924
15765,225000000.0,560000000.0,228821240.5623414
15768,215000000.0,560000000.0,223954378.41741592
15771,395000000.0,560000000.0,400305011.04294914
15772,402000000.0,560000000.0,435591286.62865025
15774,365000000.0,560000000.0,351566619.2190135
15782,210000000.0,560000000.0,180352530.18917784
15785,368000000.0,560000000.0,349883509.78954333
15787,599000000.0,560000000.0,678510757.1801398
15790,780000000.0,560000000.0,891863574.6882209
15798,988000000.0,560000000.0,1156185687.0499246
15804,499000000.0,560000000.0,531162700.57120335
15807,315000000.0,560000000.0,329735689.32042855
15810,465000000.0,560000000.0,529203793.96299314
15818,515000000.0,560000000.0,484919178.75105965
15820,535000000.0,560000000.0,588768995.319208
15825,310000000.0,560000000.0,321065963.90554345
15831,279000000.0,560000000.0,330405471.8566595
15836,405000000.0,560000000.0,507042354.73567724
15842,215000000.0,560000000.0,208803218.2105348
15845,445000000.0,560000000.0,460353245.2596078
15846,445000000.0,560000000.0,460353245.2596078
15852,286000000.0,560000000.0,280003193.89000165
15856,260000000.0,560000000.0,277775235.74919266
15857,273000000.0,560000000.0,281591445.7597204
15865,285000000.0,560000000.0,294514334.5312597
15871,275000000.0,560000000.0,290089755.9179591
15874,286000000.0,560000000.0,294075308.2556376
15876,500000000.0,560000000.0,497348827.51820326
15881,177000000.0,560000000.0,431815248.76929563
15888,239000000.0,560000000.0,226310015.22205567
15889,239000000.0,560000000.0,226310015.22205567
15892,265000000.0,560000000.0,279211739.6482344
15899,668000000.0,560000000.0,583953343.2521507
15900,768000000.0,560000000.0,583952709.737814
15901,765000000.0,560000000.0,583952709.737814
15906,759000000.0,560000000.0,699718953.645559
15911,1238000000.0,560000000.0,1136667448.1087477
15912,1235000000.0,560000000.0,1156015279.892786
15915,568000000.0,560000000.0,505524353.9492786
15917,1839000000.0,560000000.0,1837214801.5282578
15919,115000000.0,560000000.0,123652842.88529901
15929,250000000.0,560000000.0,239291314.7724026
15937,250000000.0,560000000.0,254714682.6381816
15940,799000000.0,560000000.0,913781347.5839955
15945,57000000.0,560000000.0,61963183.91796074
15953,610000000.0,560000000.0,724552375.7852194
15957,250000000.0,560000000.0,313915369.53273904
15960,439000000.0,560000000.0,474055963.90914226
15962,255000000.0,560000000.0,216033086.29965872
15970,418000000.0,560000000.0,493152029.87125385
15972,450000000.0,560000000.0,492208633.0657836
15976,440000000.0,560000000.0,392366568.162978
15981,760000000.0,560000000.0,750689834.9551648
15989,890000000.0,560000000.0,876769681.1568892
15991,450000000.0,560000000.0,510657924.8790086
15999,268000000.0,560000000.0,264387790.4183188
16011,270000000.0,560000000.0,197113388.94391087
16020,640000000.0,560000000.0,782755678.8251014
16026,780000000.0,560000000.0,739267148.5286334
16034,396000000.0,560000000.0,423594606.77481306
16040,650000000.0,560000000.0,510893907.2892421
16042,488000000.0,560000000.0,534280823.41089654
16043,499000000.0,560000000.0,475125751.99041873
16047,580000000.0,560000000.0,555896518.1572199
16049,580000000.0,560000000.0,602283251.9897407
16053,750000000.0,560000000.0,793607808.6765941
16055,420000000.0,560000000.0,513420955.88407797
16060,425000000.0,560000000.0,409878287.54146916
16061,248000000.0,560000000.0,251893238.67326102
16062,285000000.0,560000000.0,305838282.2602198
16063,309000000.0,560000000.0,345131901.6680326
16079,170000000.0,560000000.0,198685951.29725018
16083,290000000.0,560000000.0,257488162.7771059
16084,410000000.0,560000000.0,459457326.35730547
16086,125000000.0,560000000.0,92830536.73113105
16095,266000000.0,560000000.0,304889243.5205068
16103,280000000.0,560000000.0,275363053.058259
16109,80000000.0,560000000.0,86939381.14488213
16116,168000000.0,560000000.0,180585878.95145333
16121,198000000.0,560000000.0,184516882.1651729
16122,705000000.0,560000000.0,584109875.0824567
16124,165000000.0,560000000.0,128480826.31981675
16126,305000000.0,560000000.0,238473902.18218738
16131,148000000.0,560000000.0,166349811.68983465
16136,260000000.0,560000000.0,269362698.3948714
16148,150000000.0,560000000.0,153903277.41457152
16152,250000000.0,560000000.0,220870900.41728875
16156,695000000.0,560000000.0,702285690.4453473
16160,55000000.0,560000000.0,98309574.23037115
16166,695000000.0,560000000.0,626854693.3978763
16169,485000000.0,560000000.0,453555797.5535747
16170,195000000.0,560000000.0,191012948.00563705
16175,335000000.0,560000000.0,294462274.0117691
16176,460000000.0,560000000.0,435087355.6236117
16194,350000000.0,560000000.0,267342584.85358933
16199,270000000.0,560000000.0,232646654.54554003
16202,330000000.0,560000000.0,348664859.5605395
16208,230000000.0,560000000.0,174899049.29992032
16216,375000000.0,560000000.0,344741003.86814713
16218,85000000.0,560000000.0,90526721.67425264
16224,235000000.0,560000000.0,304877986.9928572
16226,320000000.0,560000000.0,294007221.8078284
16239,450000000.0,560000000.0,633194632.9033324
16243,299000000.0,560000000.0,288728755.501178
16247,220000000.0,560000000.0,183016964.11520326
16252,565000000.0,560000000.0,528908620.88576573
16255,205000000.0,560000000.0,210660982.738567
16256,1475000000.0,560000000.0,1319842771.5214322
16263,420000000.0,560000000.0,463439059.3902894
16269,218000000.0,560000000.0,231260736.31672886
16272,132000000.0,560000000.0,141740452.5706325
16276,245000000.0,560000000.0,264387790.4183188
16282,355000000.0,560000000.0,392144007.6163912
16284,290000000.0,560000000.0,250016045.51185536
16285,315000000.0,560000000.0,287264920.0777906
16287,715000000.0,560000000.0,661053996.0986289
16288,465000000.0,560000000.0,401398591.6670713
16289,465000000.0,560000000.0,401398591.6670713
16290,475000000.0,560000000.0,443555139.59504443
16291,495000000.0,560000000.0,446892075.7984737
16292,215000000.0,560000000.0,281289405.94960135
16294,390000000.0,560000000.0,378139115.7051802
16308,395000000.0,560000000.0,363208148.83693784
16310,405000000.0,560000000.0,369390731.72131014
16314,355000000.0,560000000.0,408773121.13335985
16325,465000000.0,560000000.0,554628927.5589544
16336,325000000.0,560000000.0,306867709.3064325
16337,325000000.0,560000000.0,306867709.3064325
16338,346000000.0,560000000.0,306867709.3064325
16340,350000000.0,560000000.0,363254381.3154212
16343,455000000.0,560000000.0,388673518.9558791
16350,515000000.0,560000000.0,551191803.0758969
16357,130000000.0,560000000.0,52410903.43234172
16370,525000000.0,560000000.0,561428439.146166
16381,105000000.0,560000000.0,147462993.7708081
16382,115000000.0,560000000.0,147462993.7708081
16384,98000000.0,560000000.0,113459691.70188338
16393,175000000.0,560000000.0,172783914.42392728
16399,265000000.0,560000000.0,248369280.9823542
16403,455000000.0,560000000.0,502334921.3053773
16405,255000000.0,560000000.0,281192965.22852
16409,630000000.0,560000000.0,600618774.6502216
16418,195000000.0,560000000.0,209665875.9418325
16421,89000000.0,560000000.0,111093964.32939295
16431,768000000.0,560000000.0,744071885.0653771
16434,720000000.0,560000000.0,616752316.0340426
16436,325000000.0,560000000.0,346499295.3284121
16437,440000000.0,560000000.0,515830328.8702125
16438,635000000.0,560000000.0,679550581.2093651
16459,725000000.0,560000000.0,677780315.5083691
16460,185000000.0,560000000.0,195118523.48308653
16464,205000000.0,560000000.0,176500787.32185793
16468,290000000.0,560000000.0,234162611.01055944
16485,111000000.0,560000000.0,110643802.79270965
16486,320000000.0,560000000.0,375053287.8186951
16494,565000000.0,560000000.0,552177517.5897903
16501,439000000.0,560000000.0,507172855.8120017
16502,208000000.0,560000000.0,208775636.4947392
16505,638000000.0,560000000.0,593213792.4482892
16508,550000000.0,560000000.0,510893346.79964966
16513,425000000.0,560000000.0,379902554.01988363
16528,780000000.0,560000000.0,1032719959.5079813
16537,285000000.0,560000000.0,378514545.58205277
16538,145000000.0,560000000.0,129148779.14218725
16546,350000000.0,560000000.0,325002304.68467504
16549,225000000.0,560000000.0,241273041.0645375
16552,330000000.0,560000000.0,327654572.16125983
16557,65000000.0,560000000.0,53928583.333749644
16558,1560000000.0,560000000.0,1450220627.1026058
16577,468000000.0,560000000.0,531326418.5756079
16578,555000000.0,560000000.0,538654036.5691979
16579,370000000.0,560000000.0,333726790.4657356
16585,595000000.0,560000000.0,577532163.5207005
16586,840000000.0,560000000.0,887873151.345723
16587,1150000000.0,560000000.0,1167969498.5751414
16589,818000000.0,560000000.0,871606359.8744224
16602,325000000.0,560000000.0,269526736.6412611
16603,495000000.0,560000000.0,490508709.6110463
16608,465000000.0,560000000.0,380748867.18144083
16614,368000000.0,560000000.0,522373612.35770786
16615,510000000.0,560000000.0,401354191.4325423
16618,520000000.0,560000000.0,492217739.679128
16626,385000000.0,560000000.0,378781063.9222101
16635,885000000.0,560000000.0,772627506.8268651
16648,470000000.0,560000000.0,441982725.2231431
16651,289000000.0,560000000.0,278148514.1668279
16652,610000000.0,560000000.0,649641303.8282499
16655,199000000.0,560000000.0,205383768.2842426
16659,415000000.0,560000000.0,443130953.36836195
16661,768000000.0,560000000.0,880319767.2790648
16662,888000000.0,560000000.0,835349326.3392832
16663,47000000.0,560000000.0,39818620.62316248
16667,142000000.0,560000000.0,156550814.75780144
16672,295000000.0,560000000.0,269446857.30812883
16675,1090000000.0,560000000.0,1039852372.0897391
16676,820000000.0,560000000.0,787010786.4992273
16680,860000000.0,560000000.0,816572629.0730101
16684,780000000.0,560000000.0,773754472.6483185
16693,775000000.0,560000000.0,680384020.5133945
16696,730000000.0,560000000.0,765578238.9356874
16697,730000000.0,560000000.0,765578238.9356874
16752,292000000.0,560000000.0,231053613.77299684
16759,189000000.0,560000000.0,147462993.7708081
16762,460000000.0,560000000.0,519983864.86259776
16763,429000000.0,560000000.0,407313942.2297761
16765,420000000.0,560000000.0,460158069.3256062
16766,360000000.0,560000000.0,459506749.31241596
16768,257000000.0,560000000.0,269419618.44846857
16772,262000000.0,560000000.0,239057059.76058495
16774,720000000.0,560000000.0,573738696.4668382
16775,145000000.0,560000000.0,147462993.7708081
16778,75000000.0,560000000.0,102497601.98443082
16780,180000000.0,560000000.0,168965145.06484658
16790,1650000000.0,560000000.0,1310542771.5357816
16797,295000000.0,560000000.0,310830108.13459677
16804,690000000.0,560000000.0,637668918.240398
16810,399000000.0,560000000.0,484906445.8891778
16814,95000000.0,560000000.0,120482751.56098734
16820,622000000.0,560000000.0,694978104.9428296
16824,310000000.0,560000000.0,286673330.1982445
16828,680000000.0,560000000.0,583285202.3648409
16832,570000000.0,560000000.0,514701067.21310633
16839,310000000.0,560000000.0,96260438.82849868
16840,460000000.0,560000000.0,495332379.4362862
16842,250000000.0,560000000.0,247857438.38462484
16852,368000000.0,560000000.0,464602073.17228585
16855,107000000.0,560000000.0,116226513.14360018
16857,1140000000.0,560000000.0,1160195505.115423
16858,1650000000.0,560000000.0,1461571658.4633164
16862,575000000.0,560000000.0,553659188.524619
16867,377000000.0,560000000.0,445138438.94751215
16887,335000000.0,560000000.0,334507722.3025944
16891,335000000.0,560000000.0,385196541.9642874
16896,190000000.0,560000000.0,179303509.65331778
16898,305000000.0,560000000.0,290252766.177886
16907,799000000.0,560000000.0,775277356.8585572
16916,968000000.0,560000000.0,843868174.7658861
16933,87000000.0,560000000.0,84523871.42165086
16939,255000000.0,560000000.0,236433913.40133315
16942,329000000.0,560000000.0,369536908.4371206
16945,800000000.0,560000000.0,895387947.8983928
16947,268000000.0,560000000.0,479033856.24598306
16956,265000000.0,560000000.0,262924501.85407165
16962,168000000.0,560000000.0,281010521.92547214
16966,688000000.0,560000000.0,614032804.7015162
16968,915000000.0,560000000.0,1013380349.1446211
16985,230000000.0,560000000.0,292846756.3084714
16987,479000000.0,560000000.0,402411764.3269321
16988,215000000.0,560000000.0,179305833.65697527
16991,610000000.0,560000000.0,555895402.4666063
16992,645000000.0,560000000.0,673725799.6007406
16996,280000000.0,560000000.0,265751047.028286
16998,615000000.0,560000000.0,579337338.3564011
17001,335000000.0,560000000.0,327688829.53799176
17010,615000000.0,560000000.0,649640793.0408026
17012,568000000.0,560000000.0,525016762.5428535
17018,355000000.0,560000000.0,361038633.28728116
17030,95000000.0,560000000.0,98385693.81126529
17031,178000000.0,560000000.0,167976293.2403219
17033,250000000.0,560000000.0,109941050.11996734
17040,236000000.0,560000000.0,250404305.2617935
17044,398000000.0,560000000.0,379355093.0528659
17046,90000000.0,560000000.0,85496524.69880214
17048,20000000.0,560000000.0,46927345.19475942
17052,235000000.0,560000000.0,148594297.165966
17066,200000000.0,560000000.0,201698966.66810343
17069,809000000.0,560000000.0,690890410.2639898
17070,820000000.0,560000000.0,690889979.2856879
17076,560000000.0,560000000.0,519315882.8377072
17077,510000000.0,560000000.0,516386072.6122824
17079,645000000.0,560000000.0,684331790.2686012
17091,415000000.0,560000000.0,467096823.3327234
17107,115000000.0,560000000.0,109671985.14580134
17112,420000000.0,560000000.0,571573164.6007249
17113,715000000.0,560000000.0,818971342.5901445
17115,299000000.0,560000000.0,194439121.3287001
17116,850000000.0,560000000.0,719985750.010258
17118,230000000.0,560000000.0,216224863.79927152
17120,615000000.0,560000000.0,494367390.8781963
17122,522000000.0,560000000.0,419607739.9365411
17124,85000000.0,560000000.0,118855878.2948327
17125,385000000.0,560000000.0,400402187.7084328
17128,1000000000.0,560000000.0,942021881.1220126
17133,205000000.0,560000000.0,290720707.2246374
17148,930000000.0,560000000.0,917154802.3226507
17157,220000000.0,560000000.0,181830160.58370999
17163,365000000.0,560000000.0,431796704.34861153
17165,439000000.0,560000000.0,523667971.3943854
17169,780000000.0,560000000.0,867850761.5019462
17177,615000000.0,560000000.0,624339988.1927512
17192,419000000.0,560000000.0,367590871.3928699
17198,875000000.0,560000000.0,936316479.5028155
17205,365000000.0,560000000.0,354034107.1780227
17207,505000000.0,560000000.0,482182007.1174306
17209,725000000.0,560000000.0,387408757.396016
17210,235000000.0,560000000.0,270016854.4442337
17217,288000000.0,560000000.0,263659179.31561717
17226,340000000.0,560000000.0,339302754.0066887
17229,490000000.0,560000000.0,494819641.8363866
17239,650000000.0,560000000.0,693550574.1803722
17254,895000000.0,560000000.0,1031035791.6769438
17256,1360000000.0,560000000.0,1448613181.1490955
17262,640000000.0,560000000.0,647000825.6679469
17265,395000000.0,560000000.0,418460216.24830043
17266,345000000.0,560000000.0,400768179.22718155
17274,599000000.0,560000000.0,591698815.6983899
17277,665000000.0,560000000.0,545768606.9533039
17285,500000000.0,560000000.0,932463251.943251
17291,700000000.0,560000000.0,654324725.2273409
17295,355000000.0,560000000.0,361953468.0986768
17298,570000000.0,560000000.0,601024589.2287374
17304,1330000000.0,560000000.0,1240458144.7198985
17305,710000000.0,560000000.0,750690751.1584722
17306,710000000.0,560000000.0,750690751.1584722
17310,980000000.0,560000000.0,999012438.2740394
17312,865000000.0,560000000.0,873010494.300377
17316,545000000.0,560000000.0,450714207.93287915
17323,420000000.0,560000000.0,426861933.07755876
17330,215000000.0,560000000.0,211062470.84394503
17332,129000000.0,560000000.0,142024821.24679446
17339,865000000.0,560000000.0,908773974.5257226
17344,770000000.0,560000000.0,650057785.4049939
17351,525000000.0,560000000.0,527439362.62967485
17352,222000000.0,560000000.0,256208909.99867177
17365,920000000.0,560000000.0,1027304161.1191118
17366,856000000.0,560000000.0,1362211391.7180805
17370,580000000.0,560000000.0,488064284.0548783
17373,555000000.0,560000000.0,574867726.9677513
17376,356000000.0,560000000.0,362051094.0561784
17382,258000000.0,560000000.0,335366160.99639994
17383,410000000.0,560000000.0,511102464.787654
17398,260000000.0,560000000.0,282173219.25092477
17399,285000000.0,560000000.0,271328459.6489866
17404,468000000.0,560000000.0,475367087.1949054
17407,525000000.0,560000000.0,513289426.8541476
17412,79000000.0,560000000.0,92008303.29733679
17413,95000000.0,560000000.0,129690868.64330012
17417,188000000.0,560000000.0,188580454.59075877
17418,750000000.0,560000000.0,923010979.1913425
17429,450000000.0,560000000.0,437383503.5187604
17435,208000000.0,560000000.0,243126401.00621867
17438,575000000.0,560000000.0,524128744.28065264
17440,550000000.0,560000000.0,539763580.3163666
17446,489000000.0,560000000.0,39846768.086951226
17448,1100000000.0,560000000.0,1105548360.6288366
17450,368000000.0,560000000.0,375435821.4149718
17455,555000000.0,560000000.0,611806544.9535222
17462,799000000.0,560000000.0,1321110846.00143
17467,79000000.0,560000000.0,70562384.90505148
17468,520000000.0,560000000.0,478359275.43345517
17483,420000000.0,560000000.0,485686539.63311154
17489,990000000.0,560000000.0,1069892158.2451779
17496,568000000.0,560000000.0,701531896.9460903
17504,410000000.0,560000000.0,371978197.61413056
17505,410000000.0,560000000.0,371978197.61413056
17511,520000000.0,560000000.0,543422249.5136471
17514,79000000.0,560000000.0,57278183.903383784
17516,405000000.0,560000000.0,413569472.1207184
17527,290000000.0,560000000.0,290089711.0717479
17528,290000000.0,560000000.0,290089711.0717479
17529,415000000.0,560000000.0,394688527.6106322
17531,430000000.0,560000000.0,398029077.37489694
17537,560000000.0,560000000.0,570985950.2498944
17538,639000000.0,560000000.0,636014813.6056106
17563,545000000.0,560000000.0,498371949.97815174
17568,499000000.0,560000000.0,549669454.1734508
17574,1099000000.0,560000000.0,1076953937.0757732
17577,186000000.0,560000000.0,153564303.85301998
17579,435000000.0,560000000.0,477837012.8388667
17581,150000000.0,560000000.0,107883188.06527129
17588,258000000.0,560000000.0,234960446.9173055
17590,258000000.0,560000000.0,258900196.6081194
17598,80000000.0,560000000.0,53928583.333749644
17606,79000000.0,560000000.0,73501302.62446189
17611,125000000.0,560000000.0,98215419.4499443
17616,103000000.0,560000000.0,62735250.23118812
17645,830000000.0,560000000.0,690890897.4571774
17649,605000000.0,560000000.0,561401821.2252047
17651,328000000.0,560000000.0,362045059.4905395
17652,415000000.0,560000000.0,436082412.0197428
17654,499000000.0,560000000.0,499839037.7677166
17655,499000000.0,560000000.0,499839037.7677166
17666,345000000.0,560000000.0,318469447.9135753
17672,275000000.0,560000000.0,310011246.5184315
17673,325000000.0,560000000.0,335677224.4274757
17674,315000000.0,560000000.0,331502263.3568065
17677,365000000.0,560000000.0,369879229.03567666
17681,388000000.0,560000000.0,384055022.78556603
17684,198000000.0,560000000.0,173716127.78676543
17688,205000000.0,560000000.0,140918773.90979385
17693,579000000.0,560000000.0,592852958.8863196
17698,635000000.0,560000000.0,648522973.236106
17706,488000000.0,560000000.0,488197370.77729225
17728,325000000.0,560000000.0,316424866.3995546
17734,595000000.0,560000000.0,572669359.6788605
17736,779000000.0,560000000.0,746598471.288264
17739,335000000.0,560000000.0,354995264.71207094
17746,435000000.0,560000000.0,450185165.3679772
17747,520000000.0,560000000.0,531955013.418867
17748,405000000.0,560000000.0,362551999.75751305
17749,345000000.0,560000000.0,372782594.2157057
17755,245000000.0,560000000.0,300317514.4700403
17757,279000000.0,560000000.0,307844333.81584597
17767,218000000.0,560000000.0,218409152.8202309
17783,448000000.0,560000000.0,652820479.6273892
17789,268000000.0,560000000.0,241856779.65479976
17790,230000000.0,560000000.0,295732233.9044378
17792,375000000.0,560000000.0,379507382.00839174
17794,560000000.0,560000000.0,520259783.5493348
17795,144000000.0,560000000.0,132629596.21960646
17800,870000000.0,560000000.0,1003323064.0922123
17817,275000000.0,560000000.0,348411718.34333277
17819,318000000.0,560000000.0,270520965.1098284
17820,315000000.0,560000000.0,327248141.2679533
17828,289000000.0,560000000.0,347208950.45225936
17829,69000000.0,560000000.0,82080467.34023415
17834,109000000.0,560000000.0,127358084.9341205
17835,145000000.0,560000000.0,141740452.5706325
17848,345000000.0,560000000.0,322975996.9550931
17849,560000000.0,560000000.0,534327461.26302075
17875,445000000.0,560000000.0,480985121.21760166
17883,290000000.0,560000000.0,320975384.20978653
17884,335000000.0,560000000.0,325384886.86930037
17885,350000000.0,560000000.0,358538073.5994266
17892,398000000.0,560000000.0,369390731.72131014
17895,515000000.0,560000000.0,535434381.0345755
17910,699000000.0,560000000.0,579838755.4013073
17917,795000000.0,560000000.0,741403374.7979726
17918,775000000.0,560000000.0,728994285.9321641
17922,485000000.0,560000000.0,486825737.58034474
17924,835000000.0,560000000.0,896018537.1345292
17930,895000000.0,560000000.0,781794370.7516353
17940,400000000.0,560000000.0,372643434.40675795
17944,300000000.0,560000000.0,369798629.6461019
17951,270000000.0,560000000.0,312889283.5915009
17953,260000000.0,560000000.0,312889614.55040383
17956,310000000.0,560000000.0,311078825.35445017
17957,365000000.0,560000000.0,344718135.2908052
17958,399000000.0,560000000.0,332248076.5665831
17959,275000000.0,560000000.0,182988349.12880242
17964,550000000.0,560000000.0,409020425.537385
17966,585000000.0,560000000.0,566904717.663754
17967,630000000.0,560000000.0,628573587.774814
17972,389000000.0,560000000.0,397469645.3234422
17974,445000000.0,560000000.0,423594606.77481306
17975,455000000.0,560000000.0,423594606.77481306
17978,285000000.0,560000000.0,302708734.4865891
17995,565000000.0,560000000.0,597185887.6048172
18000,189000000.0,560000000.0,198472856.97031817
18001,275000000.0,560000000.0,245100147.54012972
18009,355000000.0,560000000.0,356365918.365812
18017,379000000.0,560000000.0,377058736.1411893
18019,170000000.0,560000000.0,252865414.51396057
18023,365000000.0,560000000.0,452594628.7576022
18035,870000000.0,560000000.0,941772321.6786766
18038,280000000.0,560000000.0,307956432.974068
18041,499000000.0,560000000.0,550246051.5171218
18042,245000000.0,560000000.0,184327448.6723482
18044,360000000.0,560000000.0,322810398.4083134
18047,450000000.0,560000000.0,462096113.4162432
18051,635000000.0,560000000.0,756077197.2880616
18052,586000000.0,560000000.0,594792042.9464985
18058,572000000.0,560000000.0,550022311.852271
18066,262000000.0,560000000.0,260469954.92897424
18077,250000000.0,560000000.0,223161100.47409168
18086,345000000.0,560000000.0,296435736.4605922
18087,345000000.0,560000000.0,296435736.4605922
18092,320000000.0,560000000.0,340601295.78638417
18093,360000000.0,560000000.0,359920318.8767714
18094,386000000.0,560000000.0,354034107.1780227
18095,375000000.0,560000000.0,354034107.1780227
18097,375000000.0,560000000.0,354034107.1780227
18098,339000000.0,560000000.0,354034107.1780227
18111,485000000.0,560000000.0,496564704.0006343
18115,135000000.0,560000000.0,124356772.08354715
18116,139000000.0,560000000.0,124356772.08354715
18121,119000000.0,560000000.0,147462993.7708081
18122,175000000.0,560000000.0,165189404.69348693
18131,436000000.0,560000000.0,479480184.6328312
18135,485000000.0,560000000.0,495512521.074097
18139,539000000.0,560000000.0,580788769.5289901
18146,232000000.0,560000000.0,245049804.08371583
18150,238000000.0,560000000.0,270017549.79661214
18160,285000000.0,560000000.0,277618267.2322756
18162,380000000.0,560000000.0,428451320.7699298
18182,72000000.0,560000000.0,87504151.30532409
18183,160000000.0,560000000.0,117068933.2517975
18184,125000000.0,560000000.0,117068933.2517975
18190,265000000.0,560000000.0,293659273.293506
18192,650000000.0,560000000.0,565403806.7197024
18194,515000000.0,560000000.0,508466744.3702772
18195,465000000.0,560000000.0,510894003.93573374
18201,585000000.0,560000000.0,552207037.0988644
18203,635000000.0,560000000.0,654685023.8869932
18210,1000000000.0,560000000.0,934439024.3421657
18214,180000000.0,560000000.0,532156353.2105318
18217,400000000.0,560000000.0,348168023.71767914
18224,330000000.0,560000000.0,312854270.35342747
18228,280000000.0,560000000.0,392021147.25532526
18230,480000000.0,560000000.0,435962241.3391886
18236,97000000.0,560000000.0,123361346.77462265
18249,299000000.0,560000000.0,238474536.03154382
18250,365000000.0,560000000.0,392896177.7312199
18253,137000000.0,560000000.0,139306158.23446363
18255,450000000.0,560000000.0,537809319.0325838
18259,390000000.0,560000000.0,405183604.7441576
18261,348000000.0,560000000.0,401068360.68214303
18264,579000000.0,560000000.0,663806557.8660197
18266,128000000.0,560000000.0,123652638.27025922
18271,395000000.0,560000000.0,460618959.2230676
18275,186000000.0,560000000.0,181770551.74445587
18289,128000000.0,560000000.0,120944334.02824871
18290,180000000.0,560000000.0,152557544.46311194
18293,87000000.0,560000000.0,94383174.12213805
18294,93000000.0,560000000.0,94383174.12213805
18297,65000000.0,560000000.0,43937965.07641993
18299,345000000.0,560000000.0,320795781.1846975
18313,905000000.0,560000000.0,918735039.7510298
18315,158000000.0,560000000.0,175288703.35936257
18316,163000000.0,560000000.0,175288703.35936257
18319,160000000.0,560000000.0,217761313.62200004
18327,548000000.0,560000000.0,515829629.35828376
18341,518000000.0,560000000.0,535987624.6879283
18342,275000000.0,560000000.0,265812403.87526983
18344,299000000.0,560000000.0,276688085.50560707
18353,575000000.0,560000000.0,710970999.012998
18354,319000000.0,560000000.0,304026148.57526815
18363,310000000.0,560000000.0,341391375.54296714
18380,550000000.0,560000000.0,480978496.122229
18396,219000000.0,560000000.0,257080158.9635231
18397,250000000.0,560000000.0,249264490.95685503
18401,750000000.0,560000000.0,702696092.111449
18403,340000000.0,560000000.0,354995255.0839592
18408,65000000.0,560000000.0,86939310.40632984
18417,160000000.0,560000000.0,168648207.42297912
18418,158000000.0,560000000.0,182792663.0359994
18423,259000000.0,560000000.0,261245912.9106182
18426,269000000.0,560000000.0,270950270.0135972
18428,274000000.0,560000000.0,339210256.58935505
18430,145000000.0,560000000.0,147802337.87024194
18433,165000000.0,560000000.0,185565029.82358932
18436,560000000.0,560000000.0,636375556.6994731
18443,465000000.0,560000000.0,561354626.2959105
18445,145000000.0,560000000.0,180881491.77423275
18450,390000000.0,560000000.0,448230526.9441348
18456,260000000.0,560000000.0,354599666.49645275
18458,242000000.0,560000000.0,262445027.27441293
18459,265000000.0,560000000.0,267463827.9569593
18460,282000000.0,560000000.0,291791662.63353205
18462,125000000.0,560000000.0,141740452.5706325
18463,120000000.0,560000000.0,141740452.5706325
18468,225000000.0,560000000.0,214571852.4976239
18472,235000000.0,560000000.0,236433432.46328634
18487,122000000.0,560000000.0,111056458.20626076
18501,185000000.0,560000000.0,281289405.94960135
18511,325000000.0,560000000.0,519555022.5754481
18514,320000000.0,560000000.0,267479722.1768251
18525,353000000.0,560000000.0,466977259.02318704
18528,440000000.0,560000000.0,454783171.33890796
18532,740000000.0,560000000.0,858763503.537403
18535,445000000.0,560000000.0,738834383.6570991
18544,305000000.0,560000000.0,344768939.3573273
18547,370000000.0,560000000.0,374693168.840887
18550,145000000.0,560000000.0,135654778.84431186
18553,550000000.0,560000000.0,566904542.0297002
18569,699000000.0,560000000.0,2331338019.93799
18584,300000000.0,560000000.0,353787231.5538466
18585,215000000.0,560000000.0,223422765.88737178
18586,325000000.0,560000000.0,368958078.7636738
18587,700000000.0,560000000.0,799703209.4066826
18588,820000000.0,560000000.0,852263366.6436075
18593,450000000.0,560000000.0,448734656.2080638
18595,635000000.0,560000000.0,756077197.2880616
18596,690000000.0,560000000.0,794852518.8448914
18603,460000000.0,560000000.0,490434711.1653631
18606,320000000.0,560000000.0,260469954.92897424
18609,560000000.0,560000000.0,587096593.6159115
18610,655000000.0,560000000.0,908506037.1645883
18620,138000000.0,560000000.0,125387755.61416489
18621,125000000.0,560000000.0,121452850.12372789
18623,130000000.0,560000000.0,136052712.78228882
18625,160000000.0,560000000.0,147462993.7708081
18626,138000000.0,560000000.0,147462993.7708081
18627,155000000.0,560000000.0,147462993.7708081
18630,195000000.0,560000000.0,202002981.6671254
18631,650000000.0,560000000.0,534509764.81683517
18632,420000000.0,560000000.0,451640752.7710167
18638,192000000.0,560000000.0,172783914.42392728
18658,595000000.0,560000000.0,599606425.5452213
18659,535000000.0,560000000.0,500860756.3658521
18661,360000000.0,560000000.0,397727479.97646
18662,219000000.0,560000000.0,230810259.80712444
18667,1780000000.0,560000000.0,1488287144.170394
18671,510000000.0,560000000.0,475924456.917862
18672,540000000.0,560000000.0,415983032.29501355
18679,89000000.0,560000000.0,98506657.40667707
18682,70000000.0,560000000.0,32510251.17146596
18684,190000000.0,560000000.0,165999984.22339332
18694,145000000.0,560000000.0,168209512.7074305
18696,185000000.0,560000000.0,186980035.01686716
18703,104000000.0,560000000.0,141740452.5706325
18704,250000000.0,560000000.0,268783342.6328729
18712,280000000.0,560000000.0,294113507.989618
18714,448000000.0,560000000.0,494919355.4672306
18718,1420000000.0,560000000.0,1489337642.9085617
18723,190000000.0,560000000.0,202840584.67049298
18725,476000000.0,560000000.0,555896507.3795632
18726,420000000.0,560000000.0,490927278.11694586
18727,573000000.0,560000000.0,598790371.008406
18728,230000000.0,560000000.0,193621664.67692325
18731,370000000.0,560000000.0,378993521.99241745
18733,430000000.0,560000000.0,460157857.16028184
18735,569000000.0,560000000.0,639765743.0022062
18746,135000000.0,560000000.0,115447289.90815434
18751,185000000.0,560000000.0,198597879.20036012
18755,165000000.0,560000000.0,153341253.83708578
18756,140000000.0,560000000.0,111376141.71377644
18760,668000000.0,560000000.0,581349564.693635
18764,155000000.0,560000000.0,169009296.00562388
18765,450000000.0,560000000.0,384751823.0797758
18770,855000000.0,560000000.0,801628608.6729828
18774,129000000.0,560000000.0,173716127.78676543
18779,236000000.0,560000000.0,186969667.8499951
18784,750000000.0,560000000.0,765578103.9705994
18787,395000000.0,560000000.0,410961215.3224704
18798,215000000.0,560000000.0,220817994.35248652
18799,240000000.0,560000000.0,221149775.90431994
18804,230000000.0,560000000.0,251459520.38236475
18806,278000000.0,560000000.0,241875318.3863899
18824,268000000.0,560000000.0,335061152.1690012
18828,215000000.0,560000000.0,250443874.95425034
18832,540000000.0,560000000.0,587544185.4888402
18836,570000000.0,560000000.0,717735153.2607837
18841,270000000.0,560000000.0,335018149.7449487
18843,260000000.0,560000000.0,384235733.3135486
18844,415000000.0,560000000.0,543883321.6326638
18850,68000000.0,560000000.0,69614522.8218308
18853,325000000.0,560000000.0,357830604.4026541
18860,125000000.0,560000000.0,112649644.48149008
18861,119000000.0,560000000.0,130841960.42649528
18878,625000000.0,560000000.0,594807343.8169861
18882,320000000.0,560000000.0,220808067.23761344
18884,358000000.0,560000000.0,358678036.267224
18886,535000000.0,560000000.0,544335378.6642338
18896,658000000.0,560000000.0,641200558.3220298
18897,765000000.0,560000000.0,733313109.0248815
18898,80000000.0,560000000.0,73293223.14450914
18911,639000000.0,560000000.0,637209885.6738963
18921,245000000.0,560000000.0,235370980.38474128
18922,175000000.0,560000000.0,310942597.83395165
18925,395000000.0,560000000.0,400017877.51892453
18926,399000000.0,560000000.0,400017823.2728996
18930,265000000.0,560000000.0,368958078.7636738
18933,155000000.0,560000000.0,180801001.58032948
18939,455000000.0,560000000.0,524366624.7001904
18945,162000000.0,560000000.0,179756750.23613125
18948,720000000.0,560000000.0,786482994.7019175
18958,355000000.0,560000000.0,324941083.5090005
18959,420000000.0,560000000.0,379391078.9689822
18963,285000000.0,560000000.0,358173003.38741034
18964,495000000.0,560000000.0,342572462.73786116
18971,145000000.0,560000000.0,129148779.14218725
18973,230000000.0,560000000.0,199825140.5808227
18976,195000000.0,560000000.0,213274341.75728977
18982,270000000.0,560000000.0,256135838.47093895
18985,360000000.0,560000000.0,364069490.7340489
18989,250000000.0,560000000.0,356521272.1851388
18990,299000000.0,560000000.0,342070441.3268644
19010,700000000.0,560000000.0,570985950.2498944
19011,560000000.0,560000000.0,570985950.2498944
19012,795000000.0,560000000.0,636014813.6056106
19013,639000000.0,560000000.0,636014813.6056106
19075,1399000000.0,560000000.0,1291912621.9391346
19077,1439000000.0,560000000.0,1331955876.1893134
19081,835000000.0,560000000.0,745056585.4921937
19082,780000000.0,560000000.0,757738781.8158941
19105,945000000.0,560000000.0,970787406.0758202
19112,899000000.0,560000000.0,970787327.087311
19115,959000000.0,560000000.0,970787406.0758202
19116,230000000.0,560000000.0,303869754.6711662
19117,240000000.0,560000000.0,310795678.1141769
19119,315000000.0,560000000.0,371039436.93371266
19123,185000000.0,560000000.0,283639575.0418159
19132,600000000.0,560000000.0,628975617.1637897
19139,595000000.0,560000000.0,628975617.1637897
19148,576000000.0,560000000.0,671701374.8679485
19150,545000000.0,560000000.0,671701830.3118967
19151,560000000.0,560000000.0,683136101.4988784
19169,1058000000.0,560000000.0,898645402.4678639
19170,895000000.0,560000000.0,886466792.1323731
19171,880000000.0,560000000.0,886467994.2620293
19174,879000000.0,560000000.0,886467513.4099699
19176,879000000.0,560000000.0,898647278.426228
19177,879000000.0,560000000.0,898647279.1817911
19180,799000000.0,560000000.0,886467513.4099699
19181,799000000.0,560000000.0,886467513.4099699
19192,1539000000.0,560000000.0,1222734049.1478083
19197,1540000000.0,560000000.0,1185974192.1645403
19198,1399000000.0,560000000.0,1220524669.9787424
19202,1495000000.0,560000000.0,1222733717.5203445
19213,1989000000.0,560000000.0,1720511846.9889643
19218,399000000.0,560000000.0,654303475.3319019
19219,519000000.0,560000000.0,805342729.7696167
19235,1285000000.0,560000000.0,1154699486.8123705
19236,1289000000.0,560000000.0,1154699468.0218527
19241,405000000.0,560000000.0,548141331.6366267
19249,979000000.0,560000000.0,807742863.3233787
19252,899000000.0,560000000.0,807743871.0663409
19255,855000000.0,560000000.0,807744615.9206429
19260,460000000.0,560000000.0,538914115.9735729
19263,1200000000.0,560000000.0,1221934403.3838906
19264,1180000000.0,560000000.0,1242250088.055627
19265,1180000000.0,560000000.0,1242250088.055627
19266,1180000000.0,560000000.0,1242250088.055627
19267,1420000000.0,560000000.0,1368818912.5876272
19278,1279000000.0,560000000.0,1368819135.336656
19279,1279000000.0,560000000.0,1368818912.5876272
19280,1239000000.0,560000000.0,1327667210.3892703
19281,1239000000.0,560000000.0,1327667210.3892703
19287,1568000000.0,560000000.0,1462940848.1617856
19288,1279000000.0,560000000.0,1462942010.7156966
19291,1769000000.0,560000000.0,1634144157.5921497
19295,1838000000.0,560000000.0,1634144263.9623978
19296,1838000000.0,560000000.0,1634144263.9623978
19300,2438000000.0,560000000.0,2468641666.8125916
19309,1090000000.0,560000000.0,946145341.266515
19310,1090000000.0,560000000.0,946145341.266515
19311,1090000000.0,560000000.0,946145341.266515
19313,238000000.0,560000000.0,328849631.2980327
19314,238000000.0,560000000.0,308095831.4651167
19315,238000000.0,560000000.0,306238441.5513415
19319,460000000.0,560000000.0,434711899.1203371
19322,460000000.0,560000000.0,479004334.21188843
19326,860000000.0,560000000.0,640843521.8941574
19332,120000000.0,560000000.0,301600431.1444663
19333,198000000.0,560000000.0,366190685.64666337
19343,998000000.0,560000000.0,1077337999.8639593
19356,1289000000.0,560000000.0,1308060786.1632571
19358,1289000000.0,560000000.0,1308060786.1632571
19359,1399000000.0,560000000.0,1330326807.1917384
19361,1699000000.0,560000000.0,1465869782.05509
19366,1480000000.0,560000000.0,1465872167.4788306
19370,1390000000.0,560000000.0,1463223751.5361247
19372,1479000000.0,560000000.0,1441336920.7112265
19377,1679000000.0,560000000.0,1615226871.2738543
19395,3289000000.0,560000000.0,2136433868.6670282
19396,3289000000.0,560000000.0,2136433868.6670282
19397,2986000000.0,560000000.0,1815789318.7685227
19401,6989000000.0,560000000.0,5873825038.440927
19403,6999000000.0,560000000.0,6019370728.141239
19404,6990000000.0,560000000.0,6019370728.141239
19409,6990000000.0,560000000.0,6019370728.141239
19410,6990000000.0,560000000.0,6019370728.141239
19411,6950000000.0,560000000.0,6019370728.141239
19412,6990000000.0,560000000.0,6019370728.141239
19414,7379000000.0,560000000.0,5954527321.256633
19415,7300000000.0,560000000.0,5873825038.440927
19429,675000000.0,560000000.0,1072436278.4398254
19430,495000000.0,560000000.0,536955372.3924522
19434,480000000.0,560000000.0,671998734.2378592
19447,715000000.0,560000000.0,818016926.8326985
19454,890000000.0,560000000.0,915050765.5777119
19457,875000000.0,560000000.0,901363113.3289146
19458,798000000.0,560000000.0,901363113.3289146
19459,1100000000.0,560000000.0,993200829.8054396
19461,990000000.0,560000000.0,979739906.0796103
19463,999000000.0,560000000.0,979741234.6960987
19471,1189000000.0,560000000.0,1094396255.379312
19479,1139000000.0,560000000.0,1094396670.92737
19483,1039000000.0,560000000.0,1094396670.92737
19484,1099000000.0,560000000.0,1094397723.9268572
19486,1170000000.0,560000000.0,1094396670.92737
19487,1170000000.0,560000000.0,1094396670.92737
19488,1139000000.0,560000000.0,1094396670.92737
19489,1139000000.0,560000000.0,1094396670.92737
19510,1210000000.0,560000000.0,1125967286.200408
19514,999000000.0,560000000.0,1092119607.3167393
19515,999000000.0,560000000.0,1092119607.3167393
19519,980000000.0,560000000.0,1119178751.4463308
19548,1689000000.0,560000000.0,1506393871.0688932
19556,1638000000.0,560000000.0,1787491932.4965162
19565,1879000000.0,560000000.0,2237565063.6319957
19566,1829000000.0,560000000.0,2237565197.142953
19568,2060000000.0,560000000.0,2200114050.694048
19574,750000000.0,560000000.0,696676916.2783953
19579,666000000.0,560000000.0,708536430.3816344
19582,779000000.0,560000000.0,767660937.1608701
19583,769000000.0,560000000.0,767660666.4963932
19585,755000000.0,560000000.0,767660937.1608701
19588,770000000.0,560000000.0,767660937.1608701
19589,799000000.0,560000000.0,767660666.4963932
19591,765000000.0,560000000.0,767660937.1608701
19602,900000000.0,560000000.0,932060935.0193608
19605,760000000.0,560000000.0,846104617.8124658
19607,695000000.0,560000000.0,846103562.2105548
19609,799000000.0,560000000.0,920717310.1044639
19617,990000000.0,560000000.0,1027304161.1191118
19618,945000000.0,560000000.0,1027304161.1191118
19619,969000000.0,560000000.0,1027304161.1191118
19636,868000000.0,560000000.0,1027304161.1191118
19641,1039000000.0,560000000.0,1098372587.5787194
19646,990000000.0,560000000.0,1151243638.6506555
19647,990000000.0,560000000.0,1151243638.6506555
19649,879000000.0,560000000.0,1321259052.458552
19654,1350000000.0,560000000.0,1475881636.3550577
19657,1490000000.0,560000000.0,1455877448.7514033
19658,1250000000.0,560000000.0,1501003904.9295945
19664,1250000000.0,560000000.0,1501003904.9295945
19668,1488000000.0,560000000.0,1397789583.5839772
19679,1450000000.0,560000000.0,1397788733.7050261
19684,1479000000.0,560000000.0,1374395300.2910223
19687,1479000000.0,560000000.0,1374395300.2910223
19694,1479000000.0,560000000.0,1374395300.2910223
19696,1790000000.0,560000000.0,1514429162.2014809
19697,1599000000.0,560000000.0,1514430024.7567363
19698,1630000000.0,560000000.0,1514430928.3865697
19703,1679000000.0,560000000.0,1514429942.6085913
19704,1679000000.0,560000000.0,1514429983.6415899
19712,2389000000.0,560000000.0,1697136881.7401047
19714,2190000000.0,560000000.0,2076247566.3805122
19715,2190000000.0,560000000.0,2076247566.3805122
19720,2000000000.0,560000000.0,2076247003.2648332
19722,2079000000.0,560000000.0,1668732731.9821234
19724,2169000000.0,560000000.0,1668732731.9368649
19725,2179000000.0,560000000.0,1697137733.2844136
19728,2199000000.0,560000000.0,1697137733.2844136
19731,2290000000.0,560000000.0,2041495796.5253553
19732,2290000000.0,560000000.0,2041495796.5253553
19734,2139000000.0,560000000.0,2041496737.7993343
19735,2139000000.0,560000000.0,2041496737.7993343
19738,2150000000.0,560000000.0,1697138515.7849653
19744,2100000000.0,560000000.0,2076247566.3805122
19763,2489000000.0,560000000.0,2520891295.266409
19764,2499000000.0,560000000.0,2520891295.266409
19765,2529000000.0,560000000.0,2478698522.1374235
19773,1990000000.0,560000000.0,1671851001.03132
19776,1799000000.0,560000000.0,1671851046.374929
19777,1990000000.0,560000000.0,1842190616.3677106
19792,1999000000.0,560000000.0,1664064780.6936421
19803,2450000000.0,560000000.0,2612511474.3291864
19804,2450000000.0,560000000.0,2612511474.3291864
19806,2990000000.0,560000000.0,2830508568.836402
19815,470000000.0,560000000.0,681241199.8514084
19819,239000000.0,560000000.0,403420776.25517774
19827,1186000000.0,560000000.0,1358243657.3493526
19830,2790000000.0,560000000.0,2813223220.6787524
19832,2899000000.0,560000000.0,3099855233.586235
19839,3080000000.0,560000000.0,3099855830.5092783
19857,3299000000.0,560000000.0,3415692475.9585867
19863,3450000000.0,560000000.0,3415693865.5548973
19864,3399000000.0,560000000.0,3358525838.5806665
19874,3680000000.0,560000000.0,3358525200.955818
19880,3480000000.0,560000000.0,3358521739.5658827
19904,3879000000.0,560000000.0,3763711896.3996525
19913,5550000000.0,560000000.0,4951064531.278687
19920,6500000000.0,560000000.0,4510407184.561512
19923,6350000000.0,560000000.0,4510407673.883016
19924,6280000000.0,560000000.0,4510408407.865387
19936,260000000.0,560000000.0,588840825.4970062
19939,255000000.0,560000000.0,373413943.24447554
19940,255000000.0,560000000.0,453384977.59785384
19945,969000000.0,560000000.0,917409136.0522674
19953,889000000.0,560000000.0,917409376.2113256
19971,1199000000.0,560000000.0,1095237544.0466583
19981,1179000000.0,560000000.0,1113880175.012946
19983,1179000000.0,560000000.0,1113880144.802511
19998,3480000000.0,560000000.0,2549922979.5750775
20003,3499000000.0,560000000.0,2992502459.0099416
20004,3299000000.0,560000000.0,2992502215.5237713
20010,2999000000.0,560000000.0,2992502134.3617153
20013,3568000000.0,560000000.0,3319151291.0541024
20021,3350000000.0,560000000.0,3313160194.5863156
20022,3350000000.0,560000000.0,3313160194.5863156
20028,3860000000.0,560000000.0,3596119622.8139906
20036,2750000000.0,560000000.0,2830589634.8278837
20045,3668000000.0,560000000.0,3436782210.267362
20067,6350000000.0,560000000.0,4726558075.194545
20068,6799000000.0,560000000.0,4726558844.351233
20075,6399000000.0,560000000.0,4735110386.858416
20076,6399000000.0,560000000.0,4735110386.858416
20080,3789000000.0,560000000.0,2508858490.699114
20082,3489000000.0,560000000.0,2508858490.699114
20101,2280000000.0,560000000.0,1978295279.1611984
20105,2030000000.0,560000000.0,1945186283.8254986
20107,2120000000.0,560000000.0,1945185756.2559965
20114,2090000000.0,560000000.0,1913377935.7297258
20117,1986000000.0,560000000.0,1945188024.8058653
20120,1999000000.0,560000000.0,1978297479.0146697
20126,1999000000.0,560000000.0,1945187286.207944
20127,1999000000.0,560000000.0,1945187286.207944
20128,1999000000.0,560000000.0,1945187286.207944
20129,1999000000.0,560000000.0,1945187286.207944
20132,1650000000.0,560000000.0,1538846232.0080025
20136,1890000000.0,560000000.0,1695637033.0961924
20140,1890000000.0,560000000.0,1837848264.6392548
20141,2090000000.0,560000000.0,1837848264.6392548
20143,2050000000.0,560000000.0,1837129608.163771
20144,1890000000.0,560000000.0,1868402513.7701058
20149,2350000000.0,560000000.0,2058770654.300941
20150,2439000000.0,560000000.0,2058769649.2249217
20162,868000000.0,560000000.0,1156406957.7740197
20164,1150000000.0,560000000.0,1041549460.1129702
20184,1459000000.0,560000000.0,1439200850.681069
20187,315000000.0,560000000.0,318474425.6312117
20188,288000000.0,560000000.0,298926549.914336
20189,269000000.0,560000000.0,298926549.914336
20190,295000000.0,560000000.0,298926582.3440443
20191,270000000.0,560000000.0,298926476.9475047
20192,260000000.0,560000000.0,298926476.9475047
20196,375000000.0,560000000.0,350878384.93938
20205,379000000.0,560000000.0,378742582.5622848
20209,375000000.0,560000000.0,397149355.0634736
20213,390000000.0,560000000.0,430289983.3259399
20215,380000000.0,560000000.0,359469817.177325
20220,380000000.0,560000000.0,401537328.4867719
20221,340000000.0,560000000.0,408372799.37219167
20224,590000000.0,560000000.0,506203179.9649169
20233,495000000.0,560000000.0,451763661.0539157
20234,475000000.0,560000000.0,451763661.0539157
20236,530000000.0,560000000.0,442787694.10416335
20244,375000000.0,560000000.0,382670124.78276455
20245,360000000.0,560000000.0,360841958.6185775
20255,390000000.0,560000000.0,414602864.0244821
20256,390000000.0,560000000.0,414602391.74412584
20261,405000000.0,560000000.0,414602391.74412584
20263,1250000000.0,560000000.0,1215457139.0505817
20265,1570000000.0,560000000.0,1133518550.0526826
20271,1699000000.0,560000000.0,1516496865.0319304
20272,1699000000.0,560000000.0,1516496865.0319304
20273,1699000000.0,560000000.0,1516496865.0319304
20277,1479000000.0,560000000.0,1244984749.8436174
20284,1750000000.0,560000000.0,1377663466.8457153
20288,1569000000.0,560000000.0,1299901643.1687272
20291,1589000000.0,560000000.0,1441035295.9427934
20292,1599000000.0,560000000.0,1441035295.9427934
20294,1599000000.0,560000000.0,1441035295.9427934
20295,999000000.0,560000000.0,839608951.3153535
20298,1234000000.0,560000000.0,998916278.4644434
20299,1339000000.0,560000000.0,1052955671.9804046
20307,250000000.0,560000000.0,248148486.5413937
20308,295000000.0,560000000.0,297207834.3202972
20312,320000000.0,560000000.0,327489623.49938315
20313,268000000.0,560000000.0,327490165.30846554
20319,160000000.0,560000000.0,176713625.37420738
20322,215000000.0,560000000.0,233872109.31671676
20352,210000000.0,560000000.0,270810481.3705924
20357,489000000.0,560000000.0,449019301.6836049
20370,620000000.0,560000000.0,669145261.7325714
20381,730000000.0,560000000.0,623636721.1658955
20385,259000000.0,560000000.0,108070490.04700689
20402,799000000.0,560000000.0,754463398.4913576
20404,768000000.0,560000000.0,754463562.1906289
20422,310000000.0,560000000.0,311697119.8027214
20427,355000000.0,560000000.0,345539945.9495464
20428,355000000.0,560000000.0,345539945.9495464
20432,368000000.0,560000000.0,380746611.0714734
20434,379000000.0,560000000.0,383055490.54675215
20437,420000000.0,560000000.0,391499304.97324973
20455,245000000.0,560000000.0,219284947.47734037
20458,545000000.0,560000000.0,592187400.8691329
20460,540000000.0,560000000.0,592187400.8691329
20465,555000000.0,560000000.0,557748558.3707218
20466,518000000.0,560000000.0,615392986.8963631
20468,606000000.0,560000000.0,567126795.3844845
20470,555000000.0,560000000.0,559221348.4116464
20488,368000000.0,560000000.0,340141019.1336829
20496,405000000.0,560000000.0,390817257.8013276
20507,430000000.0,560000000.0,482590923.5391041
20511,420000000.0,560000000.0,455069742.2215496
20512,420000000.0,560000000.0,531774274.7360051
20516,323000000.0,560000000.0,311969532.4559478
20525,365000000.0,560000000.0,363254056.1958239
20528,350000000.0,560000000.0,385227895.4252017
20531,456000000.0,560000000.0,429689938.17961776
20533,468000000.0,560000000.0,425426574.3423716
20537,488000000.0,560000000.0,481529381.35427046
20539,535000000.0,560000000.0,574867134.4930068
20553,496000000.0,560000000.0,551191743.2786409
20555,570000000.0,560000000.0,603689151.0794294
20569,155000000.0,560000000.0,152956782.81568557
20578,555000000.0,560000000.0,568522243.4352022
20579,559000000.0,560000000.0,534177790.71922237
20582,320000000.0,560000000.0,343078325.3268594
20597,385000000.0,560000000.0,315620423.0834102
20602,405000000.0,560000000.0,461115261.1783416
20603,485000000.0,560000000.0,595905672.442656
20604,450000000.0,560000000.0,474481815.7658713
20607,386000000.0,560000000.0,236658565.13093546
20614,259000000.0,560000000.0,202869904.63521424
20616,195000000.0,560000000.0,202870124.7232298
20617,183000000.0,560000000.0,199474337.63505378
20618,182000000.0,560000000.0,199552182.16646153
20619,225000000.0,560000000.0,223539429.65121305
20623,479000000.0,560000000.0,539586808.2566801
20624,479000000.0,560000000.0,539586808.2566801
20637,215000000.0,560000000.0,241660536.33080575
20647,515000000.0,560000000.0,533364834.38699824
20651,560000000.0,560000000.0,624325532.9279991
20653,468000000.0,560000000.0,484327004.7071425
20671,685000000.0,560000000.0,683507880.7051723
20675,315000000.0,560000000.0,353541408.60836786
20681,490000000.0,560000000.0,472991130.0826693
20682,485000000.0,560000000.0,472990899.1720324
20685,385000000.0,560000000.0,406451763.97958285
20686,680000000.0,560000000.0,585900710.2313641
20690,695000000.0,560000000.0,647974359.4000403
20691,680000000.0,560000000.0,654466913.1784419
20693,680000000.0,560000000.0,654466913.1784419
20706,689000000.0,560000000.0,697671323.8716443
20713,789000000.0,560000000.0,750167821.2772658
20717,760000000.0,560000000.0,837958044.6078506
20729,289000000.0,560000000.0,396988644.75709915
20730,515000000.0,560000000.0,491245775.84987587
20733,745000000.0,560000000.0,718604631.5491533
20736,820000000.0,560000000.0,750452763.9518658
20745,810000000.0,560000000.0,785147034.8665787
20751,3150000000.0,560000000.0,2918700488.8629804
20755,3500000000.0,560000000.0,3216085770.3241215
20781,3900000000.0,560000000.0,3648083084.36299
20782,3780000000.0,560000000.0,3648083084.36299
20783,3680000000.0,560000000.0,3648083084.36299
20786,775000000.0,560000000.0,999042882.0915806
20792,1150000000.0,560000000.0,1214368099.5063655
20796,1480000000.0,560000000.0,1354949989.052359
20803,555000000.0,560000000.0,1455393457.4144588
20808,1250000000.0,560000000.0,2288121316.487402
20809,4899000000.0,560000000.0,3531222431.9213495
20812,930000000.0,560000000.0,1255459231.1944358
20813,1489000000.0,560000000.0,1360220025.774302
20814,1485000000.0,560000000.0,1360220025.774302
20824,1650000000.0,560000000.0,1679635343.7629876
20831,1590000000.0,560000000.0,1651523414.4036262
20832,1590000000.0,560000000.0,1651523414.4036262
20835,1799000000.0,560000000.0,1850771042.756929
20836,1899000000.0,560000000.0,1850771544.719456
20837,2250000000.0,560000000.0,2005207646.239476
20842,2339000000.0,560000000.0,2401645070.573155
20847,2799000000.0,560000000.0,2682704281.8138146
20851,2850000000.0,560000000.0,2711920435.678781
20852,2999000000.0,560000000.0,2723439688.809527
20862,4600000000.0,560000000.0,3287758789.478628
20864,1959000000.0,560000000.0,2317417827.368384
20873,4379000000.0,560000000.0,3879607359.2868977
20876,3999000000.0,560000000.0,3999858794.033147
20877,3999000000.0,560000000.0,3999858794.033147
20883,7199000000.0,560000000.0,5319006361.335712
20889,2650000000.0,560000000.0,2238385647.2965164
20891,3290000000.0,560000000.0,2507451661.3085866
20905,5000000000.0,560000000.0,2969119440.0564957
20909,3900000000.0,560000000.0,2827162965.1662993
20914,3390000000.0,560000000.0,3021570013.990573
20916,3350000000.0,560000000.0,3063082878.3794856
20919,4289000000.0,560000000.0,3375172360.9634285
20920,4289000000.0,560000000.0,3375172360.9634285
20921,4289000000.0,560000000.0,3375172360.9634285
20923,4299000000.0,560000000.0,3375172360.9634285
20926,5990000000.0,560000000.0,3208720610.628066
20927,5990000000.0,560000000.0,3208720610.628066
20928,5790000000.0,560000000.0,3208721393.8647356
20930,3450000000.0,560000000.0,1802141160.9992695
20935,28000000000.0,560000000.0,12488265405.36193
20939,3790000000.0,560000000.0,4227419671.209329
20946,3999000000.0,560000000.0,4156600960.8495727
20949,8979000000.0,560000000.0,5733338373.542809
20952,9669000000.0,560000000.0,5733338373.542809
20953,8600000000.0,560000000.0,5733338373.542809
20957,7900000000.0,560000000.0,11961669621.815773
20962,368000000.0,560000000.0,246528903.44529995
20964,479000000.0,560000000.0,595942504.0085362
20967,215000000.0,560000000.0,280763778.45533645
20986,340000000.0,560000000.0,339849445.5294957
20990,688000000.0,560000000.0,779068205.8867959
20994,100000000.0,560000000.0,113552379.01845545
20999,125000000.0,560000000.0,149433787.54382885
21003,155000000.0,560000000.0,184452563.22379473
21005,205000000.0,560000000.0,223954482.52659416
21014,245000000.0,560000000.0,210113628.40028733
21021,380000000.0,560000000.0,282570001.58382547
21023,306000000.0,560000000.0,307929006.2025067
21025,350000000.0,560000000.0,329697735.01567996
21026,348000000.0,560000000.0,329697742.8578121
21027,395000000.0,560000000.0,363289948.95049083
21028,420000000.0,560000000.0,368281011.2730093
21036,295000000.0,560000000.0,224120237.28522933
21038,245000000.0,560000000.0,197245444.58430994
21042,360000000.0,560000000.0,295388868.00269073
21050,375000000.0,560000000.0,394049202.8148177
21054,425000000.0,560000000.0,427703178.7605268
21056,390000000.0,560000000.0,434984313.4429937
21059,405000000.0,560000000.0,427703120.7601258
21065,230000000.0,560000000.0,368194439.5239747
21077,550000000.0,560000000.0,89229598.85749564
21079,4599000000.0,560000000.0,1778377255.5283306
21080,4599000000.0,560000000.0,1778377255.5283306
21081,4599000000.0,560000000.0,1778377255.5283306
21086,2750000000.0,560000000.0,2218882750.0320754
21097,3050000000.0,560000000.0,2694068469.1567116
21100,390000000.0,560000000.0,515212319.15499794
21119,425000000.0,560000000.0,384516865.94435334
21123,495000000.0,560000000.0,440775152.3305395
21126,535000000.0,560000000.0,485684300.280263
21128,590000000.0,560000000.0,589697814.5889926
21130,598000000.0,560000000.0,649794742.4425529
21137,938000000.0,560000000.0,898815222.4125552
21147,175000000.0,560000000.0,136252496.8747789
21155,260000000.0,560000000.0,275780945.71323526
21157,280000000.0,560000000.0,303879699.8163354
21168,320000000.0,560000000.0,362924061.66178757
21176,1390000000.0,560000000.0,1489337295.5243235
21177,1380000000.0,560000000.0,1489337416.7048635
21179,405000000.0,560000000.0,387386914.8370911
21186,950000000.0,560000000.0,954845708.6904795
21190,605000000.0,560000000.0,556640712.2472761
21191,689000000.0,560000000.0,537439252.3269721
21192,599000000.0,560000000.0,556640712.2472761
21193,599000000.0,560000000.0,556640591.4704949
21194,685000000.0,560000000.0,613355557.8887401
21198,785000000.0,560000000.0,786315374.5051324
21206,799000000.0,560000000.0,881180865.002279
21220,1045000000.0,560000000.0,1069892187.2625831
21232,1048000000.0,560000000.0,1159170091.2017024
21234,85000000.0,560000000.0,63037749.28752367
21236,110000000.0,560000000.0,94340184.16769634
21240,345000000.0,560000000.0,239602665.72606868
21244,260000000.0,560000000.0,279985547.9282138
21248,379000000.0,560000000.0,330594058.4695662
21254,405000000.0,560000000.0,424033972.1838554
21258,216000000.0,560000000.0,198727847.89123622
21260,275000000.0,560000000.0,218975327.21520844
21263,245000000.0,560000000.0,218976057.7141027
21267,390000000.0,560000000.0,391942193.4675052
21268,407000000.0,560000000.0,419367154.1958771
21280,115000000.0,560000000.0,100429608.17861742
21297,395000000.0,560000000.0,470305330.3481267
21298,395000000.0,560000000.0,470305330.3481267
21304,615000000.0,560000000.0,664535570.9799792
21305,595000000.0,560000000.0,674626420.4540343
21306,655000000.0,560000000.0,732243318.1486436
21309,860000000.0,560000000.0,1189263741.408041
21310,855000000.0,560000000.0,1189263741.408041
21311,855000000.0,560000000.0,1189263741.408041
21312,860000000.0,560000000.0,1189263741.408041
21313,860000000.0,560000000.0,1189263741.408041
21316,725000000.0,560000000.0,797288552.6820129
21324,600000000.0,560000000.0,554892471.5443252
21327,585000000.0,560000000.0,594792208.0719533
21346,660000000.0,560000000.0,663647953.3469667
21350,775000000.0,560000000.0,819489133.670542
21354,759000000.0,560000000.0,792597533.6542172
21364,685000000.0,560000000.0,701891878.6890552
21367,726000000.0,560000000.0,681565419.9733993
21374,790000000.0,560000000.0,751008883.4750454
21377,800000000.0,560000000.0,841613979.4280844
21378,800000000.0,560000000.0,841613979.4280844
21381,799000000.0,560000000.0,787454065.805151
21386,605000000.0,560000000.0,552212760.976856
21388,526000000.0,560000000.0,552212491.3908274
21398,650000000.0,560000000.0,642995529.7795969
21402,620000000.0,560000000.0,668095226.3531585
21414,300000000.0,560000000.0,278668022.7647199
21426,329000000.0,560000000.0,310829391.56224513
21427,395000000.0,560000000.0,400225821.9169186
21428,415000000.0,560000000.0,409047794.6130266
21429,400000000.0,560000000.0,420564680.0261854
21432,389000000.0,560000000.0,415848895.76182365
21433,395000000.0,560000000.0,438345486.07818377
21434,368000000.0,560000000.0,415848895.76182365
21440,599000000.0,560000000.0,615219213.9996687
21441,595000000.0,560000000.0,615219130.5704055
21449,605000000.0,560000000.0,698124379.9741577
21460,379000000.0,560000000.0,430137312.4431006
21465,790000000.0,560000000.0,862082884.738682
21468,749000000.0,560000000.0,887292966.7907265
21469,835000000.0,560000000.0,1049888513.9301392
21470,818000000.0,560000000.0,1049889140.3774319
21482,350000000.0,560000000.0,533944607.43474215
21492,2986000000.0,560000000.0,1472366388.0573616
21500,378000000.0,560000000.0,413308028.24656606
21511,499000000.0,560000000.0,525308038.75310045
21515,565000000.0,560000000.0,605964420.2133265
21518,888000000.0,560000000.0,1417965513.8210146
21525,215000000.0,560000000.0,269024680.9101007
21526,215000000.0,560000000.0,269024578.7600421
21527,298000000.0,560000000.0,275457960.1178009
21533,225000000.0,560000000.0,306040013.0348917
21542,330000000.0,560000000.0,326639939.25581586
21546,395000000.0,560000000.0,359919938.17115414
21548,360000000.0,560000000.0,379390184.4803527
21549,366000000.0,560000000.0,359920318.8767714
21550,329000000.0,560000000.0,359920123.643071
21558,375000000.0,560000000.0,401089433.84717697
21563,359000000.0,560000000.0,396590903.549378
21574,285000000.0,560000000.0,351066359.57585293
21583,395000000.0,560000000.0,492642755.52462023
21585,775000000.0,560000000.0,937644188.3935431
21588,825000000.0,560000000.0,884159389.2489886
21589,825000000.0,560000000.0,894185765.0070964
21595,999000000.0,560000000.0,1209844539.048614
21596,976000000.0,560000000.0,1209844604.6749432
21599,138000000.0,560000000.0,125387755.61416489
21600,120000000.0,560000000.0,123472909.38345592
21602,145000000.0,560000000.0,147462993.7708081
21603,145000000.0,560000000.0,149914974.39705864
21604,180000000.0,560000000.0,149915868.9118683
21614,155000000.0,560000000.0,200565890.51419324
21622,205000000.0,560000000.0,238835218.1653709
21624,5390000000.0,560000000.0,3495360555.6959753
21625,5390000000.0,560000000.0,3495360555.6959753
21637,4980000000.0,560000000.0,4316158975.900455
21649,4999000000.0,560000000.0,4755926126.832348
21682,3880000000.0,560000000.0,3487972527.7883945
21683,3950000000.0,560000000.0,3383111043.0819387
21684,3950000000.0,560000000.0,3383111043.0819387
21685,3950000000.0,560000000.0,3383111043.0819387
21687,3990000000.0,560000000.0,3383111043.0819387
21688,4000000000.0,560000000.0,3383111369.733549
21706,325000000.0,560000000.0,328739965.51332045
21713,2900000000.0,560000000.0,1517666420.5528672
21718,5486000000.0,560000000.0,2460815330.5697827
21738,2550000000.0,560000000.0,2529324264.65218
21740,2990000000.0,560000000.0,2529320148.665615
21741,2860000000.0,560000000.0,2529324264.65218
21746,2550000000.0,560000000.0,2529326322.6479697
21748,2990000000.0,560000000.0,2529320148.665615
21752,2799000000.0,560000000.0,2529314852.7727513
21758,3668000000.0,560000000.0,3383897190.492673
21759,3668000000.0,560000000.0,3383897190.492673
21777,5290000000.0,560000000.0,3164983482.4125633
21801,690000000.0,560000000.0,588971544.0367798
21804,790000000.0,560000000.0,767090607.2860703
21806,875000000.0,560000000.0,863012293.3126167
21821,1146000000.0,560000000.0,1120777135.681387
21838,1780000000.0,560000000.0,1607076426.9523427
21845,1699000000.0,560000000.0,1558679810.1500034
21849,1799000000.0,560000000.0,1748795191.1683927
21851,1819000000.0,560000000.0,1800962150.4117615
21858,1890000000.0,560000000.0,1741860176.8984196
21861,1790000000.0,560000000.0,1800962248.1024408
21862,2290000000.0,560000000.0,2186650704.4811673
21882,2670000000.0,560000000.0,2654939589.5957894
21883,2848000000.0,560000000.0,2654939013.4698853
21885,375000000.0,560000000.0,388655052.5694641
21886,798000000.0,560000000.0,631324518.7906356
21891,300000000.0,560000000.0,457197688.1100085
21896,498000000.0,560000000.0,504494600.87699723
21903,495000000.0,560000000.0,555896444.0565238
21904,499000000.0,560000000.0,555896444.0565238
21905,493000000.0,560000000.0,555896444.0565238
21910,650000000.0,560000000.0,457939356.64885044
21915,4250000000.0,560000000.0,2595778658.6072598
21918,435000000.0,560000000.0,511910507.79618275
21922,362000000.0,560000000.0,511910785.47496593
21926,495000000.0,560000000.0,481901883.9262657
21927,460000000.0,560000000.0,476710280.86956143
21933,473000000.0,560000000.0,529589934.1375303
21935,475000000.0,560000000.0,529589934.1375303
21936,485000000.0,560000000.0,529589934.1375303
21942,475000000.0,560000000.0,493174053.0798432
21946,540000000.0,560000000.0,534326757.1809314
21950,345000000.0,560000000.0,357409114.6019634
21952,368000000.0,560000000.0,346664371.6365819
21958,485000000.0,560000000.0,553904664.6314234
21963,170000000.0,560000000.0,198181771.58792195
21964,155000000.0,560000000.0,201905631.56297374
21965,240000000.0,560000000.0,213274746.6645888
21968,211000000.0,560000000.0,240623494.57550004
21978,350000000.0,560000000.0,405698815.6535341
21983,260000000.0,560000000.0,305306978.97915787
21984,195000000.0,560000000.0,129869912.26011592
22010,296000000.0,560000000.0,327688598.4627713
22019,370000000.0,560000000.0,374991893.51567084
22020,350000000.0,560000000.0,371721870.3373591
22030,355000000.0,560000000.0,401164370.8473382
22031,118000000.0,560000000.0,101061257.58488217
22046,435000000.0,560000000.0,515673063.26550424
22053,425000000.0,560000000.0,406100212.85540664
22055,390000000.0,560000000.0,413568585.9984685
22059,435000000.0,560000000.0,448255154.2519099
22062,465000000.0,560000000.0,502334921.3053773
22073,280000000.0,560000000.0,360571241.95899254
22075,293000000.0,560000000.0,366565424.9920037
22084,373000000.0,560000000.0,427861242.6621422
22085,370000000.0,560000000.0,433739718.27474916
22089,200000000.0,560000000.0,183339766.3275094
22092,195000000.0,560000000.0,176983793.14432847
22097,160000000.0,560000000.0,190496513.99182197
22099,220000000.0,560000000.0,192646453.05252105
22101,230000000.0,560000000.0,193355779.54948428
22102,179000000.0,560000000.0,198258779.41337118
22105,219000000.0,560000000.0,195292905.6740436
22106,215000000.0,560000000.0,192646244.05587474
22111,229000000.0,560000000.0,234764664.12436095
22119,295000000.0,560000000.0,278148514.1668279
22120,275000000.0,560000000.0,273478057.5054197
22132,350000000.0,560000000.0,358249011.367556
22133,355000000.0,560000000.0,363170651.27531344
22137,359000000.0,560000000.0,363170848.2722177
22139,418000000.0,560000000.0,400173460.6277158
22145,415000000.0,560000000.0,434970336.98124164
22146,415000000.0,560000000.0,440946587.5896026
22147,415000000.0,560000000.0,440946587.5896026
22151,535000000.0,560000000.0,580608745.3299953
22160,570000000.0,560000000.0,631095381.2276349
22167,459000000.0,560000000.0,460353257.74521655
22179,125000000.0,560000000.0,117068933.2517975
22180,115000000.0,560000000.0,117068933.2517975
22187,269000000.0,560000000.0,252090111.28574827
22190,260000000.0,560000000.0,252090104.4486099
22192,265000000.0,560000000.0,252090111.28574827
22194,275000000.0,560000000.0,285867538.004053
22198,295000000.0,560000000.0,281591629.05419916
22207,295000000.0,560000000.0,290522926.6996521
22215,265000000.0,560000000.0,245605518.83662963
22223,340000000.0,560000000.0,290089677.24040014
22228,290000000.0,560000000.0,294075037.10868794
22236,295000000.0,560000000.0,298540957.34957606
22241,279000000.0,560000000.0,298540957.34957606
22242,299000000.0,560000000.0,294075451.8210147
22244,270000000.0,560000000.0,294075451.8210147
22246,648000000.0,560000000.0,565403745.3806258
22247,628000000.0,560000000.0,565403745.3806258
22253,650000000.0,560000000.0,581579937.4649018
22255,685000000.0,560000000.0,599606214.1339697
22256,639000000.0,560000000.0,565403714.7110901
22258,630000000.0,560000000.0,565403745.3806258
22259,630000000.0,560000000.0,582238239.9263415
22274,399000000.0,560000000.0,394688752.4086424
22279,500000000.0,560000000.0,474051456.2416134
22286,445000000.0,560000000.0,481250113.84353554
22293,565000000.0,560000000.0,533953921.7891748
22301,489000000.0,560000000.0,489909946.03520215
22302,495000000.0,560000000.0,489909946.03520215
22303,495000000.0,560000000.0,489909946.03520215
22305,550000000.0,560000000.0,424976639.37601715
22311,499000000.0,560000000.0,475387884.5477712
22324,525000000.0,560000000.0,509387062.559782
22325,530000000.0,560000000.0,509386786.2499549
22326,500000000.0,560000000.0,509386709.4911122
22327,570000000.0,560000000.0,500861435.57862663
22329,460000000.0,560000000.0,509387435.57828605
22330,525000000.0,560000000.0,509386786.2499549
22331,515000000.0,560000000.0,509386855.3273976
22333,489000000.0,560000000.0,494072743.2403393
22334,530000000.0,560000000.0,500861191.0619207
22335,510000000.0,560000000.0,494072743.2403393
22337,539000000.0,560000000.0,500860756.3658521
22339,535000000.0,560000000.0,509387062.559782
22340,485000000.0,560000000.0,509386786.2499549
22347,530000000.0,560000000.0,442077203.2751884
22360,580000000.0,560000000.0,536751820.5306564
22365,780000000.0,560000000.0,670661313.0468636
22374,560000000.0,560000000.0,513991801.4578193
22376,530000000.0,560000000.0,505388858.09274054
22378,595000000.0,560000000.0,540963133.8597405
22381,500000000.0,560000000.0,566362169.0373781
22386,590000000.0,560000000.0,518478803.3977758
22388,570000000.0,560000000.0,518478986.2048419
22389,585000000.0,560000000.0,518478986.2048419
22397,550000000.0,560000000.0,629517252.9353074
22401,550000000.0,560000000.0,522761318.8177839
22412,1050000000.0,560000000.0,1572418320.3098638
22413,370000000.0,560000000.0,404497699.9074641
22415,349000000.0,560000000.0,404497820.58525354
22424,256000000.0,560000000.0,205383817.3035738
22435,225000000.0,560000000.0,253393843.97274697
22455,242000000.0,560000000.0,256512052.42597058
22458,275000000.0,560000000.0,260776073.2542634
22463,258000000.0,560000000.0,226310070.46348125
22467,255000000.0,560000000.0,253393864.59024018
22473,265000000.0,560000000.0,260776073.2542634
22480,333000000.0,560000000.0,256875432.05728516
22490,395000000.0,560000000.0,361038486.40703547
22496,375000000.0,560000000.0,356145113.4563582
22499,329000000.0,560000000.0,361039073.9283755
22500,390000000.0,560000000.0,356145007.20410454
22503,412000000.0,560000000.0,397824202.1857548
22505,388000000.0,560000000.0,397824258.29224604
22514,385000000.0,560000000.0,402156111.2939976
22530,388000000.0,560000000.0,402156165.8299922
22533,425000000.0,560000000.0,438357238.80671513
22537,408000000.0,560000000.0,425345694.85542685
22550,610000000.0,560000000.0,531901550.32312125
22551,600000000.0,560000000.0,539209230.9268906
22554,599000000.0,560000000.0,539209201.6782397
22555,599000000.0,560000000.0,539209201.6782397
22560,599000000.0,560000000.0,594148200.173007
22565,600000000.0,560000000.0,594148603.0323912
22572,640000000.0,560000000.0,594148570.8036308
22573,640000000.0,560000000.0,594148570.8036308
22574,595000000.0,560000000.0,603171441.0411462
22575,595000000.0,560000000.0,603171441.0411462
22576,565000000.0,560000000.0,603171441.0411462
22578,620000000.0,560000000.0,603170868.4730421
22582,568000000.0,560000000.0,603171571.9139303
22585,579000000.0,560000000.0,603171441.0411462
22588,600000000.0,560000000.0,603170868.4730421
22589,599000000.0,560000000.0,586096113.3098689
22597,510000000.0,560000000.0,500348819.3128257
22599,460000000.0,560000000.0,512747767.17508006
22608,605000000.0,560000000.0,599614710.4823896
22611,739000000.0,560000000.0,681186288.7178569
22615,725000000.0,560000000.0,619914137.3475541
22619,725000000.0,560000000.0,628431179.3569868
22623,795000000.0,560000000.0,692460835.4194813
22625,769000000.0,560000000.0,692460914.0734168
22629,690000000.0,560000000.0,737389389.227783
22632,739000000.0,560000000.0,732941112.8073164
22636,775000000.0,560000000.0,788091325.5350088
22637,765000000.0,560000000.0,811051033.0689248
22638,750000000.0,560000000.0,811051033.0689248
22641,770000000.0,560000000.0,880320961.0727959
22643,730000000.0,560000000.0,593892790.8875562
22647,745000000.0,560000000.0,629162842.9558899
22660,610000000.0,560000000.0,629163235.4287053
22661,625000000.0,560000000.0,639872476.5890955
22665,560000000.0,560000000.0,620636142.2667454
22670,625000000.0,560000000.0,639872459.2346025
22679,543000000.0,560000000.0,638717516.8856659
22689,670000000.0,560000000.0,639872459.2346025
22710,565000000.0,560000000.0,618195548.5580693
22711,580000000.0,560000000.0,631189166.1686273
22712,580000000.0,560000000.0,615004613.0364474
22724,620000000.0,560000000.0,615927077.4883064
22725,600000000.0,560000000.0,633871088.1084199
22732,739000000.0,560000000.0,699718779.0702822
22735,720000000.0,560000000.0,699718763.8691974
22743,720000000.0,560000000.0,688007306.7575424
22745,660000000.0,560000000.0,687033818.2576035
22753,550000000.0,560000000.0,678682898.2767183
22756,725000000.0,560000000.0,678682655.3029978
22763,675000000.0,560000000.0,688007518.119372
22771,810000000.0,560000000.0,699718763.8691974
22773,690000000.0,560000000.0,699718763.8691974
22776,655000000.0,560000000.0,688276780.5066929
22777,605000000.0,560000000.0,695500110.9763544
22778,659000000.0,560000000.0,688007269.4375478
22786,710000000.0,560000000.0,688007586.657567
22790,620000000.0,560000000.0,659806042.0744122
22794,725000000.0,560000000.0,678682898.2767183
22805,850000000.0,560000000.0,771011108.6160249
22823,850000000.0,560000000.0,844446588.584189
22825,915000000.0,560000000.0,920461365.6633083
22829,710000000.0,560000000.0,556846249.6771876
22836,1120000000.0,560000000.0,960368745.3362176
22839,1140000000.0,560000000.0,960368240.0258914
22841,1210000000.0,560000000.0,1091018994.3132277
22842,1220000000.0,560000000.0,1091018994.3132277
22845,799000000.0,560000000.0,776081835.2783585
22849,1150000000.0,560000000.0,1049121618.2167555
22850,1155000000.0,560000000.0,1047227373.8276137
22868,1239000000.0,560000000.0,1156015261.0808563
22886,215000000.0,560000000.0,234931779.08214146
22894,1149000000.0,560000000.0,1230986284.2440557
22908,1839000000.0,560000000.0,1807173314.2130494
22919,1949000000.0,560000000.0,1623707135.5783033
22922,1999000000.0,560000000.0,1631432492.8401384
22925,1999000000.0,560000000.0,1701164110.0146222
22926,1868000000.0,560000000.0,1701164110.0146222
22941,1999000000.0,560000000.0,1701164110.0146222
22951,1459000000.0,560000000.0,1717004952.8749142
22953,1489000000.0,560000000.0,1706651437.3213372
22960,1540000000.0,560000000.0,1458939426.2724566
22961,1550000000.0,560000000.0,1458941048.6050758
22962,1579000000.0,560000000.0,1483773105.499612
22964,1569000000.0,560000000.0,1483773105.499612
22965,1559000000.0,560000000.0,1483773507.9256713
22967,1835000000.0,560000000.0,1812491136.185967
23004,18000000.0,560000000.0,41243376.194361545
23005,550000000.0,560000000.0,516239989.60869443
23007,310000000.0,560000000.0,344741649.0185622
23009,370000000.0,560000000.0,381056154.5956327
23020,355000000.0,560000000.0,358538073.5994266
23023,378000000.0,560000000.0,375327811.9089056
23027,138000000.0,560000000.0,122447208.58793804
23028,75000000.0,560000000.0,57087557.83464322
23030,87000000.0,560000000.0,90837331.30319464
23041,885000000.0,560000000.0,918735039.7510298
23048,565000000.0,560000000.0,641264726.1491803
23049,590000000.0,560000000.0,694776057.473174
23052,320000000.0,560000000.0,292180010.26477
23054,435000000.0,560000000.0,364099089.1811892
23063,258000000.0,560000000.0,232646654.54554003
23066,345000000.0,560000000.0,378982760.20183736
23069,330000000.0,560000000.0,310164034.907324
23073,320000000.0,560000000.0,305380629.99467164
23078,636000000.0,560000000.0,506123254.06237733
23082,1190000000.0,560000000.0,1069268979.7049196
23092,640000000.0,560000000.0,576292373.8762511
23095,350000000.0,560000000.0,315261660.7262883
23103,275000000.0,560000000.0,326560313.87642217
23115,270000000.0,560000000.0,236428875.02725723
23122,320000000.0,560000000.0,241178093.8165922
23132,645000000.0,560000000.0,866399134.4804897
23136,399000000.0,560000000.0,375303922.7100461
23143,139000000.0,560000000.0,192289191.9205263
23148,586000000.0,560000000.0,542120928.4704524
23150,679000000.0,560000000.0,663166199.3377845
23160,210000000.0,560000000.0,166720689.62808788
23161,669000000.0,560000000.0,642956909.0020978
23171,59000000.0,560000000.0,79148885.70393166
23180,445000000.0,560000000.0,521762723.26394504
23182,250000000.0,560000000.0,245050216.14798504
