row_id,actual_price_vnd,Random Forest,XGBoost,CatBoost
0,799000000.0,681839584.1323346,490587454.8592104,700930158.281991
16,95000000.0,285293133.86877614,295213701.6336646,210270699.07916322
20,439000000.0,455866034.1136086,471006611.15588903,438339019.72342247
21,168000000.0,147315495.18551445,148403703.84336236,148139990.07832715
22,255000000.0,217545230.15357497,221536268.29752392,229286924.76089486
30,418000000.0,418472177.3231405,410425318.2789773,424930682.4275886
32,450000000.0,425755635.91137725,428404295.9154786,430645645.6518589
36,440000000.0,396175269.0139017,387245904.9475073,396282230.09288454
41,760000000.0,735949455.5718362,724748141.3284013,720046071.7363099
49,890000000.0,997340659.7949919,942849532.957372,1024261898.3185346
51,450000000.0,463498547.71601623,502490646.3317745,481383628.7825114
59,268000000.0,248545096.94227448,243883802.24299344,240724401.32486492
64,490000000.0,507775202.52123123,498274115.9460571,436957640.5370618
66,560000000.0,539285046.830643,588789162.0672336,554555478.046823
74,360000000.0,360245126.2249837,345550150.15935606,350252823.7541346
80,640000000.0,740248329.9397178,667199526.5684729,594387544.840492
83,675000000.0,626479833.2873527,648453007.7567658,666709613.596558
86,780000000.0,808404008.3864028,780789952.9962276,719932640.1088953
97,475000000.0,468268051.08418095,481877408.3049617,493239658.47745
100,650000000.0,536465341.5542497,522684026.825236,518290293.5009258
105,790000000.0,772023940.6459742,762743707.0136654,773545519.299716
113,750000000.0,766529831.6816927,799279936.1516372,768769303.7466786
115,420000000.0,417870227.70252466,435137402.3982555,444985164.5705862
117,360000000.0,335137572.6125488,317936443.4491305,341684415.9973998
125,325000000.0,328824166.18797445,325427670.4367387,321230216.3925013
139,180000000.0,143631606.02696574,138084680.02551597,135288763.15702143
153,82000000.0,89213821.02925941,88718554.05143337,88829613.64483781
159,650000000.0,628564570.5121928,635670681.6499575,659491561.0753852
169,458000000.0,443664471.62889475,433074878.81477606,430905572.50562185
174,94000000.0,122536920.62497987,138602126.73364192,135824030.95502678
178,925000000.0,788928265.4487084,737386671.9550929,840462651.5024599
180,165000000.0,188216874.14967507,179046598.43923888,183419794.2123371
181,255000000.0,248545096.94227448,243883802.24299344,240724401.32486492
186,198000000.0,196515032.873449,204005876.52550182,215447042.16141576
187,2180000000.0,2164492301.9115567,2127684410.5918775,2224304434.265875
191,330000000.0,357203482.776414,335967972.93166375,404320728.7965217
206,630000000.0,655843065.4206834,665835442.3013413,637499976.322943
207,545000000.0,569561982.9964947,569110942.4346484,594852448.107688
222,215000000.0,258850648.72161773,276711525.0363328,303893605.8683418
226,115000000.0,138961088.44497228,130063664.37487878,145161536.002654
229,270000000.0,290740637.28139114,295779571.0283806,277318717.3440852
230,272000000.0,305057453.2581868,305916323.7741333,293319704.6578951
238,190000000.0,204556341.0495797,213474008.9621305,207740059.76790735
250,270000000.0,351244749.0563468,344547820.8348299,330262555.0980225
252,365000000.0,351249213.3895092,349678739.23267215,344388336.2042216
253,295000000.0,292805937.59676945,285998889.4925384,288679016.69337696
254,280000000.0,279616296.1768349,251886246.28988582,275339532.1484058
258,186000000.0,202833994.6642105,168221813.53000686,159782181.0600562
259,255000000.0,239323337.52405933,240982249.88010025,220844609.64645034
260,160000000.0,166262266.893803,173720720.42621312,160734229.35397103
266,240000000.0,229870484.10467532,219094405.5756497,207135500.75917062
274,430000000.0,469158816.47912884,455462019.4315752,413659208.94550073
280,200000000.0,159425903.89422095,182299596.74312717,181049337.79168397
283,270000000.0,294611086.19840693,256167343.0146538,282157018.0016884
286,116000000.0,138642289.98887464,135724432.14559826,112977618.96905814
287,115000000.0,130024643.52893181,143338259.03516895,136097530.61821163
288,380000000.0,351604678.0180789,349802815.6641547,348208572.3466819
289,420000000.0,335096347.05259544,349077659.1796194,323238850.02265817
291,335000000.0,279908567.75407374,295517355.36287016,285305980.7484155
296,128000000.0,133849222.59781048,135146307.33733845,126045940.069918
298,350000000.0,353575055.99445724,337369129.77847165,366443805.2192727
300,235000000.0,268021536.45416832,262016189.30107278,254158984.42070657
303,510000000.0,494275621.9711539,510195432.3068758,517148035.47768253
307,375000000.0,356966985.9813528,336241709.4270205,323609851.53031355
320,200000000.0,147853802.78514454,133133560.39657795,117052161.40160757
329,265000000.0,277579478.5632866,280784574.23816955,288658083.7551359
340,550000000.0,568210153.971709,589950391.7418019,647814252.2192905
341,295000000.0,311078467.70343965,323638770.75641733,342274372.55862916
343,155000000.0,191852823.64308155,207342248.04074708,198504936.0832666
345,519000000.0,513853137.9267733,532371247.14634854,485544425.27823544
346,105000000.0,150122190.63261694,146158662.12886074,125334697.04571418
348,118000000.0,141407565.15871856,142871240.88563696,140278765.57491285
353,429000000.0,534153793.6282133,485414185.2773538,457648290.9773465
358,155000000.0,145191144.36805043,145356603.50366956,141763901.12100723
369,1020000000.0,1055663343.119385,1058708280.0316658,1054913027.7418847
370,179000000.0,202787215.35949677,192246935.116559,183275538.02847135
376,330000000.0,300248622.1410243,306995343.1030742,303270550.7318669
378,325000000.0,307397836.58905154,305666109.34043914,297935248.91725314
379,275000000.0,299493302.37141967,309344129.091147,343806467.7220046
381,292000000.0,265535520.56615192,280525485.6736101,283683647.80452734
393,155000000.0,141704243.478753,159949613.6686623,165176466.30989483
395,1910000000.0,1402489243.3623128,926845000.8619666,1264927986.9772432
396,550000000.0,529303165.3767098,553242842.7759438,570977721.0936072
402,325000000.0,318047030.43863493,315141701.14740354,307795943.0998797
408,949000000.0,762777489.6737529,790400596.8726162,778805436.4304419
412,320000000.0,350308794.1156052,345618042.54276496,370456925.79833215
414,225000000.0,230664223.31778607,233041578.2928019,234818740.13273472
417,480000000.0,486314042.0271064,499608335.27372533,518030685.45235604
430,450000000.0,406123806.4586996,374045211.6642357,371540754.8272311
432,500000000.0,533285079.4386003,525773669.2633936,514502813.5002442
435,515000000.0,576227489.1564792,605660627.411875,530121084.515772
438,385000000.0,361880742.84858054,363470370.8020069,476280898.3701763
444,1179000000.0,1236045302.7034798,1124496218.486363,1034741308.7929357
447,1239000000.0,1267569922.9225366,1276965574.9513166,1171139584.4909863
449,2499000000.0,2495788094.885349,2439537129.6793394,1481757500.7049446
457,499000000.0,534070637.8432906,556773241.3019342,561448560.546914
458,550000000.0,518427623.8435653,553520437.0914987,550889559.2663287
466,375000000.0,407593897.76784927,397850215.16597956,396103288.1576397
472,1730000000.0,1731458958.9418151,1878563294.409012,1599641871.0734694
474,1899000000.0,1758254756.548285,1846967727.5934818,1687906992.9465115
487,899000000.0,975588091.9072006,920627325.4326383,857204885.6212158
488,899000000.0,975588091.9072006,920627325.4326383,857204885.6212158
492,840000000.0,824272334.6778153,736929716.2251647,1092636109.2334566
493,295000000.0,265534814.60296726,256269480.86178163,246425533.12314236
498,2390000000.0,1967827935.409406,2150479012.863107,1768436146.5737355
506,2799000000.0,3101929248.062937,2886256044.4030423,2955787532.7636924
514,1750000000.0,1722149999.387356,1599371881.6893282,1976673656.8148649
515,1750000000.0,1722149999.387356,1599371881.6893282,1976673656.8148649
519,2990000000.0,3069512939.8430347,2910275079.353115,3500924478.8849583
522,1750000000.0,1937078126.3036144,2068501787.1351557,2199291940.0669255
524,5999000000.0,5707465013.4321575,6216211552.613922,9140949691.938974
532,12900000000.0,11594011681.238499,12223071509.723463,12232322215.54696
540,330000000.0,368581460.4729528,358820828.6928607,359954286.4094606
550,360000000.0,397720028.35377467,442852235.017509,413406027.1529394
551,399000000.0,468860840.222385,402440148.06889737,460709426.32005894
554,490000000.0,542972962.0874115,502195538.1693305,538653832.5116038
556,525000000.0,523488449.5379548,504834653.15566444,558373857.0701524
562,580000000.0,539997721.705812,499333967.58214724,580242840.6425759
569,1199000000.0,1065827378.4741633,1048529640.5543259,1397797756.2839353
574,1100000000.0,1313222086.3806694,1296810168.5138166,1370763699.720466
587,1599000000.0,1498340440.7082045,1579969991.7815573,1555906014.7215335
590,1789000000.0,1521107875.1696432,2150721027.5594525,2053218927.9185586
596,2599000000.0,2636201223.0907016,2587519298.105452,2649067032.630202
598,2650000000.0,2632745698.4142404,2620668037.8454275,2649067032.630202
602,2500000000.0,2618042789.9266567,2511404055.1261826,2696407581.110109
604,2050000000.0,1971021742.2239623,1801902688.9382064,2427253059.8833337
605,450000000.0,385374220.4352812,360522840.10343933,370270016.57226205
614,585000000.0,720759688.6957613,683016496.379967,665593503.0950396
616,615000000.0,720759688.6957613,683016496.379967,665593503.0950396
620,979000000.0,950823558.2605348,918489299.9972966,850620015.9639099
623,979000000.0,950823558.2605348,918489299.9972966,850620015.9639099
641,265000000.0,293390939.7112171,286533432.513108,250768285.92498457
642,715000000.0,703620162.2015668,756422672.8933156,854068746.2063562
657,1185000000.0,900242929.6009535,992057845.8726853,696869808.9097635
658,1199000000.0,942687569.7831085,997539501.181758,704507121.6726152
661,2668000000.0,1991277332.1587539,2061019180.9566557,1235369746.8397632
679,580000000.0,537643456.5217317,529245863.2371288,464747404.5614822
684,2190000000.0,2211340711.9007373,2068509677.8583212,1948642376.0797305
689,2350000000.0,2014172254.7082098,2255802841.584777,1916112567.1686761
697,1779000000.0,1720249970.8466473,1606817271.015682,1717713721.6536784
698,1750000000.0,1658790502.6145482,1592589655.5017047,1712535365.713135
699,1739000000.0,1658790502.6145482,1592589655.5017047,1712535365.713135
701,1750000000.0,1658790502.6145482,1592589655.5017047,1712535365.713135
702,1699000000.0,1720249970.8466473,1606817271.015682,1717713721.6536784
703,1699000000.0,1720249970.8466473,1606817271.015682,1717713721.6536784
709,2390000000.0,1815627696.1999445,1920399700.2934966,2001621999.3630805
721,1850000000.0,1849946824.2302728,1809289847.5135777,1577354210.578928
729,3990000000.0,3856076404.10207,3776649365.8700814,3872591252.7761703
730,3680000000.0,3538855733.126474,3551618493.528655,3390719074.831197
741,315000000.0,327155443.8431301,381450238.6637228,343562345.0522993
743,2550000000.0,2617085452.0427413,2601911030.0463963,3063741890.8174825
750,4650000000.0,4224260711.263456,4245982352.4992266,4290191529.1221404
751,4999000000.0,4587402240.598341,4496059270.296077,4571260846.752675
752,4899000000.0,4587402240.598341,4496059270.296077,4571260846.752675
753,4879000000.0,4587402240.598341,4496059270.296077,4571260846.752675
754,4899000000.0,4587402240.598341,4496059270.296077,4571260846.752675
755,4899000000.0,4587402240.598341,4496059270.296077,4571260846.752675
756,4888000000.0,4587402240.598341,4496059270.296077,4571260846.752675
760,2490000000.0,2320470926.315615,2369414912.727177,2496744362.4610076
762,2590000000.0,2535466630.66491,2587588393.247533,2596484256.6831846
764,2570000000.0,2381443125.7613955,2635983116.432311,2623424383.2516046
766,2050000000.0,1702426686.1874008,1909781197.3429916,1948504472.1953406
778,2499000000.0,2975656358.073156,2404548283.0180106,2711970400.7688136
783,2699000000.0,2884178883.0342865,2973749258.9707994,2782181498.2371893
784,8800000000.0,2015163823.5442386,1830515929.3849888,2649037911.0639977
786,145000000.0,151712398.12927428,150134138.9277769,162384588.16387513
798,335000000.0,321732875.6149397,244426795.71688205,334548707.62989116
802,338000000.0,343608423.5471382,348389222.6806342,345708509.93266284
804,365000000.0,437684898.4848021,399213142.8045601,377952168.6968547
807,295000000.0,302529374.5247628,312891496.4563447,297932274.9546045
813,360000000.0,400020722.2513126,385496401.71040225,351691474.1643674
814,360000000.0,400020722.2513126,385496401.71040225,351691474.1643674
815,385000000.0,404074083.1139439,388301341.3107727,354446653.7516655
818,125000000.0,150773200.6740575,150142443.54370123,127563607.80271448
825,70000000.0,108707514.2423592,89952527.9524396,82684052.23171245
830,42000000.0,50780741.05028697,53223187.33064861,59101016.934122376
832,115000000.0,133690253.47926193,138465782.74828994,134558786.93696392
842,389000000.0,421047218.7949195,441727715.2486252,418502102.43555325
850,264000000.0,263832605.93128717,262366752.72136605,259190954.86727023
853,999000000.0,224762688.2662749,286035440.30066097,206480768.52173918
861,125000000.0,138829667.63062653,144737173.92964628,143307423.39961043
864,105000000.0,136631992.3108857,146660481.2522372,142775935.7933838
870,80000000.0,118737919.78751546,105519389.3412795,83273091.33257927
873,430000000.0,400866894.29005265,374227895.5251543,366860220.99148273
877,425000000.0,396200962.92772055,425602617.02140284,417702631.12289095
882,228000000.0,233821313.01966965,238380600.39874524,231989843.67645496
883,260000000.0,241326537.06350073,231669487.6807635,227371605.70831615
887,265000000.0,273832720.9123168,276159485.1675916,277774876.1780602
888,270000000.0,276686791.9012557,275322724.1460905,277430042.53384274
893,298000000.0,282068425.6087232,295067338.3106816,302297034.01578265
896,295000000.0,294446872.27478415,302551314.58646554,305843690.50760454
907,245000000.0,270098477.47259575,279767262.2098359,305226645.04043573
911,135000000.0,197759873.18232328,167365705.17877913,174014157.9081148
916,220000000.0,201770107.52280858,197319374.11827713,214952561.69049713
922,209000000.0,187489249.5045716,187434620.749812,229083996.7644551
923,228000000.0,232926730.69454268,222394428.70364305,256440441.61774692
924,170000000.0,177149862.5847193,170676463.85629776,166159806.99930638
927,355000000.0,359599432.5847503,393303629.5138688,361712778.47485584
933,135000000.0,150293232.82996404,148717379.6469687,155897604.1320907
938,165000000.0,205306405.6359366,206290590.57677722,191255191.07993737
949,589000000.0,634298819.089834,612701789.9620634,652898985.7588956
959,1525000000.0,1497578072.4033122,1473095700.447229,1418463581.6836245
968,1130000000.0,1065478421.6201046,1108296355.2069705,1091391975.2523813
969,1099000000.0,1096440664.0339684,1135585569.6583598,1109608570.4472299
974,1069000000.0,1065478421.6201046,1108296355.2069705,1091391975.2523813
999,750000000.0,745010858.7864553,761179927.8905835,775003823.2925164
1002,775000000.0,832326874.771982,865842946.4266938,862602026.2462138
1026,1100000000.0,1065804187.9980237,1024299086.7557,1035354842.2759846
1027,1090000000.0,1065804187.9980237,1024299086.7557,1035354842.2759846
1032,1099000000.0,1106801177.6485682,1072557769.6824167,1042927877.0726854
1035,1130000000.0,1136983958.0507941,1139840965.7744858,1133872400.8659945
1037,1165000000.0,1136983958.0507941,1139840965.7744858,1133872400.8659945
1038,1140000000.0,1164688294.3588521,1228144172.9880707,1201097689.685862
1047,1295000000.0,1209187328.4025521,1183916275.4465127,1235830130.1377769
1050,1198000000.0,1167705574.809296,1150506560.00534,1206574372.1471987
1055,725000000.0,657089378.8986615,687849786.1499627,687578671.664012
1056,680000000.0,649907426.835857,681490078.1264567,699832914.2256088
1059,685000000.0,712870955.3543582,730863033.8268687,732100787.6052824
1067,735000000.0,787205081.0632554,812371735.8857238,816084373.5146701
1076,580000000.0,561815957.0247427,450179767.71878064,627216038.6398392
1077,1069000000.0,1084865731.8049934,1049600139.3411673,1014891184.4065654
1090,1299000000.0,1286498381.9722133,1253913589.7349815,1230610955.8518157
1091,1350000000.0,1308525738.0422332,1317676730.670957,1312240584.064645
1094,1430000000.0,1289898426.5736656,1377919248.8949735,1423028166.679081
1095,1380000000.0,1357469273.586363,1407413707.2092204,1423296888.2228422
1096,1375000000.0,1279469422.3301601,1396234744.4411826,1410447692.2030385
1101,690000000.0,627612884.1668235,640266623.543446,700868652.110328
1102,670000000.0,652255852.3391491,664477949.0563807,736664304.5252545
1103,689000000.0,652255852.3391491,664477949.0563807,736664304.5252545
1107,910000000.0,938125875.5450099,885716720.5739853,932547468.7292652
1110,850000000.0,866211582.4420809,842062584.217824,876607472.4438826
1112,1299000000.0,1400220167.8697264,1388437715.9152148,1176553860.4075878
1115,1299000000.0,1349019846.0102298,1322190736.1014822,1143971354.2231338
1116,1299000000.0,1349019846.0102298,1322190736.1014822,1143971354.2231338
1120,1835000000.0,1684015819.5166924,1713576337.8589902,1519974528.4912374
1121,1800000000.0,1684015819.5166924,1713576337.8589902,1519974528.4912374
1134,145000000.0,138460399.2104952,147394652.87811267,167429541.54603633
1140,228000000.0,162710895.79647347,146213312.34660536,171183809.5709514
1142,220000000.0,224681735.49772105,206114785.30110365,227562166.84165087
1146,109000000.0,144372755.925197,136206013.17811808,125450227.83519402
1149,285000000.0,262849923.92186671,261393235.26062766,238559751.12603173
1165,105000000.0,87442512.2015901,88286077.08486773,76586593.25748357
1166,98000000.0,120465927.01022944,106605518.23100364,100484740.49339895
1173,1800000000.0,1057237158.3301573,1417397443.7656283,1471072987.480387
1174,1910000000.0,1057237158.3301573,1417397443.7656283,1471072987.480387
1184,515000000.0,585636872.9309521,621899527.7257575,630292126.6591723
1185,565000000.0,584616213.6868662,630424374.712727,631486199.1366934
1188,809000000.0,805494329.4199667,796651446.6483247,744543623.2249845
1190,780000000.0,824062878.4003296,781150431.9380755,747276812.7473111
1198,1015000000.0,1010946296.6720515,1023709240.6230677,1013065259.8795555
1200,970000000.0,981745730.3654202,1025239245.4753528,979456145.736426
1201,955000000.0,981745730.3654202,1025239245.4753528,979456145.736426
1202,960000000.0,969077453.8383411,1008430341.8267554,979096136.660227
1210,1220000000.0,1231776114.070478,1192717187.8863857,1154927651.3020227
1217,1190000000.0,1263673516.987215,1195297467.765169,1175305834.3395033
1224,480000000.0,441472094.11333877,451066766.96877044,436585459.13711995
1236,539000000.0,532524657.3739505,560037683.4996443,600723083.036108
1239,600000000.0,649515598.616221,637378883.6937371,677215035.556107
1245,605000000.0,676678346.1278592,680327714.4730986,666673260.1114824
1248,770000000.0,768225569.6724782,762959050.4955951,754010949.1017944
1249,799000000.0,778081594.5956129,820732049.8263634,821785926.3220857
1250,838000000.0,883664725.3368478,863611395.8007756,826526132.185269
1251,330000000.0,284569886.4957056,301224085.9818838,319683552.9696323
1253,475000000.0,472309759.88294107,407478438.8625013,382936976.9473783
1256,450000000.0,472309759.88294107,407478438.8625013,382936976.9473783
1265,345000000.0,438816820.7518222,443657094.8006871,455089571.5547021
1270,600000000.0,529160916.71743965,499509240.66564256,510030856.91580194
1275,540000000.0,557462637.297068,541493867.0939821,561896299.6919304
1278,539000000.0,567277442.3237059,571655582.4806945,578645748.9911449
1303,645000000.0,656371946.3204474,692214063.4906316,716289756.7684425
1309,368000000.0,361019041.9333824,360450644.8444629,354949256.3484706
1310,340000000.0,368205178.3355,357306043.8429427,361559643.5655902
1315,365000000.0,367890687.4362228,372050080.9160722,361080625.4241494
1316,333000000.0,377169910.7089177,365106681.4536927,364392695.3781259
1317,365000000.0,367890687.4362228,372050080.9160722,361080625.4241494
1319,389000000.0,392350373.1226575,370838591.70835376,381769255.3873309
1321,350000000.0,359115265.75545067,386326685.93327665,379577852.7392199
1326,458000000.0,418148200.07039285,408940644.1793632,415330009.7188848
1334,455000000.0,440313525.8947742,439106831.6100853,438635007.78644955
1338,455000000.0,440313525.8947742,439106831.6100853,438635007.78644955
1341,459000000.0,464399026.2411082,481987713.91409385,458032243.1011216
1350,500000000.0,487561764.1307159,484016310.54361385,483093706.9337935
1351,475000000.0,490198031.7251158,479157201.9377453,470481334.6379327
1352,480000000.0,501233822.9223222,495516163.9272968,494173561.2390458
1365,385000000.0,381916610.7002862,368452031.19930196,372975620.01478344
1368,435000000.0,447470735.24131906,437748787.56729853,411263329.6753096
1371,495000000.0,481420706.1535583,461165869.020988,472867571.0855962
1373,275000000.0,296146268.36237717,286866456.0556008,261728163.25313023
1386,700000000.0,681644681.6927949,611566928.1541353,654385389.2347916
1397,779000000.0,743086734.3735698,733807523.6683514,755480633.922976
1402,740000000.0,741816477.7345563,753994083.5872132,765483754.2110169
1411,818000000.0,774410653.996733,765385858.0301576,778113029.132725
1412,818000000.0,774410653.996733,765385858.0301576,778113029.132725
1416,805000000.0,796545675.7095664,775164611.5221093,788369542.3756393
1417,615000000.0,612150918.7005969,573322968.5495629,585353528.1403567
1420,745000000.0,714120824.1026053,626085343.8625106,612750681.4508518
1421,735000000.0,714120824.1026053,626085343.8625106,612750681.4508518
1427,230000000.0,293402514.4123654,260629052.5571523,301561312.0591425
1428,230000000.0,293402514.4123654,260629052.5571523,301561312.0591425
1434,555000000.0,525012170.9454816,468508592.6799858,477604083.45533943
1450,460000000.0,516774914.44125307,500354080.4230205,471709545.26433355
1455,330000000.0,153422080.6326425,202664760.60051718,276947535.52646756
1457,735000000.0,553763318.3517792,548350411.4554322,626796391.0353345
1466,328000000.0,317419248.5435261,310182511.5921047,314788337.1225362
1478,290000000.0,274918764.20056677,294962114.1716411,311295305.44489354
1479,290000000.0,298415584.0955164,292000947.53726715,310510618.3291974
1480,330000000.0,321111024.06748164,319092549.29751617,323167257.3040909
1505,407000000.0,423380914.6987884,427258599.28524965,417955840.8996643
1506,460000000.0,456514682.8179033,482373982.42647886,447842883.76455456
1509,500000000.0,494518646.2597188,501145862.11652124,469914693.4691595
1516,175000000.0,176584920.4464757,172606019.42462912,186252958.31706136
1517,198000000.0,188226343.45919737,198298819.32498395,205265565.57676527
1520,270000000.0,266847013.5032858,244567164.34875897,261990238.9503907
1521,269000000.0,266847013.5032858,244567164.34875897,261990238.9503907
1522,268000000.0,266847013.5032858,244567164.34875897,261990238.9503907
1527,127000000.0,147315495.18551445,148403703.84336236,148139990.07832715
1539,538000000.0,518828349.90094674,524115596.6180517,543417800.9369746
1542,480000000.0,504487599.7127585,475862930.34916854,521717004.0243065
1547,728000000.0,692275007.5405372,664526111.6639183,640717175.7859898
1549,2179000000.0,1383396170.8984964,1527156279.156237,802752019.2314509
1568,240000000.0,228880312.18189016,219223153.32962868,227207705.46821213
1570,235000000.0,244463632.3659444,242482560.25210845,253347384.35104206
1576,290000000.0,268182515.83034897,263757100.9750171,291096446.90851474
1579,380000000.0,348817102.3180172,349001099.1047075,342133043.851767
1583,465000000.0,419506853.473384,413983717.606778,423225859.40813094
1589,1115000000.0,1124958882.3932385,1130271950.5850406,1089216987.86417
1591,1120000000.0,1124958882.3932385,1130271950.5850406,1089216987.86417
1601,1270000000.0,1219902204.2312872,1213926156.4430416,1105727167.4897878
1602,1260000000.0,1219902204.2312872,1213926156.4430416,1105727167.4897878
1603,1265000000.0,1219902204.2312872,1213926156.4430416,1105727167.4897878
1608,600000000.0,626071111.8523453,609119914.0040766,601522865.1243541
1613,715000000.0,746831585.9589394,734790719.7497588,672277235.3128823
1614,725000000.0,746831585.9589394,734790719.7497588,672277235.3128823
1615,715000000.0,748253158.3471597,733060503.4620533,679329403.8645222
1620,610000000.0,582164760.9607176,592257133.0081291,588726898.3611776
1624,690000000.0,644919745.0802553,660361591.8813524,649676241.4118022
1630,690000000.0,681781152.535876,682422700.3791205,660879687.312845
1639,739000000.0,725978476.0817083,738250740.2427175,699432730.1842442
1641,790000000.0,767007357.7931972,765765515.1550484,720931272.4622935
1646,769000000.0,764422306.45166,768391752.6517764,722620491.9574032
1649,788000000.0,761780820.8629172,768101620.4299343,725417325.5080599
1653,789000000.0,739801190.8442503,739681347.659564,735095325.1802225
1655,825000000.0,804037650.7174416,830021787.1182674,785614846.873605
1656,810000000.0,804037650.7174416,830021787.1182674,785614846.873605
1665,955000000.0,948347652.1313269,922738647.4233229,885982063.0663466
1673,1020000000.0,1010456470.030947,942770409.1957237,909590518.7545123
1678,616000000.0,625824977.6473511,667567404.1794393,657936999.9162219
1681,635000000.0,625824977.6473511,667567404.1794393,657936999.9162219
1683,650000000.0,634212207.9850322,673409176.5254525,671624161.1005137
1685,465000000.0,458097093.70678663,465417119.7540748,469868250.285581
1689,475000000.0,456815297.7331397,461741489.0382431,469790819.6713408
1694,720000000.0,630312922.5689116,666376673.7724755,530223631.3167663
1697,755000000.0,710921101.0930088,662750210.278384,684417593.6033647
1707,399000000.0,377552771.562184,383923188.79359764,394131410.7647602
1708,396000000.0,375998264.825326,383062267.40576833,394851273.3216224
1724,410000000.0,418472177.3231405,410425318.2789773,424930682.4275886
1726,425000000.0,422145399.9141447,412979761.7708599,427665188.7596738
1745,390000000.0,401578749.66963416,398136400.375142,390011115.21620435
1746,395000000.0,401578749.66963416,400721348.8096069,390597624.0302185
1749,390000000.0,401578749.66963416,400721348.8096069,390597624.0302185
1755,418000000.0,414965178.33138853,422175386.7687181,414847462.8193397
1768,230000000.0,206689577.394031,203122955.76649216,186348043.86512238
1772,335000000.0,336685549.0865522,322353043.1224417,306920357.9856162
1776,450000000.0,433666908.61112106,451970168.75524586,444009788.5718904
1781,399000000.0,433331201.6603333,449382788.3888817,445382764.7443068
1785,476000000.0,475248146.53058153,461205452.9038455,450274061.83112323
1787,455000000.0,451819287.0291348,454762365.12794936,444385757.64557093
1796,425000000.0,304159657.4151814,226058694.2056886,216562549.79335815
1798,500000000.0,434964647.6396015,441167788.80284536,271721087.4138199
1804,565000000.0,543074358.2893195,542369370.6000276,522399998.24856263
1810,530000000.0,506835289.8036487,514990003.930179,517309161.98269325
1811,545000000.0,526647506.1412631,542058079.2353226,526731901.6669936
1822,470000000.0,504702823.7070587,519664079.1137548,454912729.67511016
1842,835000000.0,800334867.719793,841208568.6981299,835051424.4680642
1844,780000000.0,813076356.6604546,846949639.4163831,840185905.7953129
1853,770000000.0,737634065.7557375,691981730.8243645,683796228.1245667
1858,385000000.0,398155068.4422691,390500539.3136124,396052217.95780647
1866,345000000.0,371005634.27891624,358096784.3734915,362751055.9722114
1873,510000000.0,583800873.5416858,631607481.0901374,601047594.1994524
1874,515000000.0,583800873.5416858,631607481.0901374,601047594.1994524
1877,485000000.0,474929928.69399005,324210269.8265313,379997438.2971626
1880,89000000.0,96825355.54531546,89143797.49656694,88789449.88126926
1885,120000000.0,135336199.14368036,153581060.67769203,161250723.61339402
1886,125000000.0,140694158.71399036,156638555.73832583,169308852.62725645
1887,360000000.0,353556536.66037977,364126791.25264966,362775877.56487316
1889,315000000.0,387747471.07636046,335003661.7512632,319527374.8718871
1892,410000000.0,401096885.24360394,419492848.04664046,410003474.2495078
1904,360000000.0,350224570.10593784,360733320.2015917,334972906.35699725
1905,310000000.0,321822511.5969624,326447841.4543706,342906501.1609752
1908,375000000.0,359989951.97178,365753499.6842044,360020567.62820387
1914,255000000.0,208043939.68962657,211939635.26552555,230564880.4298443
1916,135000000.0,140056240.65356794,135292026.52695933,129199979.65112986
1919,226000000.0,224672013.90990907,224172893.2934736,225607673.43594137
1927,235000000.0,270495160.6720569,273006170.49607474,276003346.47857726
1936,280000000.0,282470285.3066181,284117133.2857577,299044144.3026629
1941,300000000.0,308092379.6348941,298233045.0916362,301117552.7048243
1949,310000000.0,324795595.7368895,323732612.73821545,320399731.35021263
1959,145000000.0,138762033.83113328,151066828.9983213,156720860.3315656
1960,155000000.0,153424620.44147295,154266583.77406836,159007481.28693953
1967,170000000.0,200207765.51494622,205479677.0068995,207759614.96353254
1968,170000000.0,167284286.64942196,179150104.14456502,194881625.44393063
1970,199000000.0,208867965.11529443,197128653.430986,186337310.88269356
1977,210000000.0,199594819.4381753,189284834.37721536,190870292.51821002
1978,245000000.0,227861361.8096205,236282019.48806965,236917048.0387234
1981,430000000.0,418685004.2551302,410952497.2295529,423609079.22184116
1987,388000000.0,398921111.0926951,414397680.7507508,436032717.30176145
1988,388000000.0,398921111.0926951,414397680.7507508,436032717.30176145
1994,435000000.0,424146466.4237133,425068805.7153979,465672485.3756719
1996,435000000.0,424146466.4237133,425068805.7153979,465672485.3756719
2003,485000000.0,462244617.60963,467175440.8596457,515688072.2438137
2004,490000000.0,483354984.1028296,477983341.2695575,519496452.4844627
2005,510000000.0,464406075.8338222,467191480.33090556,517697638.32441294
2007,450000000.0,471295181.3607962,458469002.8608022,512644630.8083282
2010,475000000.0,466166066.2403598,466058489.8457921,505669489.5592273
2011,475000000.0,466166066.2403598,466058489.8457921,505669489.5592273
2015,398000000.0,418610150.12705547,424544571.1474093,459263579.0475776
2016,435000000.0,435066522.7424497,447045495.355812,491031674.0227869
2020,438000000.0,458087567.37000316,466914431.3324248,511006677.79600376
2055,699000000.0,709571572.8863468,756816649.4159541,729414708.6048547
2059,765000000.0,696281624.8888166,638085599.0770911,726794802.3562402
2074,1140000000.0,1181250619.4381385,1167283329.6853433,1208467100.4046605
2077,1120000000.0,1107614403.9705224,1107651800.9074593,1092916745.5256064
2080,1118000000.0,1095366810.2188406,1098174959.5302696,1118235522.3682604
2113,1099000000.0,1045343489.6723788,1016958133.1209323,1008160914.6857212
2133,1035000000.0,1047318505.0236216,1024920550.364692,1048954324.3651313
2134,1030000000.0,1047318505.0236216,1024920550.364692,1048954324.3651313
2140,1280000000.0,1151631267.7888882,1157035853.1362023,1204100557.2428305
2144,1245000000.0,1151631267.7888882,1157035853.1362023,1204100557.2428305
2161,965000000.0,941585610.0295699,927437408.6480703,914113091.9010384
2167,945000000.0,944539903.1721818,946689600.2043092,920646482.1075475
2195,920000000.0,942342607.9447156,932032092.942118,900443771.0929604
2199,830000000.0,924429998.5856895,897797972.7837723,820953468.5148461
2206,1240000000.0,1210729618.4018176,1192387369.0093224,1167763035.169391
2209,1240000000.0,1210729618.4018176,1192387369.0093224,1167763035.169391
2213,235000000.0,238844977.8325667,222541669.17168814,228863611.90962896
2217,819000000.0,760268412.9700776,759102288.2513564,770031892.7461698
2221,790000000.0,797120562.3249843,804802391.6840302,787448889.2501615
2223,788000000.0,790763428.1062478,812791752.4568422,792432088.4325764
2227,795000000.0,786622777.2987802,812791752.4568422,790820850.1437638
2232,795000000.0,794380608.677009,815493715.9941399,810338386.8298948
2233,798000000.0,794380608.677009,815493715.9941399,810338386.8298948
2234,795000000.0,794380608.677009,815493715.9941399,810338386.8298948
2241,715000000.0,708459337.7653421,690847589.9028722,717250761.5325396
2243,695000000.0,712494165.9597969,695776107.0186015,718673128.2591586
2246,688000000.0,710768172.783214,683421772.0010259,702492584.5126022
2247,775000000.0,771805256.8877165,771388853.7229718,810757150.5759611
2248,775000000.0,771805256.8877165,771388853.7229718,810757150.5759611
2252,739000000.0,751582518.7051839,765515796.3914154,798934589.9693882
2262,330000000.0,262751169.95662627,280146384.59094566,261608255.02492937
2268,455000000.0,620309198.3026067,608323437.6194997,562858893.537237
2270,1180000000.0,869454482.1163946,679841280.1545657,799028674.7943491
2280,425000000.0,401338794.47644085,414239630.7279713,434625955.68175447
2283,445000000.0,397799338.4668628,421130680.4017393,425255240.58211046
2291,550000000.0,567060366.4206139,540142564.9552492,492205432.9500803
2292,589000000.0,559348917.1043373,548970978.3155829,511349304.8215107
2295,685000000.0,631268628.4738504,605038291.3477136,549466180.7799971
2304,645000000.0,614485117.2847552,581397031.9256798,569024349.0486987
2307,750000000.0,782696860.2519184,814337296.1723518,776598662.825531
2309,765000000.0,779683262.2537855,801862036.7646998,814754450.2636714
2320,900000000.0,910713267.4904197,909552923.6124182,911424113.1472325
2323,930000000.0,910713267.4904197,909552923.6124182,911424113.1472325
2336,175000000.0,185345268.48420137,195888783.95426112,247811621.9573548
2340,520000000.0,527020104.4200369,544677035.1552777,504429678.3655724
2346,255000000.0,230624572.36619234,249157372.25169396,244743653.47584814
2348,310000000.0,265228390.13607526,263345905.05492783,238722793.1274512
2352,535000000.0,547250558.5806061,579728278.643809,576676887.9723588
2355,530000000.0,547892429.0434799,565114146.433254,574567978.9596542
2361,799000000.0,742504141.1751904,710518799.5654961,764383464.3720249
2364,745000000.0,740123172.5525619,711580719.4625769,764383464.3720249
2366,710000000.0,716406369.9075161,738835333.7195075,766138627.2438432
2367,870000000.0,777881739.4261973,810981497.2680347,814381706.6785246
2369,855000000.0,777881739.4261973,810981497.2680347,814381706.6785246
2383,648000000.0,623045398.817696,620895645.0466874,652414135.2251813
2384,635000000.0,635767737.3064957,614517027.9625083,654871726.5604886
2386,645000000.0,623045398.817696,620895645.0466874,652414135.2251813
2387,650000000.0,662176244.4074674,641075576.2802136,690509846.5230362
2390,640000000.0,623045398.817696,620895645.0466874,652414135.2251813
2395,680000000.0,678910901.0435101,662321820.3444078,687547857.1125071
2396,760000000.0,736685498.0512261,714938265.6576556,749450742.8876683
2404,470000000.0,399853510.2521013,392853037.37151396,405110539.5416711
2406,495000000.0,509471562.1846977,516607382.84934133,472289672.05590254
2407,485000000.0,496312017.3206195,515061714.3025845,465362332.8779038
2409,529000000.0,522440535.4207132,539002264.1779308,519166256.265958
2410,520000000.0,515648779.02870446,521132104.83454037,502111904.5273022
2411,519000000.0,515648779.02870446,521132104.83454037,502111904.5273022
2414,530000000.0,522440535.4207132,539002264.1779308,519166256.265958
2421,605000000.0,600494173.3452882,597984819.4527036,571873740.444368
2430,1250000000.0,474888036.13277817,741147240.0450758,705680439.6922984
2432,750000000.0,359971288.1980014,586319207.5413468,899267443.1172829
2433,750000000.0,347481491.5653794,578567305.8066548,894078414.4493449
2434,290000000.0,231366869.35020006,245850526.81195673,223863241.41915387
2435,470000000.0,473448410.97308695,477524985.6972336,457078573.75253487
2446,185000000.0,151668817.763009,253519230.26309904,147023990.52368248
2448,90000000.0,141249920.0487982,100761269.4375711,88574235.785059
2457,410000000.0,371406279.9890358,373537590.9718908,401225141.8905921
2469,2669000000.0,2679000000.000111,2667691202.620273,2572585131.1915736
2474,580000000.0,558010781.4121224,453590298.93997276,609251244.4758319
2488,195000000.0,250453481.8990476,243725695.22546765,257912784.59530863
2491,850000000.0,897900734.3795899,916352744.2055892,909337244.4949008
2495,965000000.0,1076965579.738134,1063906629.2160853,1102273990.5080285
2501,850000000.0,1029956226.6339829,915042828.237075,904712664.1344545
2502,950000000.0,958692468.8546681,947544066.1317691,864608425.0707115
2505,1070000000.0,1015588442.9322485,1054566687.5266808,1033637996.7473856
2507,1175000000.0,1216127897.591448,1288656149.3753667,1170497457.1079276
2508,1175000000.0,1216127897.591448,1288656149.3753667,1170497457.1079276
2516,1690000000.0,1594706076.85414,1684701060.415648,1346725280.0774632
2517,1690000000.0,1594706076.85414,1684701060.415648,1346725280.0774632
2525,950000000.0,984268396.0797396,903585670.2108545,903036263.9118754
2527,935000000.0,899404288.6358575,889697349.0532135,858041680.3723938
2533,950000000.0,963343428.5010469,983166742.9853952,991317851.877932
2541,985000000.0,1000532998.1804999,1028276699.041185,1000196523.1712186
2543,895000000.0,990934046.3899016,990159894.7414312,960494751.2053995
2545,1045000000.0,958064967.7320887,997286480.0804253,1011386077.4691657
2552,990000000.0,1000227064.1650772,985780547.8231682,950424958.2859552
2563,1099000000.0,1155786502.8773808,1082798231.8048794,1070475379.368113
2564,1099000000.0,1155786502.8773808,1082798231.8048794,1070475379.368113
2565,1150000000.0,1155786502.8773808,1082798231.8048794,1070475379.368113
2571,1199000000.0,1203711765.516205,1195783174.2568028,1194907062.5871525
2573,1350000000.0,1203711765.516205,1195783174.2568028,1194907062.5871525
2583,1388000000.0,1402544085.442404,1304032950.3608086,1238080671.706391
2584,1150000000.0,1203711765.516205,1195783174.2568028,1194907062.5871525
2592,1115000000.0,1239550012.0468535,1259902187.5451555,1225292911.2180445
2596,1430000000.0,1446600539.2211108,1419190978.878886,1374364371.9749365
2597,1440000000.0,1446600539.2211108,1419190978.878886,1374364371.9749365
2600,999000000.0,1021468902.2254016,1064937983.1470239,975314074.251282
2602,1039000000.0,1074976848.4488115,1047394305.8849512,1036342009.5265777
2604,979000000.0,980576745.4941676,1033879601.30907,1001186790.2396542
2608,1299000000.0,1153567188.2540886,1123242206.5278795,1161073315.5674937
2609,1299000000.0,1153567188.2540886,1123242206.5278795,1161073315.5674937
2610,1189000000.0,1156296877.635498,1140900231.7545469,1135661423.4636989
2611,1189000000.0,1156296877.635498,1140900231.7545469,1135661423.4636989
2624,398000000.0,344197269.318116,350528809.97124213,356174014.7444999
2629,360000000.0,360305452.14133626,359414691.27949566,365651377.3690602
2632,375000000.0,360305452.14133626,359414691.27949566,365651377.3690602
2636,415000000.0,396184687.5232649,385956223.25386095,393514482.1853278
2637,395000000.0,396184687.5232649,385956223.25386095,393514482.1853278
2638,389000000.0,396184687.5232649,385956223.25386095,393514482.1853278
2643,410000000.0,398718523.1049515,389490381.65104216,396125599.2393663
2644,418000000.0,398718523.1049515,389490381.65104216,396125599.2393663
2656,370000000.0,383738266.6836278,407878895.2856435,404182749.54609215
2659,415000000.0,425682545.5879986,434613184.5012002,435109482.74763626
2663,420000000.0,433310673.13784325,421728717.4426892,447129817.0782257
2670,215000000.0,216724945.84182718,214532414.26454854,218097676.09052417
2675,230000000.0,225733415.3234839,192185708.98573372,228349397.49289578
2702,505000000.0,501215563.4154752,488946144.2375359,491215848.53559947
2704,560000000.0,545604891.8062795,555961433.7868415,541005218.0702329
2705,545000000.0,550240138.2649632,555640221.6926856,542396912.9758507
2706,525000000.0,521498033.97327274,547487182.0217634,555240157.3755625
2717,515000000.0,518330208.05825347,526372701.9676982,548436935.8731599
2718,485000000.0,484432527.4824079,511098313.03000736,537965779.2469839
2727,810000000.0,867917868.8838437,805794637.8834093,825978106.5161408
2737,216000000.0,210139234.95036542,197667811.47880587,179923832.4870012
2738,210000000.0,208552861.51180676,199762631.23959732,178656820.17124945
2739,230000000.0,210139234.95036542,197667811.47880587,179923832.4870012
2749,336000000.0,311446855.4399686,321228622.5601422,305564930.31034124
2750,335000000.0,322526513.8925925,324880050.06088215,306474795.63914794
2756,275000000.0,309844346.96676034,314881538.7478878,304802843.9942498
2759,92000000.0,91077505.95904543,106386752.40290833,105121739.16983652
2760,79000000.0,104096169.96448503,109856824.74470629,112528504.57603301
2775,225000000.0,235533441.27247962,223393071.71234658,230784010.3230714
2776,229000000.0,234887527.07128817,223991674.41453716,229617052.77106708
2781,225000000.0,249033952.81570488,256662284.1763865,256622394.3928634
2782,250000000.0,239252030.66475925,242175655.44641298,241736414.71246287
2784,245000000.0,239252030.66475925,242175655.44641298,241736414.71246287
2800,60000000.0,83367079.4742609,74162764.24742019,71651549.30053091
2804,139000000.0,150120885.36016348,134259916.53170183,146634543.98145172
2805,110000000.0,82638970.37712105,91999492.06894124,99748585.61678153
2814,128000000.0,127559682.21398643,121465045.98478526,117255880.78079882
2821,165000000.0,143679400.1498545,146992339.35947633,145735293.92032328
2824,138000000.0,148343420.8960402,144332753.73488536,147827826.40520358
2825,125000000.0,144150221.90912268,147165426.78661513,144628872.7855345
2828,165000000.0,155828081.4399441,169466833.82714346,165100007.955588
2829,155000000.0,156411435.25089172,158372248.87075296,153109634.92645717
2833,165000000.0,177568566.3993329,179083143.12691873,168208153.43746248
2834,165000000.0,179170765.52376014,184478392.78202984,177084356.16985124
2835,173000000.0,182140819.8220906,193632092.15594542,178334016.3602485
2840,375000000.0,384492296.1681622,390583223.1605942,348744812.8019294
2869,590000000.0,614083663.7678729,623671827.693626,622390641.0508348
2876,550000000.0,647170961.1724387,584777961.9248489,597040393.830466
2877,588000000.0,614083663.7678729,623671827.693626,622390641.0508348
2882,650000000.0,655601335.5109051,650097594.5874461,658581933.745241
2892,575000000.0,540824313.6146867,544563808.0246768,515606129.0664123
2899,675000000.0,631106635.9441258,608375652.6798481,678986793.7730045
2907,640000000.0,614163502.1762432,596459550.7596769,587389447.3897928
2910,569000000.0,567466141.1796997,572838740.7893298,585549565.5952191
2913,630000000.0,555881007.2942415,551379291.916536,561158971.7093138
2921,445000000.0,464811055.3062917,483743124.06440103,446591639.1418708
2922,525000000.0,557171371.8984034,540447602.1500344,504299402.53438246
2928,465000000.0,511013651.34325486,500064996.0148997,461034367.306402
2932,528000000.0,523172129.76386005,519239036.5678466,480467247.1957333
2944,545000000.0,514565176.14223546,510055322.1879987,465443488.29259384
2949,560000000.0,545998387.0773635,520220429.01545125,481713082.7265873
2952,569000000.0,549323554.3042225,543379970.7406706,500920808.2075562
2955,570000000.0,545266417.7103516,542223527.4775555,504077614.7214
2956,520000000.0,506790414.5721165,510533216.91098964,522445916.3894104
2957,555000000.0,544873859.089997,575453828.2212095,556419393.9267738
2961,298000000.0,319323658.189479,329692926.4924933,376337863.7633568
2974,400000000.0,481156141.40294087,498927456.65166616,497681666.941062
2975,450000000.0,477833716.2250875,470378169.10715467,485708556.0496518
2978,495000000.0,493179946.72650623,498315934.5288619,507603559.86109483
2980,440000000.0,470155870.57091683,482462315.8277446,506273848.03601545
2982,539000000.0,510695729.87088567,504014932.25863904,499793028.8288956
2986,465000000.0,485619690.53066844,469797158.7310068,459217904.48704445
2989,469000000.0,462224288.3507434,465376286.76079226,470049020.07544225
2992,477000000.0,464770728.80586946,470221189.65444446,476207574.35865647
3010,549000000.0,545180602.7439431,530299774.1958646,514930634.5707735
3018,460000000.0,470730801.7844121,491557820.55165136,510020755.2691887
3025,439000000.0,443737093.0196599,448624868.5152408,446931686.2845439
3028,468000000.0,496506665.20904756,485291062.301526,475591832.4837681
3029,450000000.0,493451229.85995144,486882027.12965894,473734841.49664104
3034,315000000.0,335726388.227198,282834625.1205727,290239895.1303263
3036,345000000.0,351814183.8974736,337483045.06374097,321195350.48654824
3039,385000000.0,391716788.34436375,377242861.0768341,361576702.7098792
3041,415000000.0,420652227.1641592,389886545.4650543,375640425.2462569
3049,730000000.0,729170444.113739,754496157.9008894,757514655.6761347
3055,1080000000.0,1031966107.4553169,982746778.554992,965979589.2680441
3059,855000000.0,863008860.6589059,886560117.7875217,898329266.5490261
3067,805000000.0,808434515.1452106,829157842.1140159,833467017.5440385
3068,770000000.0,774761459.1010406,764463783.8477883,759142026.2569332
3070,830000000.0,805589832.5230445,817209603.4432213,823957343.2780904
3074,1255000000.0,1034208353.8970199,1177727137.7515967,1018414612.2318972
3085,870000000.0,872533769.7920694,881836314.618863,861203948.4534894
3087,945000000.0,885813017.7052801,948869741.2338506,984656498.6119289
3091,750000000.0,797631551.8130008,778286098.4194095,758803284.4889919
3093,386000000.0,361574118.03790665,381913975.1460123,328806672.9308356
3097,880000000.0,901856847.605156,884465781.1886295,874270895.2089726
3098,865000000.0,849308313.1119542,858752673.677605,863494478.4632264
3104,765000000.0,756699051.324953,760464509.405612,783465817.0217168
3118,909000000.0,921742804.2084099,889941745.2898834,854909485.7361155
3122,880000000.0,877704897.8627913,897476096.7139165,871695396.4387237
3123,945000000.0,875572741.4629897,894838672.534936,871519103.4742074
3126,890000000.0,875572741.4629897,894838672.534936,871519103.4742074
3134,14800000000.0,6384637563.309222,5803924009.915592,8860290473.533064
3144,570000000.0,401919742.47719526,439666658.0919475,517303507.9662001
3149,2439000000.0,1892618054.4328003,1899145336.9837759,1862799166.7224014
3158,1850000000.0,1662539825.318763,1678808534.9247642,1882432481.3168974
3159,2100000000.0,1591113473.0645216,1600027886.5387232,1689156306.7977943
3165,4800000000.0,3075696677.1536465,3630714552.3343773,3372239562.951636
3178,11200000000.0,11181125963.400043,10631829786.788166,8706338305.395407
3180,4999000000.0,5305835475.553809,5039594353.962317,5027114352.089452
3181,5680000000.0,5426462131.891554,5569944572.516593,5787414763.974881
3187,4999000000.0,4294052077.98924,3993199625.2779064,6212696810.005777
3202,2190000000.0,2269903116.2638555,2152933236.7319155,2392649689.828761
3207,5850000000.0,5273515991.782533,6267093271.592886,5386629841.981109
3208,2150000000.0,1548041505.6527574,1750402453.1915054,2613488543.249002
3209,11990000000.0,6872395726.825095,6311200897.643218,10660726778.172897
3216,1599000000.0,1660190812.4082844,1508840503.6116254,1714996510.6290112
3219,1880000000.0,2104272190.8810987,1988185256.3921864,2165274095.9186974
3223,1880000000.0,1845754415.4584868,1620745331.6695647,1772669184.062316
3226,1899000000.0,1662443673.2760413,1554001010.2381003,1608794521.6156452
3227,1790000000.0,1734529060.673277,1737788049.7208242,1837780053.2640412
3228,1790000000.0,1734529060.673277,1737788049.7208242,1837780053.2640412
3233,9100000000.0,7577558290.780513,6837532960.088334,5633433606.814552
3234,8950000000.0,8705633098.913797,8253005145.9373,7200889483.836113
3239,2300000000.0,2206922627.5602965,2298347356.7497134,2126523237.2420566
3245,6990000000.0,4959836838.05417,4570138260.965565,8917411870.697615
3251,2080000000.0,1525576731.3070397,1602532329.558127,1608794521.6156452
3252,1799000000.0,1564298786.0023098,1610379400.8107245,1621632031.911273
3257,1888000000.0,1884431144.5607035,1913598829.5984988,1810592245.143307
3263,1990000000.0,1258379053.6684163,993305589.7969865,1446605113.0895731
3264,1890000000.0,1237910664.0365312,1131779875.612598,1728415211.8894672
3265,1990000000.0,1162780639.2557642,1025395696.5053211,1607496543.9371986
3275,1620000000.0,1626726830.5447438,1615236696.773486,1906954194.7077343
3276,1620000000.0,1626726830.5447438,1615236696.773486,1906954194.7077343
3281,448000000.0,570112976.8928547,535295528.56979674,613220023.1851697
3284,1280000000.0,1043524377.543306,1054363553.0339594,930526215.0049461
3294,2090000000.0,1826945730.1314428,1684640008.5888448,1950745344.8022163
3295,2090000000.0,1826945730.1314428,1684640008.5888448,1950745344.8022163
3302,1010000000.0,986129005.5594842,1020794305.7649431,1025870796.9804568
3303,1010000000.0,986129005.5594842,1020794305.7649431,1025870796.9804568
3304,960000000.0,997031727.0309515,976399887.2015647,965332310.0719162
3312,1430000000.0,1436380971.0147488,1431042237.3614228,1381342845.217551
3316,1750000000.0,1653148646.4599042,1680993769.8052912,1666505002.1214006
3320,1699000000.0,1712737254.514777,1641317743.332844,1629670530.8869226
3321,1699000000.0,1712737254.514777,1641317743.332844,1629670530.8869226
3324,2050000000.0,1783595659.4493954,1832832213.0841355,1935989309.3263175
3326,1950000000.0,1807962611.7959027,1841782396.1497269,1835269398.4611733
3330,2080000000.0,1788586707.2819438,2054719441.7543197,2056542808.5490375
3332,2088000000.0,2138738084.9384193,2180643422.254154,2177785756.5023894
3361,2299000000.0,2018621933.6813424,2172999676.1524897,2509493376.5308294
3364,3500000000.0,3661486328.01063,3985932561.0565658,3942745383.5927353
3365,3500000000.0,3661486328.01063,3985932561.0565658,3942745383.5927353
3366,3500000000.0,3661486328.01063,3985932561.0565658,3942745383.5927353
3386,5950000000.0,6076165063.03967,6708135724.37766,7017237665.449877
3390,5690000000.0,6077659204.3791065,6443551321.13227,6938528225.423349
3404,5000000000.0,5243695526.641104,5331661683.501942,4880164787.18747
3408,7150000000.0,7176902978.586676,7893780222.942419,6125019352.202332
3414,1790000000.0,1905519969.2823014,1764898373.971036,1570331208.5654736
3416,3799000000.0,3850292876.8889847,3632314588.6740355,3540938206.5117974
3419,3299000000.0,1993635817.0782511,2444073410.5975986,2268808877.8701625
3420,3299000000.0,1993635817.0782511,2444073410.5975986,2268808877.8701625
3430,1500000000.0,1390876030.5473704,1536734412.7175882,1525997432.6195166
3431,1460000000.0,1548347311.3587005,1863517624.710949,1692232717.4825647
3432,1460000000.0,1536486053.641536,1733626628.7431097,1671267247.376907
3438,2580000000.0,2369724415.427641,2197247644.8348985,2506633620.6671987
3439,2580000000.0,2369724415.427641,2197247644.8348985,2506633620.6671987
3440,2580000000.0,2369724415.427641,2197247644.8348985,2506633620.6671987
3442,2580000000.0,2369724415.427641,2197247644.8348985,2506633620.6671987
3444,2450000000.0,2369724415.427641,2197247644.8348985,2506633620.6671987
3447,2279000000.0,2309247880.118008,2426802520.5289955,2641453590.5658855
3464,5699000000.0,5469537262.842007,5630207872.738863,5567318740.9328375
3466,5990000000.0,5965812033.33554,5641354996.921813,6053419824.638876
3475,4550000000.0,4465569505.196486,4504574271.413449,4089167203.6629124
3483,4499000000.0,5007143384.470625,4619786946.232988,4760371065.237432
3489,5650000000.0,5605759850.441089,5754398534.051111,5336655718.851922
3504,7199000000.0,7004878513.197417,6335285946.029698,6386319021.3878145
3508,5989000000.0,6850394271.498153,6965798137.730662,6927905070.461361
3516,7900000000.0,7795901180.3219185,7666997869.275976,6904986024.835665
3521,7850000000.0,7491929458.204317,7405103464.543859,6553751292.047526
3523,7500000000.0,7304040340.640711,7412027515.497454,6560189221.53559
3524,7750000000.0,7564781984.258945,7391486230.288683,6555311900.7786875
3529,7599000000.0,7528887143.865928,7454575268.97551,6617777671.703814
3538,7950000000.0,8145330717.297866,7923738523.219517,7318764142.275978
3545,1068000000.0,1098909257.260794,1082837472.7167633,1130933769.9072902
3549,1235000000.0,1407284034.551454,1383956206.1264694,1294410009.0930338
3558,1490000000.0,1565815087.1892538,1616278349.4991693,1678513423.4485242
3564,1920000000.0,2066722584.6969347,2121686690.7730832,2168130075.9155054
3571,1540000000.0,1672272506.806452,1267269839.4894474,1256335360.6456118
3582,2350000000.0,2334929947.4529343,2035605475.5600696,2059430460.0746155
3584,2380000000.0,2391408633.1728673,2223283799.11851,2246884335.7026205
3592,2390000000.0,2378018158.1876945,2305482000.991553,2301381017.068951
3593,2390000000.0,2378018158.1876945,2305482000.991553,2301381017.068951
3594,2386000000.0,2378018158.1876945,2305482000.991553,2301381017.068951
3595,2379000000.0,2378018158.1876945,2305482000.991553,2301381017.068951
3596,2799000000.0,2611151271.104657,2582859638.9347425,2503160643.903554
3604,2399000000.0,2626840784.042449,2561508623.7131553,2513276359.385382
3643,1185000000.0,801704576.831083,929770039.688576,1144340378.5907397
3648,1999000000.0,1678946022.8112395,1772289318.4133875,1872156874.6090896
3649,1999000000.0,1828119375.4394135,1802569562.4973836,1793985717.9359527
3659,2189000000.0,2081367089.1683772,1835242437.113331,1944020215.1100671
3660,2186000000.0,2081367089.1683772,1835242437.113331,1944020215.1100671
3663,2250000000.0,2033843821.840074,1834014191.3503258,1916919263.1335871
3681,2550000000.0,2458419457.792699,2705151737.9016056,2676705369.611898
3682,2490000000.0,2458419457.792699,2705151737.9016056,2676705369.611898
3683,2400000000.0,2458419457.792699,2705151737.9016056,2676705369.611898
3684,2588000000.0,2526579700.076221,2777925661.7611237,2663490384.149641
3690,699000000.0,592463800.1495183,541376138.688601,537604965.9053868
3693,698000000.0,716870157.9234151,653204904.0030817,594203359.5803062
3701,1250000000.0,1524307323.6226037,1629290566.6637907,1257876585.5611742
3702,1289000000.0,1514110568.492282,1598060678.7581317,1349987522.4395087
3705,1799000000.0,1878608086.198908,1613484661.371568,1795584208.7699087
3710,1688000000.0,1725911850.4969895,1691975593.4630368,1949861887.327903
3711,3750000000.0,3493392097.0405765,3491637381.567881,3498184293.367689
3712,3750000000.0,3493392097.0405765,3491637381.567881,3498184293.367689
3714,3480000000.0,3143279112.134162,3292820903.955421,3320663706.364599
3715,3479000000.0,3195865120.646815,3308654452.2043953,3321454437.740149
3716,3616000000.0,3195865120.646815,3308654452.2043953,3321454437.740149
3717,3616000000.0,3195865120.646815,3308654452.2043953,3321454437.740149
3722,3399000000.0,3421543311.7928133,3414893694.9780955,3446915166.4558187
3724,2790000000.0,2739197383.5974855,2959151506.3133125,3022814897.489351
3728,2860000000.0,3146835355.2860336,3396659457.276789,3462296504.1277676
3729,3059000000.0,3146835355.2860336,3396659457.276789,3462296504.1277676
3731,3290000000.0,3088855205.723491,3405787109.0421085,3615659856.5724974
3734,2990000000.0,3007828732.159628,3239736817.4252605,3389129766.127638
3735,3499000000.0,3340703478.5447707,3493555922.1614704,3615448172.7922945
3756,2599000000.0,2474916349.404047,2081522813.8800414,2579616930.4895306
3763,3290000000.0,3097717979.599103,2980154136.100595,3586653039.944973
3767,2990000000.0,2581152483.185024,2823690564.3361526,3144006713.448282
3768,2890000000.0,2581152483.185024,2823690564.3361526,3144006713.448282
3769,2979000000.0,2581152483.185024,2823690564.3361526,3144006713.448282
3773,4450000000.0,4440107765.518095,3879454618.437449,4032284311.4888983
3775,4499000000.0,4517436492.794405,3865760223.984602,4074341459.9944777
3776,4490000000.0,4440107765.518095,3879454618.437449,4032284311.4888983
3777,4450000000.0,1797919065.541389,2391617672.0659914,3102268183.715835
3779,3500000000.0,2483893887.437382,2957639265.052084,2956486094.0770173
3783,1500000000.0,1608672314.5181532,1738301883.6594799,3108596115.257028
3784,2550000000.0,1693227209.116803,1709756588.1569462,1636063790.1726875
3785,170000000.0,214071669.09900028,203553842.7563808,185254254.67728558
3786,185000000.0,205088776.05277804,191772667.98116383,209179411.793705
3787,285000000.0,274313652.9982647,253077168.277281,269935820.11051404
3795,410000000.0,328650296.10974777,329891070.4071007,448052559.7721145
3797,420000000.0,370488593.2750507,352976297.11948264,388757563.94621646
3802,385000000.0,375516935.94119096,373378744.74538946,418602176.63816637
3805,440000000.0,410472018.5349557,413327282.0132704,452112968.97038656
3810,245000000.0,252888882.0876708,250914284.8762921,275388895.58408064
3815,295000000.0,306488920.16961366,296213724.36020964,278582364.4622183
3822,320000000.0,303761749.78729504,308439173.7255064,312558821.1897895
3823,345000000.0,332626736.8036414,327303235.7880747,313588001.8223672
3825,325000000.0,317780259.2902306,306065149.68009,309309071.41735977
3829,326000000.0,328025298.63736886,322621224.6995865,310515982.8959973
3835,355000000.0,346169898.61964023,349111617.2839185,321861285.54598284
3844,385000000.0,403580825.67180514,390433511.20639443,358992229.04926604
3848,385000000.0,400401900.9432395,392932472.0180475,358068353.0861391
3865,418000000.0,420282323.28876615,408695020.37411046,418200301.6989159
3870,468000000.0,446327839.2494538,462135330.69998354,455163264.96582395
3871,489000000.0,483221932.53403175,471775347.42073685,479629557.4705432
3875,555000000.0,539589969.6559038,501171670.99774885,506542290.94847006
3888,560000000.0,538062483.8557268,550586900.7426325,532803575.2111239
3891,545000000.0,532992462.5167839,536399339.88228875,536118609.61745137
3892,520000000.0,524336653.11436003,527154375.32020736,520744041.0195523
3898,540000000.0,536408045.5749662,531337541.51464254,526949080.4831093
3902,575000000.0,544325236.8141218,536507799.50429,540265181.4812968
3907,550000000.0,559539456.1422848,548108862.8326093,556332307.3135225
3909,555000000.0,512453975.7935544,546707683.5135232,548968153.9010943
3916,560000000.0,587998475.0866102,586956993.8058002,579862275.3514892
3920,599000000.0,569491233.6647961,555495048.1131155,601666146.2295413
3921,520000000.0,468253566.34776527,451155390.85694176,442114597.5259253
3925,545000000.0,529455098.5598389,504246666.57405543,492652482.8834583
3927,440000000.0,407343414.38255143,424215128.9501763,408085124.9361354
3929,390000000.0,402279770.56421256,426520095.74799454,410392247.1988138
3935,108000000.0,113794024.73532975,92719107.69130029,107463954.89888014
3940,295000000.0,313400925.4610624,320029371.8954161,341533184.2348067
3943,415000000.0,501775700.85826445,477433913.7197592,419861747.66626215
3952,240000000.0,230628415.5324066,218057159.76946154,239965544.75873223
3958,359000000.0,360461602.49939704,345991359.1974461,349118417.9046257
3959,379000000.0,354224833.4843198,358526658.8823495,355112110.8155765
3963,375000000.0,374049237.05785686,367775186.7549453,370833605.19180614
3965,97000000.0,104127203.0305485,101820171.00853059,103302309.56471121
3966,345000000.0,351888040.3363219,349785469.00025094,380963341.80935395
3972,520000000.0,493706918.4904915,489321189.4890914,465519926.24417835
3977,590000000.0,628879087.0043005,644879804.0704575,575838434.6908796
3979,425000000.0,428265531.43206227,416485629.47283465,425975168.1143662
3981,58000000.0,69206275.48783128,69428437.18402372,65984027.90306209
3988,325000000.0,313337038.8495521,318276217.6356989,325270341.4866124
3994,315000000.0,345246880.62221766,344936428.95637774,340890825.70417863
3998,280000000.0,275935191.364618,273967542.4123881,267222778.36839473
4002,615000000.0,641194085.2260939,654529379.6123431,661318664.2943493
4006,498000000.0,522269747.7233287,521821388.841873,504110591.01385844
4010,475000000.0,490526694.8725447,470718321.4233787,456375229.1047007
4012,445000000.0,478205381.8587106,464276920.1515126,458226615.1410418
4013,450000000.0,478205381.8587106,464276920.1515126,458226615.1410418
4022,379000000.0,388365384.6807381,383840450.5932756,357426400.57594067
4023,390000000.0,383151797.46479154,373860477.72970766,355590216.0086873
4024,355000000.0,381460728.82501924,370591112.8535455,352156875.1006829
4025,360000000.0,388365384.6807381,383840450.5932756,357426400.57594067
4027,400000000.0,400216039.4269448,396019566.99587184,385364375.19772536
4031,520000000.0,472578614.0778433,493830105.8103814,433353305.2621812
4032,500000000.0,452580753.7201913,469283992.8303663,429452684.6441941
4044,560000000.0,569108955.9040514,568829869.184132,513081109.3713581
4045,550000000.0,551812536.6097693,564859826.4282525,517228882.4970644
4046,555000000.0,569108955.9040514,568829869.184132,513081109.3713581
4048,389000000.0,412478842.7472527,432802376.40631986,380683231.67801213
4053,560000000.0,556923653.8156267,579855453.1441323,537384282.0975914
4054,650000000.0,608106202.6869634,579218754.7286289,556221432.8330129
4055,575000000.0,591608678.9920228,552685963.3877468,538996288.2579643
4057,565000000.0,578117168.3152603,559435549.8976198,557287300.1246643
4066,410000000.0,628237354.2465556,570081113.6591827,587586630.7618984
4070,485000000.0,452543526.366995,440227198.30829644,417971519.7174611
4076,485000000.0,485007495.9709318,514144967.41121805,487299693.6755682
4081,535000000.0,544606495.8031948,523778815.6832784,536876018.54294
4084,556000000.0,541697561.584783,534361113.48046154,535084077.365367
4086,495000000.0,547361971.946798,509374779.27416366,529276986.34867704
4089,526000000.0,554270037.5033879,530502106.0953983,536943468.5143025
4092,525000000.0,543075582.5874743,531911461.6486865,534332764.5677036
4093,580000000.0,568103005.4769008,582781509.5021969,574608249.6083215
4095,575000000.0,568103005.4769008,582781509.5021969,574608249.6083215
4103,555000000.0,537160565.77577,560947448.8766035,523507201.660011
4107,545000000.0,523420053.1713196,547131208.9126781,552357070.7116207
4108,540000000.0,523420053.1713196,547131208.9126781,552357070.7116207
4109,540000000.0,523420053.1713196,547131208.9126781,552357070.7116207
4112,450000000.0,624723031.8712968,603348862.6211019,641732897.349942
4118,580000000.0,587235752.4697089,580595830.3840086,619725527.8293225
4132,632000000.0,611409114.9425172,618203742.9149446,641280405.9565684
4133,580000000.0,620062905.9683313,611899462.8616084,623649283.1004843
4137,585000000.0,609907263.2964177,617291769.5772564,624402375.463403
4140,655000000.0,644130011.9655403,660248243.0301198,659203913.1138054
4159,658000000.0,641421394.284453,652491399.2991141,654674951.2232139
4163,648000000.0,648256372.7131264,675579493.150678,669699474.0059768
4168,739000000.0,728354319.0841455,707948566.173605,744323837.6179522
4170,740000000.0,728354319.0841455,707948566.173605,744323837.6179522
4173,699000000.0,699372662.2128673,704122725.4820647,731804577.6007107
4174,699000000.0,699372662.2128673,704122725.4820647,731804577.6007107
4175,710000000.0,699372662.2128673,704122725.4820647,731804577.6007107
4176,699000000.0,699372662.2128673,704122725.4820647,731804577.6007107
4177,690000000.0,699372662.2128673,704122725.4820647,731804577.6007107
4178,750000000.0,741165485.839479,740255778.4885242,756564760.9613999
4182,760000000.0,728689770.0577445,743616709.0612023,760450654.1447091
4186,775000000.0,727339040.5143989,766015315.379392,767364605.1421294
4187,800000000.0,794653056.6736847,815831314.3436764,820872146.955203
4188,766000000.0,753815083.9573779,718566532.5793147,718398952.4677972
4192,688000000.0,717756520.8430432,685413846.664637,688618019.5188338
4196,810000000.0,792959894.7415782,778057524.699865,786890858.3285413
4197,825000000.0,748053925.8048785,743557141.3219382,741813734.3056799
4198,670000000.0,611552336.8023129,520305768.802919,651265607.8827121
4199,698000000.0,1091090201.550133,684277418.6621497,815622855.5719808
4200,720000000.0,1103740088.4260583,741413049.4206566,812954653.7345622
4201,689000000.0,1091090201.550133,684277418.6621497,815622855.5719808
4203,785000000.0,1015072125.1941551,876599138.0219156,962652492.7763722
4208,880000000.0,903363747.8721452,900909671.3302315,923321633.2087054
4217,696000000.0,713975224.3818328,684056882.9114729,738102208.0881416
4237,898000000.0,864360953.9713974,842273010.5121734,860100300.9725629
4257,740000000.0,729252861.1256725,742752027.027708,843462841.8511913
4259,629000000.0,723979431.7956855,714146431.6605643,775207257.6467851
4260,690000000.0,729252861.1256725,742752027.027708,843462841.8511913
4266,695000000.0,771838080.623185,808124914.8570149,915062298.0280735
4271,479000000.0,485253977.80388045,488587228.5915576,503551183.32833666
4274,465000000.0,477369129.36442626,483394481.71524864,498982523.0565264
4276,475000000.0,485253977.80388045,488587228.5915576,503551183.32833666
4285,529000000.0,539411273.002341,563341680.5158049,579593414.2579064
4286,478000000.0,539411273.002341,563341680.5158049,579593414.2579064
4290,500000000.0,528216298.7326671,596187712.8656679,602286044.024879
4293,679000000.0,683824327.5366749,654046420.997406,621923107.5580193
4294,679000000.0,683824327.5366749,654046420.997406,621923107.5580193
4295,679000000.0,683824327.5366749,654046420.997406,621923107.5580193
4296,679000000.0,683824327.5366749,654046420.997406,621923107.5580193
4297,679000000.0,683824327.5366749,654046420.997406,621923107.5580193
4298,685000000.0,630453672.4285164,650882965.0283734,711187933.6605207
4310,595000000.0,630453672.4285164,650882965.0283734,711187933.6605207
4311,595000000.0,630453672.4285164,650882965.0283734,711187933.6605207
4312,620000000.0,636027481.1332896,639856427.8769155,716237498.9148307
4321,1198000000.0,1221612694.6976042,1163185029.4877448,1154364289.2187235
4327,1299000000.0,1332687734.056461,1308200758.2159047,1326459230.4075236
4346,799000000.0,798051597.3477168,832866806.6782061,811499385.4365209
4347,799000000.0,798051597.3477168,832866806.6782061,811499385.4365209
4352,220000000.0,191498030.61347052,167389648.74763027,173639139.36224407
4353,1030000000.0,1070229110.7016155,1001707389.227522,993726893.9346402
4354,1030000000.0,1017895420.7507268,994312121.4317998,984051216.7417742
4355,450000000.0,476018496.59977293,468350450.5430024,453563397.4422863
4357,1395000000.0,1344049625.4762423,1270677726.020682,1231706264.283745
4358,1350000000.0,1344049625.4762423,1270677726.020682,1231706264.283745
4368,775000000.0,772882948.2527637,723678993.8364161,743888417.651565
4369,775000000.0,772882948.2527637,723678993.8364161,743888417.651565
4370,775000000.0,772882948.2527637,723678993.8364161,743888417.651565
4372,810000000.0,785526162.1765324,763829773.8567778,764743842.4491513
4373,799000000.0,785526162.1765324,763829773.8567778,764743842.4491513
4378,40000000.0,93046344.21576555,69457576.62935778,67390503.31561016
4379,179000000.0,167473035.5496213,163417912.70136482,125374650.66978988
4383,768000000.0,795145654.7542546,784902107.0262592,788784569.6725594
4388,635000000.0,634660907.3703719,627174172.0767581,598456156.8483086
4391,860000000.0,762303929.3036922,757470843.4777207,1035531239.9191045
4394,478000000.0,434472103.3474429,428864579.5111476,414675122.18486327
4398,239000000.0,224994571.86033282,269382801.0510937,280007940.5808308
4405,230000000.0,297870400.1957546,277714017.6425929,278597385.07704234
4407,750000000.0,722665920.0516636,646991492.1436477,650954882.3352561
4415,175000000.0,239040516.3830862,234416876.96428677,221710605.21083832
4420,720000000.0,759411461.256054,795864738.467114,873750423.239169
4437,150000000.0,170809222.22913316,172584292.28165185,164938824.53088155
4442,260000000.0,247761709.84146225,262240175.7723997,252884338.51496392
4449,710000000.0,680838327.0341616,701027202.5181926,693496452.6734685
4464,580000000.0,581646328.9458609,578675461.8116487,569735442.5873868
4489,569000000.0,569320634.567923,576288602.3295834,590750518.846888
4493,570000000.0,562656539.1824635,551895905.0023564,577228683.0720385
4497,365000000.0,362354591.5422742,389298762.1636941,399448047.6989849
4501,445000000.0,413115291.33553153,423544085.5515662,423580878.57685673
4503,575000000.0,518463518.71067977,487965111.6669085,466705366.8294048
4509,225000000.0,239728248.35331032,241937425.37956583,287587679.18558794
4511,37000000.0,140805982.54762265,83683450.47854996,110815109.40022895
4514,300000000.0,289459247.13711053,283899910.2860224,304882801.05976963
4522,379000000.0,379082329.3183981,368111347.0581907,351468002.2581991
4524,479000000.0,515362269.4316793,509683827.57173884,515221381.7238002
4525,479000000.0,515362269.4316793,509683827.57173884,515221381.7238002
4526,185000000.0,189952383.78696564,199668542.20979768,198085591.5325267
4536,425000000.0,430016353.76036346,419416043.6437462,379951344.65838104
4538,535000000.0,472475765.7688156,495745881.8240363,477616040.0708561
4544,475000000.0,495445473.3829369,501639328.60600567,483469186.1484644
4561,245000000.0,232570892.04526526,235164300.4477451,232620731.23766765
4563,552000000.0,494990910.54238135,488548090.0995007,490276739.59066635
4570,340000000.0,331140204.80574524,301675437.1846954,347972076.63655126
4574,615000000.0,555143921.8621348,557017545.8419912,554466983.8543402
4575,355000000.0,379082329.3183981,368111347.0581907,351468002.2581991
4576,475000000.0,469174514.8900785,486171197.738948,467670961.7841578
4579,145000000.0,155912084.52283177,165157638.2171333,157941294.07401088
4587,299000000.0,282116406.38944936,288517577.0132079,309424239.81619793
4598,460000000.0,535132122.7069886,520480461.31460387,597447302.5210867
4602,485000000.0,503704117.8498999,518851946.3080332,512814039.2253872
4604,815000000.0,818220606.845396,837021708.3260478,918193994.9946557
4607,505000000.0,516146507.5534951,506735125.9149945,486929738.0083243
4612,155000000.0,168994613.76211008,173599159.0026448,175151905.36887193
4614,82000000.0,179764070.1355064,148742910.86860707,133618782.23491435
4615,130000000.0,130024643.52893181,143338259.03516895,136097530.61821163
4620,685000000.0,678474097.0715953,685216469.2913414,709928257.6992528
4626,605000000.0,598309905.0944178,583416560.3074634,572627839.3303638
4628,455000000.0,462097389.3608762,468948454.7734189,446022090.8923651
4630,415000000.0,466109055.97926265,471413750.36002237,446036770.79112816
4633,750000000.0,747872705.1800375,749673426.1013855,727763628.0138043
4636,629000000.0,640032841.7903892,711553575.3300272,663410421.9232738
4638,490000000.0,518949850.38822913,592223244.7526444,457881215.4480156
4650,180000000.0,163414686.33477423,163506146.17894083,149138176.01858318
4653,355000000.0,361094328.9608078,331658224.31177,351610325.5082744
4654,345000000.0,374156911.70242506,366817518.7725607,381410507.37155765
4657,405000000.0,419434053.7933938,407411604.84782434,415417910.1000357
4660,435000000.0,441041117.5962138,430420767.22980255,416482118.8547544
4662,130000000.0,157482303.04778576,169788107.68636158,137829106.66240937
4676,215000000.0,203864970.69200915,205491434.98478228,226464359.96865082
4679,295000000.0,292805937.59676945,285998889.4925384,288679016.69337696
4680,298000000.0,292805937.59676945,285998889.4925384,288679016.69337696
4686,198000000.0,211751048.37595803,189373669.13086796,187809630.726351
4690,365000000.0,375208952.12015766,393625582.91939783,486434589.0452046
4693,645000000.0,616246452.8197597,585950279.6632857,540449265.9296547
4696,638000000.0,598698733.7165834,602045269.5432127,584056622.1967635
4697,225000000.0,243790200.21133465,250548915.2525058,211152569.6920225
4699,1453000000.0,1443372634.3444824,1448372182.9271452,1405582605.429433
4711,136000000.0,133849222.59781048,135146307.33733845,126045940.069918
4715,275000000.0,272100084.4297188,272804206.6732785,274520074.83226484
4719,600000000.0,588088308.5027976,583697047.9632231,656638447.3141385
4720,500000000.0,551086137.5902376,528968335.5247478,575426716.9959997
4721,520000000.0,518780215.94037855,534008582.1408535,513020850.1425069
4728,230000000.0,208647116.57106677,207813792.91162518,227628771.31310165
4736,616000000.0,617443479.6138922,648151292.4361551,635820445.2759274
4739,419000000.0,510437436.8569821,493859305.76518863,483679123.4808362
4740,560000000.0,568737345.5109947,549418263.1867324,512371770.5940924
4745,699000000.0,707863275.7316387,698861772.3448471,736305188.2055464
4748,733000000.0,740116163.3921359,730031283.1343266,767451414.083305
4749,770000000.0,719801491.7111523,673193427.5135746,701963652.8037679
4752,1000000000.0,956018425.1672727,828147883.6284764,886550742.7867179
4756,1900000000.0,1820027117.8022537,1899551081.533985,1485463833.0328753
4758,1850000000.0,1113779382.5751913,1504102326.660516,1842424454.200127
4759,2179000000.0,2473515440.4468384,2877576573.5513973,2796715748.5877504
4762,4950000000.0,4157693700.013411,4111863549.8780804,4118552277.7736115
4775,499000000.0,521828943.53649986,556426088.4301575,487214593.0410859
4779,429000000.0,454292858.261456,452504101.92723864,433447715.7691557
4781,439000000.0,454292858.261456,452504101.92723864,433447715.7691557
4796,355000000.0,359835820.7943595,356536770.01857203,384588223.3647508
4798,520000000.0,531107092.7289202,535011767.14306873,530429096.9325001
4801,355000000.0,372916057.5055767,378652897.53850406,365030728.2441265
4804,395000000.0,447923453.33071995,452786418.12665117,465406041.50442153
4805,485000000.0,485493833.3583116,479091404.2276323,489832477.18270427
4811,320000000.0,344939086.567762,348229779.2468506,366515676.8838087
4812,345000000.0,340178255.0385524,356812973.15698856,370386140.12675494
4813,298000000.0,301577040.05779064,301731831.6781536,321163009.9833388
4814,290000000.0,295014731.35364366,301677738.7944137,315382262.6885824
4816,330000000.0,333907531.7886877,329130595.37803644,332958720.4784473
4818,389000000.0,374401731.89507014,385054753.9947673,382196496.08539623
4821,449000000.0,439995729.87932414,439632276.9346449,428589488.9293097
4823,560000000.0,543143858.2037323,517781281.53150064,430526796.37852895
4826,299000000.0,276215958.5939165,262239175.40742248,275476269.11836356
4827,420000000.0,422287516.4553179,433435175.41010284,426583177.82106364
4834,520000000.0,483399352.0046169,482965019.76020396,457499098.4437073
4835,345000000.0,353610755.8493285,330946063.48884344,323908251.53729033
4837,420000000.0,445595350.13641125,466811136.8018484,472568586.343786
4842,350000000.0,309418239.5366317,342553836.1558317,333459863.12320447
4846,135000000.0,154422204.52034283,144067065.65062243,130950271.2892485
4849,240000000.0,269516366.4553093,346422559.44590706,232313714.94362158
4851,588000000.0,638787725.8397478,374521375.38298607,367445105.5913908
4852,580000000.0,577876029.4510052,440841422.7986086,469930555.0435519
4857,439000000.0,444875681.11523825,438219111.016088,402887194.42858183
4871,310000000.0,306942838.96782404,299141717.43828577,332704540.4667797
4880,1290000000.0,1314485442.7578044,1475792675.3597128,1176461536.9027598
4888,2200000000.0,2860403699.9777727,2592627435.224937,2877391274.927569
4889,999000000.0,892108684.3600416,803653468.5388229,967853227.6783345
4898,1160000000.0,1152284225.6746316,1115202782.024468,978637084.8181497
4899,330000000.0,270211696.71047753,264205219.5226339,288494822.67356676
4901,358000000.0,309094258.44502664,304067604.1830852,327047927.8513228
4910,599000000.0,600379193.2299564,650833308.4932289,633920273.2823195
4914,569000000.0,827160210.1238735,771927540.2635677,709853517.6001633
4921,830000000.0,986180511.6446172,994530242.8375958,900344325.5707171
4922,1190000000.0,1174459582.3561032,1181975865.9891725,1028240627.691614
4933,1050000000.0,937054971.1835068,878177234.1014508,925880768.8920996
4937,239000000.0,265669377.49779037,265323282.84514073,277223731.2549614
4939,1800000000.0,1545829814.684985,1575230766.9081302,1214182148.3716147
4945,2839000000.0,2903906338.909309,2961088077.535159,3361459132.8348107
4953,988000000.0,904542223.6796482,872598884.7727658,1058813424.0820024
4954,888000000.0,880001932.5611359,811103705.6067176,1015309307.5918559
4955,1190000000.0,1083444801.394484,1063549542.7644553,1110855584.1020777
4965,290000000.0,440752919.977455,386824386.5321627,343099924.73056793
4969,1885000000.0,1661588365.4322455,1554570206.6219113,1605877842.7833714
4970,1880000000.0,1724439626.2784688,1630160934.0945544,1558744461.709962
4972,2299000000.0,1840815213.5626585,1612414054.4603002,2196939015.9225593
4978,6300000000.0,2100380451.68115,1630935329.9943204,3575902780.866817
4983,556000000.0,502051420.1980045,513545157.4916237,504445706.6018753
4987,599000000.0,587196847.5579457,572303615.329054,615999767.0974408
4989,599000000.0,587196847.5579457,572303615.329054,615999767.0974408
5005,395000000.0,414147118.39022684,419731351.31705046,426711992.0401797
5006,397000000.0,414147118.39022684,419731351.31705046,426711992.0401797
5010,468000000.0,545783622.0997393,515025366.7015948,572698554.9838119
5014,465000000.0,530211182.5704746,487060361.3056021,521880836.1079003
5025,1398000000.0,1289472745.445408,1322180648.625184,1518380725.1808794
5026,1399000000.0,1289472745.445408,1322180648.625184,1518380725.1808794
5030,1189000000.0,1045774383.6970915,987412053.4051591,1135155042.6784086
5040,1258000000.0,1238148105.5288782,1247953457.073974,1335184469.2652972
5041,1199000000.0,1386999866.9662569,1337635971.1571424,1362626677.8109047
5042,1199000000.0,1386999866.9662569,1337635971.1571424,1362626677.8109047
5043,1199000000.0,1386999866.9662569,1337635971.1571424,1362626677.8109047
5045,1198000000.0,1386999866.9662569,1337635971.1571424,1362626677.8109047
5047,1165000000.0,1199735936.4551613,1211888019.2096581,1262552754.593039
5063,1295000000.0,1335380207.461458,1308475258.4533675,1342723766.9636698
5081,1259000000.0,1286435170.4706726,1259486524.5473535,1243440823.9289808
5091,270000000.0,289076060.1400234,307043947.3636793,319937263.47591823
5095,1139000000.0,1238375792.8721883,1300009831.4325087,1472721095.4440362
5105,1139000000.0,1007585406.7326057,1036219027.190306,1181257400.836191
5115,2620000000.0,2632745698.4142404,2620668037.8454275,2649067032.630202
5119,1790000000.0,1942699144.0280151,1801902688.9382064,2425891083.986431
5123,396000000.0,465388559.07579905,418577711.31705123,415103471.10211706
5132,899000000.0,888454256.0424383,910823709.4022635,838645510.0732479
5137,1190000000.0,1292645085.7593298,1339926480.3190014,1448306796.2161772
5142,1238000000.0,1293464428.640281,1329174544.5946348,1341422589.015983
5154,569000000.0,534487668.9721958,542666349.7837471,620020433.289098
5155,590000000.0,579242522.1608987,660571968.5284027,689077288.6213149
5157,729000000.0,738090391.0021235,813928900.403952,895971365.0413728
5159,779000000.0,774797918.0172209,831779348.5869294,917078029.6532345
5160,777000000.0,777374560.435386,831779348.5869294,724425325.0878625
5163,989000000.0,979893036.5263914,1006650819.243811,1065510538.756813
5168,1599000000.0,1837726332.1794655,1756311760.8186245,1495340569.2701075
5170,2698000000.0,2771818573.9373207,2670053180.4196916,2164303975.371917
5187,1350000000.0,1375745097.8000546,1485575602.304511,977173330.2171729
5188,1399000000.0,1342901664.803885,1411475729.4122884,991631054.5627424
5190,1399000000.0,1752108102.6093795,1571296769.3216755,1096938334.1120765
5193,2199000000.0,1558916670.8001266,1891780961.7162156,1341532708.1836314
5195,3650000000.0,4012416935.373856,4058977802.1042714,4458331098.466987
5196,3779000000.0,4730588277.616027,4435278703.230664,4740024430.923249
5197,3350000000.0,3315580430.7455106,3627419729.9447727,3865035154.760299
5204,3550000000.0,3330800611.7345433,3425912554.6186314,2921820164.319975
5212,2000000000.0,2064172773.1534972,1980981852.2337308,2084305363.5923047
5214,2099000000.0,2064172773.1534972,1980981852.2337308,2084305363.5923047
5237,2699000000.0,2729106995.155768,2796073670.571504,3443658338.436153
5238,2789000000.0,2810871757.2532206,2815392549.726129,2769683320.4140244
5241,2789000000.0,2810871757.2532206,2815392549.726129,2769683320.4140244
5242,2789000000.0,2810871757.2532206,2815392549.726129,2769683320.4140244
5246,325000000.0,464520897.2396088,481995068.5190775,469591211.7415262
5248,1379000000.0,2111560217.8066576,1411545727.7318406,1575462380.581763
5252,4899000000.0,4670949003.310261,4178066090.3307276,4605245867.521127
5253,4899000000.0,4587402240.598341,4496059270.296077,4571260846.752675
5254,4899000000.0,4670949003.310261,4178066090.3307276,4605245867.521127
5255,4899000000.0,4670949003.310261,4178066090.3307276,4605245867.521127
5256,4899000000.0,4670949003.310261,4178066090.3307276,4605245867.521127
5273,1988000000.0,1989000000.000045,1966060661.9708068,2094480207.0789237
5276,1199000000.0,1521293572.5870256,1208792267.9259937,1580034689.930645
5282,146000000.0,155116215.94671068,144699634.06039703,156072685.34466007
5288,169000000.0,168286383.80531603,166997087.89732715,199053329.61208922
5297,210000000.0,180672372.66633427,194153910.0515295,167277271.26186115
5298,215000000.0,180672372.66633427,194153910.0515295,167277271.26186115
5305,185000000.0,154823177.74446914,160572882.32030293,155013221.36907995
5313,325000000.0,320036486.2404762,260015347.7010897,346127006.8458738
5322,498000000.0,465216057.1751164,452991142.7043026,400087407.1121614
5327,195000000.0,213609025.75982782,217377375.22550005,224500122.08353633
5328,210000000.0,194623261.02328336,191225150.83190042,191801646.8476369
5331,245000000.0,238777208.02651644,234746184.48037368,248846343.09629914
5333,268000000.0,244820314.67652196,256976274.07898942,258425669.1496888
5348,69000000.0,43841250.37683975,42414613.39914484,37664066.86036826
5349,35000000.0,46134857.84603868,50516284.1354485,45227561.815361895
5352,439000000.0,406351345.54367214,433031101.7141797,429459392.32539326
5355,498000000.0,493924150.99489003,502736063.0044708,500125544.57474273
5356,490000000.0,559106887.8166828,548514641.6231649,536522599.64352036
5357,498000000.0,573579933.9172568,576608553.4483392,521700019.715577
5361,120000000.0,125447620.219962,116716695.89113122,102339422.80889224
5369,26000000.0,45903190.86450452,40356295.20751968,42143339.96150143
5370,48000000.0,52348219.13510817,48290489.18899064,49282394.69394357
5374,50000000.0,36818653.85914196,33021383.982770726,44178731.19331891
5379,210000000.0,236299905.2258716,384743480.0057812,274760588.8332568
5390,369000000.0,365138469.70906425,383683077.5877172,355599153.03437877
5393,410000000.0,391576197.2242887,383568931.0568244,349983701.97517663
5398,446000000.0,436867377.2088652,460093122.0554422,438909857.98042536
5401,270000000.0,247954832.53289643,246050838.3508135,243359306.8381838
5403,275000000.0,247954832.53289643,246050838.3508135,243359306.8381838
5405,275000000.0,247954832.53289643,246050838.3508135,243359306.8381838
5406,245000000.0,246869922.4064584,248218664.88783684,257236161.07936144
5410,308000000.0,275541385.2941772,301221213.2988295,295835314.113634
5412,280000000.0,266313086.70092955,282041647.4727943,289031268.5889792
5418,315000000.0,312356670.4073681,276585940.62943894,289186391.605859
5420,280000000.0,282068425.6087232,295067338.3106816,302297034.01578265
5423,314000000.0,315746011.23636925,333099853.2476893,332114276.73111343
5441,240000000.0,250573646.77586088,250629690.6889155,256840675.37306482
5442,115000000.0,131820967.4560893,145412340.5770399,102052929.4150467
5444,79000000.0,66342017.76983112,68095699.69132382,73868009.19876203
5452,265000000.0,220487374.3264359,178413546.7583171,215554752.37357736
5453,75000000.0,81101306.56401211,82826434.9384851,102282975.54158093
5455,188000000.0,199441273.33523613,210774185.58388364,192059126.9256095
5460,210000000.0,167873708.9884806,177155163.97637883,186649033.19596568
5475,259000000.0,298979039.28218937,288305787.8951275,258352791.49537802
5477,315000000.0,295688471.9410484,271588823.17204523,254895186.96563205
5479,310000000.0,299358049.027024,272964516.23828703,255450911.1638987
5488,1475000000.0,1440598222.0495257,1452483156.4297724,1416369772.1600473
5489,1475000000.0,1440598222.0495257,1452483156.4297724,1416369772.1600473
5495,1050000000.0,1025402027.1841851,1047472220.8807019,1060066885.7459171
5497,1020000000.0,1047000327.7852294,1068608593.7951587,1046383912.5191206
5502,1068000000.0,1067442122.9769777,1139217177.2543502,1130310466.6763296
5504,1120000000.0,1047123773.3745399,1096372986.7988136,1112197581.9887965
5505,699000000.0,666772457.0768453,647593983.205178,666343762.5078236
5508,730000000.0,695112800.9021372,741193891.1770682,752147387.1093686
5509,730000000.0,695112800.9021372,741193891.1770682,752147387.1093686
5511,730000000.0,695112800.9021372,741193891.1770682,752147387.1093686
5513,805000000.0,765532974.70801,760523981.0396743,773794473.0757359
5515,820000000.0,813943404.8124776,792881418.6976402,818243014.5101222
5516,820000000.0,813943404.8124776,792881418.6976402,818243014.5101222
5534,880000000.0,1051795059.5045861,981323235.6254241,983464604.2570484
5551,1065000000.0,1071938307.7997029,1031872116.548888,1005008467.486836
5552,1065000000.0,1070761882.6833485,1033625248.6207064,1005008467.486836
5563,1099000000.0,1109146108.32972,1076905576.177228,1058765636.5519803
5564,1070000000.0,1074319742.1341794,1017109440.4850191,1033977024.8411021
5565,1219000000.0,1154937219.6124399,1106214001.071738,1147128232.9461532
5571,1250000000.0,1215774482.7871647,1200081017.9183402,1222914808.0914547
5574,1235000000.0,1215718801.8617773,1199012543.5111005,1242780810.266737
5575,1235000000.0,1215718801.8617773,1199012543.5111005,1242780810.266737
5582,699000000.0,781559409.4273734,798000376.8468388,784299952.8775564
5592,729000000.0,814473944.9639776,760133873.9281719,775288029.4368061
5597,750000000.0,759424758.200686,820675696.5635396,820900108.9769319
5603,550000000.0,569835534.5128258,546976782.3552057,472108744.2253329
5612,1260000000.0,1238405052.7689748,1277679410.6312106,1259249278.211829
5616,1235000000.0,1236798100.5875652,1283477919.3874922,1225657144.3526762
5622,1390000000.0,1338352652.9727721,1281166605.3562484,1239015974.669482
5626,1379000000.0,1343751539.1648674,1412297082.0694377,1420911106.565841
5627,1419000000.0,1358317609.938575,1413418123.8106241,1485469184.6793437
5639,699000000.0,758688712.3561687,767980031.9355894,755748052.3332318
5640,750000000.0,758688712.3561687,767980031.9355894,755748052.3332318
5645,895000000.0,878802382.8912139,847932389.5072832,830835764.242813
5648,980000000.0,953007280.9264219,940446418.0496275,955189530.4375204
5655,1265000000.0,1259026781.6359766,1269970224.4347785,1112744716.282458
5664,142000000.0,143329616.50873625,140997356.77526936,124618690.89926176
5670,215000000.0,202448588.12276432,213687064.78649685,191610690.29956824
5673,175000000.0,204235381.09197852,203587623.1477176,203515848.001248
5679,162000000.0,198245900.4882379,155435000.42882097,159572324.1384002
5683,369000000.0,306265205.2386309,296194515.5663612,279631884.7723873
5695,115000000.0,132180070.79434358,112137927.19675872,96603015.24144682
5699,1950000000.0,1062933788.6240727,1401747577.0829601,1465693456.1513088
5704,1435000000.0,1468122611.3038237,1443799108.578361,1347521459.2737956
5707,520000000.0,616845189.5399712,629772989.4896702,591250058.9558164
5708,590000000.0,607589779.3615341,656049214.9499991,646958914.7085097
5713,815000000.0,817794972.9493686,788560492.2165785,735756255.3150955
5723,935000000.0,929285866.6950159,843744249.0325556,813755662.1025717
5731,898000000.0,883586757.5324361,849337370.9462125,844408684.7544382
5732,975000000.0,930310681.4791832,870879642.4718637,859651295.2275069
5734,890000000.0,848388302.4670438,835755052.8846314,846417297.4694133
5736,890000000.0,919975192.9508435,853906628.570327,842850256.3193252
5739,975000000.0,930310681.4791832,870879642.4718637,859651295.2275069
5743,865000000.0,844989544.6187183,861485823.1369653,935288560.3741686
5751,1035000000.0,1026168004.3731365,1007995740.72197,1017647163.2404629
5753,1035000000.0,1026168004.3731365,1007995740.72197,1017647163.2404629
5758,1035000000.0,1023792060.3243665,1014658321.0868645,1002618371.8779949
5770,1085000000.0,1084683676.1195843,1073665087.0953397,1041358056.0424716
5780,1220000000.0,1170909395.0870755,1163781985.8494506,1143733586.3665056
5798,545000000.0,551800154.3778936,537525931.9155182,582671440.807758
5801,640000000.0,585332663.5201182,597897002.355738,623499262.0337178
5820,745000000.0,712155692.2577784,685021761.9021091,661777071.4035809
5828,805000000.0,746153032.644904,748664604.1457808,745591490.4108177
5830,805000000.0,746153032.644904,748664604.1457808,745591490.4108177
5833,800000000.0,765665345.0388697,798455604.0558827,767118570.5240598
5835,765000000.0,768919562.8500572,768258395.447999,748535833.0537254
5836,779000000.0,768919562.8500572,768258395.447999,748535833.0537254
5838,788000000.0,836996325.613025,819521307.0007057,782459172.9864577
5843,880000000.0,869822395.5846215,854672459.6771213,835467909.2163643
5844,880000000.0,869822395.5846215,854672459.6771213,835467909.2163643
5846,860000000.0,869822395.5846215,854672459.6771213,835467909.2163643
5859,549000000.0,548812535.2991049,540375449.4270673,567899921.986842
5860,595000000.0,554048503.2625988,545741897.0572091,561896299.6919304
5862,580000000.0,576855712.0027281,573062768.2387162,574223719.0484079
5871,615000000.0,608403462.9501041,598570215.9191475,589638244.2078099
5894,410000000.0,428638467.0923459,436681368.47097975,436170478.9753827
5904,515000000.0,505897922.7617828,508909616.8131154,478435982.7841055
5910,315000000.0,323661869.2496384,336635074.7366684,331083162.29524577
5913,450000000.0,430908395.7350127,444460026.39878136,400721745.6406305
5918,645000000.0,649359065.0111818,643943216.7648892,611228287.0718172
5938,660000000.0,710034566.7461683,666858561.7167011,716214689.9271606
5977,1199000000.0,1140641566.5042148,1153085692.2537167,865558291.9080908
5978,328000000.0,367743814.56689805,375183441.34832996,394420611.79255056
5980,1780000000.0,811384847.0900944,787098399.1844549,848936714.4711678
5990,270000000.0,289194213.4268546,271275605.1088099,277639257.4587852
5992,310000000.0,335995442.2182937,362299257.64577293,381959442.99142504
5994,390000000.0,349403085.6882209,356543570.48265356,354760924.65171206
5995,370000000.0,349403085.6882209,356543570.48265356,354760924.65171206
5996,345000000.0,371342552.4596459,371635888.18019617,361687146.42204237
5997,395000000.0,359135350.81887096,365281516.1195551,365326302.7887402
5999,515000000.0,520829249.5960758,515270025.694727,486350798.62039924
6003,600000000.0,578256196.0779989,578214284.091571,542520969.3160815
6006,525000000.0,537642896.5909648,538902551.0746601,525767883.23589504
6021,437000000.0,506673599.7028513,482628905.09701496,463281445.03517926
6022,515000000.0,528823018.0448856,520944276.35640407,476315727.138483
6026,400000000.0,454723378.9043011,524946982.0608194,722234481.2247039
6027,380000000.0,371324488.8531931,473070191.27754974,742205055.9536085
6028,560000000.0,367409038.337508,497278161.4394857,684759362.8272464
6032,1050000000.0,591381587.6137377,570214872.5912119,673386016.8582525
6038,599000000.0,584592444.2669107,607303243.3466346,639336136.6523988
6045,605000000.0,604708272.2588676,587247024.1278542,631452641.6738411
6058,319000000.0,301011913.86988527,306136962.17595005,333515805.3372605
6062,290000000.0,353791271.6840095,345681332.8908639,372534392.9055346
6065,295000000.0,282594261.1076103,292644931.1102752,310210772.5101278
6066,275000000.0,288192092.67917967,288196378.6294576,303809428.90099865
6068,300000000.0,301617718.6361063,308478004.0380547,319800390.68413466
6085,400000000.0,405443011.87169755,398276911.37435895,398076876.13127345
6091,495000000.0,470648109.2209833,487894382.10457945,456657793.3628335
6094,469000000.0,480565970.08036083,486371535.36617905,457670246.61965173
6098,525000000.0,466238930.51994216,419715340.14202154,395013511.3135947
6102,195000000.0,180089838.70014158,177543832.97765422,189414390.21493447
6105,445000000.0,430377450.3553791,452823555.37652606,447562941.2262215
6116,245000000.0,195623408.78841066,198623980.88774037,202189048.21384782
6117,298000000.0,333922254.01644313,301364306.2096298,290030607.2139402
6119,445000000.0,465234941.9745913,421559830.6923146,512635832.1300905
6121,875000000.0,1200328160.290385,1262731372.8646572,1080217072.2828965
6123,650000000.0,642705122.4262106,634385577.6295203,650294789.8519303
6131,485000000.0,511118638.56961197,519757258.4404382,533943761.4545025
6134,495000000.0,490635501.48559076,516490139.4593868,524707226.95777774
6137,565000000.0,587261080.1764815,589183476.2431309,579582912.6900421
6144,719000000.0,696930325.4101135,634516270.4923444,623839096.0248849
6147,690000000.0,728755756.7561876,698695170.5751256,634780628.3948655
6160,245000000.0,244398647.26180452,236877656.2799991,245185919.9144011
6161,280000000.0,249951271.787755,249744973.0684575,256993892.01638845
6166,410000000.0,380123859.49710554,390781437.68759006,384824121.59517515
6167,485000000.0,428956489.2863164,413082174.9974545,431154813.3162801
6185,805000000.0,887353811.2861748,870115884.8690557,748429995.3491193
6188,595000000.0,665348176.2313185,632815740.3715585,629503493.4771668
6190,668000000.0,662435144.7372813,641750892.2767025,633751988.6169612
6209,845000000.0,809007143.6039379,838715701.9440029,807963651.6102854
6212,825000000.0,814054213.1323029,826625003.6585493,774990061.463091
6223,856000000.0,908693532.1510843,886122262.3267534,868079483.3102403
6228,935000000.0,944539269.2470171,912364221.6056901,860063956.9963882
6232,1150000000.0,1144465145.752226,1179491832.4876168,1091829829.8935785
6239,593000000.0,606389045.5477211,637335119.8614713,634343302.1752375
6250,735000000.0,711038134.888696,662750210.278384,684465748.6791735
6251,785000000.0,735357408.7181795,672810899.8957717,705436639.3121209
6252,775000000.0,735357408.7181795,672810899.8957717,705436639.3121209
6266,299000000.0,304973735.9786015,318586578.4145468,323063957.4223074
6269,315000000.0,342484641.464016,329543296.6908391,333794765.9521827
6273,359000000.0,338586711.9219295,356396709.31218094,365338812.6260689
6276,359000000.0,338586711.9219295,356396709.31218094,365338812.6260689
6280,383000000.0,422434137.6793176,408762064.9272476,417351346.1942653
6285,395000000.0,422636276.4078133,412426382.2983676,400268125.2381584
6298,335000000.0,336685549.0865522,322353043.1224417,306920357.9856162
6310,485000000.0,468336135.9859492,472238992.73315865,477709881.13606316
6311,218000000.0,219273335.20747522,208983201.27611044,226992167.16462523
6315,565000000.0,550682230.8020579,548487440.8726317,526430467.09989417
6321,515000000.0,515169195.78705025,487939052.214243,501059170.1790359
6330,777000000.0,801933425.0757962,817304689.8956131,779619691.02533
6333,799000000.0,798051597.3477168,832866806.6782061,811499385.4365209
6354,776000000.0,743833079.7380449,777772643.6904042,745512766.5742195
6364,427000000.0,454014591.7243986,521548749.1744977,485101894.8659595
6365,405000000.0,393728487.5584503,494825761.1034847,476645398.80194795
6372,360000000.0,404289257.59835553,375436851.28161466,389646257.1158807
6390,165000000.0,182763885.33451632,178310126.5062399,168753354.97695804
6391,158000000.0,182947024.78620377,173533279.79609266,177039486.22418588
6393,350000000.0,325572608.24332756,310419252.3665857,311134331.16858965
6394,350000000.0,359051517.2480065,350760884.2469309,350796226.78197795
6402,319000000.0,342102698.01913923,346422559.44590706,375371486.376199
6407,276000000.0,278432413.2178185,281834612.0734147,283837749.9964318
6411,286000000.0,290341410.07230496,294658468.95391655,315761539.1941002
6429,460000000.0,416360844.5669741,434034956.2048688,467503187.2853165
6431,450000000.0,472995628.87521243,479600658.13924855,518397128.9049293
6433,482000000.0,458560709.34573984,475267893.1366846,517560814.0842541
6434,395000000.0,474025093.19707227,459739602.0717905,511247253.0541706
6436,378000000.0,404222615.5628095,419911519.1288265,440736613.7370459
6439,1189000000.0,1248325165.3998103,1244435606.800858,1075224748.5405216
6456,688000000.0,693487975.193024,740505731.5535783,719223153.3211504
6458,705000000.0,632998761.6231744,546545036.8160734,625624009.7391723
6460,520000000.0,534989130.6207385,511863161.40349406,494161069.34782964
6469,1029000000.0,1070229110.7016155,1001707389.227522,993726893.9346402
6475,1025000000.0,1033077051.7675905,1015008672.1558286,1037807010.1995436
6476,1025000000.0,1033077051.7675905,1015008672.1558286,1037807010.1995436
6477,1025000000.0,1033077051.7675905,1015008672.1558286,1037807010.1995436
6478,1025000000.0,1033077051.7675905,1015008672.1558286,1037807010.1995436
6483,1169000000.0,1207566063.70588,1162590596.7954004,1196994492.0415883
6489,959000000.0,941585610.0295699,927437408.6480703,914113091.9010384
6490,830000000.0,791365812.8601925,808556615.3901856,792195936.7387999
6496,815000000.0,769861836.0438924,779377943.8221383,798934589.9693882
6502,835000000.0,817113366.1530948,779400242.322982,866054966.0096473
6511,410000000.0,405946756.9370347,454745885.0093993,464222212.0893397
6528,306000000.0,291303273.48287773,358206766.7411456,275628279.79302406
6529,482000000.0,550440729.1587225,574923935.8512565,574044188.9943333
6531,675000000.0,660190210.2733577,644401507.4015152,691470207.8786355
6532,725000000.0,673283605.7725941,663053662.6980826,729446701.6313591
6534,815000000.0,742504141.1751904,710518799.5654961,764383464.3720249
6537,695000000.0,788562507.3968316,807420812.9590316,814232425.0411733
6547,500000000.0,518841194.99248755,532127602.6990394,509435778.2402254
6550,559000000.0,556661256.5316343,538914885.7163693,527570362.37656444
6554,489000000.0,473893182.9004225,475280584.328083,456148192.2444838
6561,1550000000.0,2434089758.167718,2088295039.7983885,1952461261.6095872
6565,295000000.0,327294196.1557983,270335538.48978096,269993152.37521863
6567,598000000.0,716075942.3233868,632492346.9689254,553405103.5551021
6574,480000000.0,483085513.45386535,559519852.3008451,442814973.4463289
6583,555000000.0,534565583.35612196,452008101.1930877,507895439.18240947
6585,519000000.0,561796931.317991,478506932.6578237,546162312.4261706
6586,880000000.0,1101671609.1150095,1108755168.0866477,1329633776.542352
6601,1999000000.0,2270193174.9918876,1560118906.1070945,1714333446.9247055
6616,168000000.0,160325715.50917104,162905356.63875002,141340655.88728923
6622,139000000.0,157639786.75843027,152168920.17665666,151834677.4470709
6630,799000000.0,797128731.6333748,887983372.5225434,857389245.2814177
6644,880000000.0,890058754.1704482,860848515.3084497,883966974.8572245
6646,959000000.0,1018060500.8958559,961478582.9105682,926240010.1528943
6647,959000000.0,1018060500.8958559,961478582.9105682,926240010.1528943
6648,959000000.0,1018060500.8958559,961478582.9105682,926240010.1528943
6651,945000000.0,1001983084.5811824,1040183406.1427926,992386804.3976239
6656,959000000.0,1016603282.394386,1041950658.9453658,1039318330.7630442
6657,1299000000.0,1311897740.2619681,1255684660.5952923,1159765002.1540422
6671,1060000000.0,1006066170.9564,982473148.310012,993628362.0683599
6675,1085000000.0,1121103855.1878173,1085366342.4085345,1037831291.6699067
6680,939000000.0,958064967.7320887,997286480.0804253,1011386077.4691657
6681,999000000.0,990934046.3899016,990159894.7414312,960494751.2053995
6683,999000000.0,1044449821.1087219,1032466666.0099657,1015198218.7154499
6694,989000000.0,1044449821.1087219,1032466666.0099657,1015198218.7154499
6698,1010000000.0,903397477.1028575,971567949.4528639,943195073.0755614
6704,950000000.0,919826442.7654009,988048827.2348162,985233546.3361659
6705,925000000.0,973517077.8556406,984570424.886758,978728970.313627
6706,939000000.0,998753796.0083013,1010295867.2075156,962293909.409142
6708,939000000.0,973517077.8556406,982921117.0044641,978728970.313627
6712,1159000000.0,1070065520.0275804,1102822214.9578323,1140950189.322568
6713,1048000000.0,1083899457.97536,1049381949.1031357,1049287250.6238682
6720,1068000000.0,1136380110.332778,1142784107.1310365,1184486441.5019271
6723,1395000000.0,1344049625.4762423,1270677726.020682,1231706264.283745
6728,1330000000.0,1192028467.5036175,1163005336.819347,1188693041.9051135
6731,1199000000.0,1364003938.257021,1298849909.5203714,1239804242.7096972
6741,999000000.0,1003672529.3825082,1044284445.6802164,1014642169.0835336
6742,1050000000.0,982835693.518004,930208171.6028919,966382288.1543084
6749,210000000.0,214151538.17582163,229583566.31617483,214014181.19025737
6757,438000000.0,419279125.86786574,432116100.9014755,453727062.11148024
6759,438000000.0,419279125.86786574,432116100.9014755,453727062.11148024
6765,330000000.0,349601144.24514055,396136663.1482614,345904759.7461949
6768,325000000.0,316908320.48998433,310274819.0101381,323742717.0404756
6770,419000000.0,482731693.2375213,491229779.8106347,494907724.76006335
6795,250000000.0,268521613.9420437,257049315.81623772,263708004.59628573
6800,315000000.0,294885788.66307664,287463474.68009335,292571550.86469764
6806,360000000.0,317094062.44268167,316392027.6016015,294169174.366262
6811,119000000.0,115452450.77906597,111979122.359115,126766840.30367139
6812,75000000.0,81866501.4568297,68775497.19040771,72603031.78076853
6817,120000000.0,123855562.32638471,132134045.47472343,145991659.586261
6818,150000000.0,129919483.53361987,133842898.26926392,146858770.47004884
6824,195000000.0,200891978.08611175,210987363.84012717,215900008.97569388
6829,175000000.0,163178620.55524758,149051333.37282658,144117938.2729142
6835,145000000.0,148389626.3157603,138656860.5917932,144219836.94438
6847,260000000.0,235359796.7846957,232742183.48160252,217175235.2325799
6851,345000000.0,395705244.4404705,396103419.4313529,417332180.90010685
6852,329000000.0,405206740.1326501,395972738.2271507,418844007.3483461
6867,599000000.0,645324897.9182925,627778564.2084069,630682490.6837361
6870,650000000.0,696974312.9855015,658733757.0676149,656233185.384849
6874,685000000.0,674243186.3727849,654556845.3344162,660104038.6076806
6877,615000000.0,665107688.1226087,658929790.0801486,665171493.329871
6887,728000000.0,698425618.9442685,726400544.9547908,727384351.8466623
6892,595000000.0,531579444.4153726,545893892.5487562,522080133.19551164
6893,500000000.0,534630922.27299994,511468887.52337706,486767584.35471934
6899,610000000.0,546263720.5283633,593348240.2470154,573249856.3749182
6902,558000000.0,607251712.0699834,576022661.3569261,576838654.7374756
6913,490000000.0,476793576.56625295,533637962.0549418,439550020.50213027
6920,590000000.0,553439070.9891292,550288735.7324835,561271520.8184749
6925,535000000.0,524680068.16315836,517937344.1744937,483651549.51795226
6932,520000000.0,516884786.978287,513392376.7161086,462306765.98270744
6943,250000000.0,276377079.7789345,281988395.27718395,314335673.0675114
6959,528000000.0,517658022.27083033,531840448.54735374,508764801.21392334
6960,498000000.0,516952656.95422053,532353985.3274775,508262983.47323656
6961,498000000.0,516952656.95422053,532353985.3274775,508262983.47323656
6970,450000000.0,508938890.2623563,489924476.82515305,498480427.47551703
6983,450000000.0,479234639.4510833,464504559.1933427,448193883.4238904
6985,330000000.0,268569876.24764675,220178996.9961941,326703487.9174134
7001,939000000.0,919207423.1834376,913595370.5519207,907161685.8830469
7002,939000000.0,919207423.1834376,913595370.5519207,907161685.8830469
7021,5399000000.0,3501428812.1122117,3828929937.005953,5689092522.650033
7032,5398000000.0,5417108804.721517,4995523708.062003,4934406569.406581
7041,1480000000.0,1902297063.8475254,1743052913.2696471,1814406381.627944
7062,460000000.0,485731650.2061295,476354215.1306981,532524424.86499447
7063,580000000.0,487489862.6462153,497296182.9396718,529778418.8191331
7064,980000000.0,1186574484.0529723,1503210379.653469,1637417416.8056505
7077,1600000000.0,2013961188.7417355,2363231553.6074615,1972916107.902903
7078,2680000000.0,4678129346.086286,3928607313.124676,2961517413.490392
7092,561000000.0,485296283.8564083,457522067.2372177,433327441.91503704
7106,550000000.0,533449306.7849518,576266619.08329,526784783.1529594
7111,286000000.0,340101751.85145724,333184999.3601613,423734561.0092271
7123,1250000000.0,1536660052.3937287,1673144039.1603453,1466770633.507965
7126,1395000000.0,1536660052.3937287,1673144039.1603453,1466770633.507965
7127,1650000000.0,1599727734.3626752,1828983832.2338374,1801717222.7888546
7130,2580000000.0,2579891121.4284005,1670669446.19571,2401703859.4129524
7136,4650000000.0,4299137985.673045,4103801266.9488153,4256863906.2892375
7143,4580000000.0,4483633241.260367,4166654117.0257554,3747017771.775298
7153,1089000000.0,1098777626.281382,1164134977.7114494,1186497417.3603723
7161,2120000000.0,2078568050.4809747,1869619797.4157732,1864042654.7431955
7164,2299000000.0,2407013979.108065,2266658529.119553,2205185993.4929223
7166,2299000000.0,2407013979.108065,2266658529.119553,2205185993.4929223
7167,2499000000.0,2477410149.6306567,2338012357.9056997,2404671397.9538317
7181,2250000000.0,2349838202.0026712,2386860049.256847,2299126887.8917065
7182,2250000000.0,2349838202.0026712,2386860049.256847,2299126887.8917065
7184,2250000000.0,2349838202.0026712,2386860049.256847,2299126887.8917065
7191,899000000.0,1002158822.7533146,879986409.5012554,836443839.2312194
7203,3500000000.0,3434812458.4522395,3392302147.426158,3334533368.8484297
7204,3090000000.0,3152576472.763671,3312449392.176252,3205555442.7189465
7207,2750000000.0,2925477470.153175,3162709152.220051,3170653370.8545437
7225,155000000.0,257942776.92918885,213789390.78747505,190788337.11725044
7226,1990000000.0,2142759396.317149,2336621437.5510807,1968473525.6713762
7228,1585000000.0,1353801558.323874,1290820932.1861677,1229078210.3928618
7230,1550000000.0,1646981445.718297,1610834055.1119928,1529865186.0665545
7233,5990000000.0,6995675561.578771,5617593232.925668,4990337831.89262
7246,402000000.0,415076695.0992558,420542314.65014243,423107961.331583
7248,335000000.0,324903486.98246324,309701301.5280284,299203342.8226404
7253,355000000.0,336330155.4329533,343645392.08560836,325639742.40547043
7257,410000000.0,363554713.1074423,372210491.689594,340886267.7172625
7259,395000000.0,391367919.93262774,392248063.03947526,362412247.8119407
7260,368000000.0,377748460.20993286,387330115.9787208,356098332.26498014
7261,378000000.0,377748460.20993286,387330115.9787208,356098332.26498014
7265,375000000.0,420282323.28876615,408695020.37411046,418200301.6989159
7266,398000000.0,453307639.56137234,442998387.66326785,427953542.4085998
7267,429000000.0,454006632.1290471,457702742.29894614,460319104.2051172
7281,535000000.0,558422506.6473818,538711400.225116,543496664.3336047
7282,560000000.0,544325236.8141218,536507799.50429,540265181.4812968
7284,589000000.0,574450466.4838102,573149124.1532954,580071591.2888088
7285,575000000.0,564586064.2474055,580294696.0678917,585200285.6321436
7287,608000000.0,565744379.1656839,564238517.453207,605787042.3441465
7292,525000000.0,515151790.9437536,520735657.4450484,460781190.722894
7294,460000000.0,485513500.9782792,463550462.4344891,432309115.2895608
7296,635000000.0,560434009.8923367,574484375.2365952,521513162.94028664
7297,635000000.0,560434009.8923367,574484375.2365952,521513162.94028664
7299,575000000.0,660121970.1735271,558769048.0968608,556198874.9845716
7300,475000000.0,509769064.42467207,452498060.3859959,434200930.2122252
7304,335000000.0,372026107.71977633,352660684.59040403,351869833.5387576
7311,479000000.0,469458843.4362837,462836617.5495291,447219161.6873888
7324,719000000.0,741721275.7173477,657723103.032243,777029820.6952482
7329,365000000.0,353806799.4167923,380724099.65652823,364870181.50060403
7331,480000000.0,487045445.7141799,460473261.6183733,434457971.4054115
7341,665000000.0,660962861.1351732,687249166.5656797,732933016.8644425
7349,380000000.0,383997792.3063185,371234193.59968835,345576680.0050092
7356,495000000.0,520434387.5428166,491840110.7908003,479520938.42367
7358,567000000.0,553244780.2687498,574454790.9646543,527511502.6882613
7381,579000000.0,588588527.9004236,585297957.9420127,616452654.7621249
7392,719000000.0,737507724.2308248,726302181.1799763,760223776.9165701
7393,719000000.0,737507724.2308248,726302181.1799763,760223776.9165701
7394,716000000.0,737507724.2308248,726302181.1799763,760223776.9165701
7412,669000000.0,720442931.2474942,704861767.1929215,723102352.7090975
7418,758000000.0,763118792.6215075,761803020.2073426,766880540.7510157
7420,739000000.0,729932280.5779934,699024413.979031,702255234.2653434
7421,720000000.0,729932280.5779934,699024413.979031,702255234.2653434
7422,758000000.0,769331164.3093834,780048664.2637471,750581485.4355707
7429,765000000.0,769172569.9189825,755077773.1951491,757525481.7922622
7431,799000000.0,785526162.1765324,763829773.8567778,764743842.4491513
7440,799000000.0,798139426.4812335,792453552.9190602,875377156.3512597
7442,799000000.0,793872285.8156482,816915061.5514392,857074650.2599336
7447,740000000.0,700466974.912806,648830349.4214526,678469865.0183542
7450,680000000.0,659221484.4376024,626520170.1311903,653022852.5367053
7458,779000000.0,760460010.9558408,774524681.3439091,767385395.5561317
7459,779000000.0,760460010.9558408,774524681.3439091,767385395.5561317
7460,779000000.0,760460010.9558408,774524681.3439091,767385395.5561317
7464,919000000.0,915252657.0164902,888388257.6360058,897214619.2480162
7469,860000000.0,831538307.8607798,815083185.623943,829411649.3022991
7470,860000000.0,822523884.4246833,773832142.7935002,823893274.8066726
7473,6200000000.0,2884496147.6950154,4461810987.96554,3581102277.4210916
7479,1068000000.0,983879710.8870038,949179271.8531883,1252857108.8771684
7488,735000000.0,757862694.3179253,756767571.5583996,857849834.7199068
7501,725000000.0,734075766.9741467,719418152.6682533,719183914.6163998
7502,720000000.0,734075766.9741467,719418152.6682533,719183914.6163998
7511,1159000000.0,1203070006.6417427,1237476832.7517025,1237879674.770911
7552,1574000000.0,1438271085.8400805,1578641573.413213,1486919237.7084854
7553,1579000000.0,1611767535.3665571,1559996907.5601346,1646739629.5990674
7560,779000000.0,657611445.4808289,711090927.1682037,831107462.3492521
7569,939000000.0,926862510.2699869,970147646.4915053,1191714527.6636665
7585,550000000.0,573036074.4099088,547237663.4041296,580874562.8747017
7589,599000000.0,674773111.1734645,677458252.2430967,698805952.2404741
7590,639000000.0,676903870.4966785,655182626.8005282,691910463.1740655
7593,709000000.0,662365191.1795455,669545191.3176773,761391129.6045586
7597,609000000.0,555767650.0185436,574392340.282462,606242658.8722888
7598,623000000.0,620714658.6257507,615075200.0561721,632501928.7220606
7600,520000000.0,620714658.6257507,615075200.0561721,632501928.7220606
7605,739000000.0,714907796.2341607,700832012.6183864,686780602.7675204
7615,738000000.0,738090952.4426591,698481978.2625045,687536205.1024686
7623,899000000.0,859329054.2530013,880548866.870286,936885943.8905606
7626,939000000.0,859329054.2530013,880548866.870286,936885943.8905606
7636,1058000000.0,1010827795.0504494,1159032585.2294102,1193855827.602309
7642,1089000000.0,1038425714.5432438,1081423632.758831,1071008419.5819433
7645,1038000000.0,1050420016.7207978,1078148984.252171,1120987958.488612
7651,1399000000.0,1413948840.4351208,1427492842.026006,1395888259.758802
7658,1439000000.0,1444368745.9352558,1363727122.0602517,1344854245.1630821
7671,1694000000.0,1609412723.043827,1547735875.6229846,1487686714.2442858
7672,1690000000.0,1762621467.3593566,1665813842.1130567,1533573216.447297
7681,2049000000.0,2056210789.5100126,1874643921.4597368,1869525879.225048
7691,1899000000.0,1945478822.418613,1837498110.155952,1868775666.9784818
7697,479000000.0,471968346.77050257,531269644.9754008,437286287.33698434
7698,550000000.0,596747508.0340585,601159426.4007199,561145935.053612
7699,719000000.0,919788385.7420521,1007223152.0340712,905551899.0312642
7707,1680000000.0,1600700384.3361483,1688497039.0376012,1499589513.0824761
7708,1680000000.0,1652796687.2398007,1688497039.0376012,1499589513.0824761
7714,499000000.0,470033880.4964769,559045150.0407808,547117993.1883907
7718,640000000.0,738689500.0854709,786085693.269884,685613832.8634877
7724,978000000.0,971744700.4932064,1041447977.3607569,924570593.8212508
7726,889000000.0,944044472.9040531,963068030.8765144,855142064.0193568
7728,930000000.0,909530792.4043809,1070093440.7041175,905851048.7559824
7735,1650000000.0,1620078827.7136,1626458876.118775,1464054202.1198378
7736,1900000000.0,1835139090.9235833,1813702077.4362903,1410336540.6331604
7739,1749000000.0,1707056196.6194046,1630527871.0429664,1439614763.098003
7744,1779000000.0,1807228327.8008432,1914613770.8889313,1751375867.2442393
7746,1850000000.0,1782478343.5146906,1697878711.3173883,1619246726.2199023
7754,115000000.0,144120694.42531586,125781259.89560172,111169395.01542829
7760,890000000.0,812219150.7340248,895706131.5367835,744446320.0435163
7772,1099000000.0,1037863436.6550586,932640268.1488403,848815080.3771782
7773,1179000000.0,1027025331.4197646,936855012.1059905,851135179.8040189
7774,1179000000.0,1027025331.4197646,936855012.1059905,851135179.8040189
7775,968000000.0,1169452180.355865,1174434128.4839337,1016258348.3994434
7784,1590000000.0,1527402045.779828,1583907577.70673,1300208416.320802
7785,1599000000.0,1406550156.4117618,1454437596.3781767,1298183604.3526132
7788,1550000000.0,1434827155.4756236,1506246883.1645925,1304774413.4639604
7790,1880000000.0,1847090528.6261683,1810287445.9822738,1507753796.0239592
7797,1739000000.0,1660604890.4176712,1629321643.2115257,1479961605.860384
7799,1888000000.0,1847090528.6261683,1810287445.9822738,1507753796.0239592
7802,1779000000.0,1761895495.9714677,1689737407.1216466,1484453572.0041618
7803,1875000000.0,1606743771.0325332,1556881742.0983038,1402451778.7410324
7804,1875000000.0,1606743771.0325332,1556881742.0983038,1402451778.7410324
7807,2900000000.0,2720565229.547791,2699343038.0368385,2424091000.6415334
7824,3279000000.0,3238515964.44388,3080536472.2428045,2802722610.754196
7828,7999000000.0,7759104626.258011,7716526562.513079,7123356111.547006
7829,6900000000.0,7224947468.015544,7329965628.515517,7093832278.09653
7830,7300000000.0,7224947468.015544,7329965628.515517,7093832278.09653
7831,6900000000.0,7224947468.015544,7329965628.515517,7093832278.09653
7833,7379000000.0,7449905801.286158,7297420885.519817,6607000173.333289
7842,8950000000.0,7855522742.945042,7428827525.617337,7218037479.329449
7844,8999000000.0,8134825629.711475,7777226034.987103,7308904449.747776
7845,8580000000.0,8336612724.186909,8114337095.775646,7646729837.879098
7848,1134000000.0,1144146636.6852818,1117195507.6313949,1545407656.0468667
7849,1050000000.0,1260117392.9036453,1140928521.3337615,1541682436.3097045
7850,1055000000.0,1260117392.9036453,1140928521.3337615,1541682436.3097045
7859,555000000.0,610479119.9937251,564665930.4830782,577199639.3762742
7861,940000000.0,590870222.3251623,694834512.5224425,993899925.3125646
7865,719000000.0,785518435.436263,785102741.6477317,842462809.6570594
7866,699000000.0,793265842.690919,785439743.4999434,841423257.6425794
7867,990000000.0,910001601.5942062,943873345.4550669,1002944131.2857164
7868,990000000.0,910001601.5942062,943873345.4550669,1002944131.2857164
7874,999000000.0,994068572.7955245,1024916640.6105245,1025864238.5138991
7876,999000000.0,1031413660.7806165,1000073245.546533,1025864238.5138991
7888,1190000000.0,1198289288.0550768,1126662411.8371065,1213670706.1912477
7889,1159000000.0,1107779071.0068495,1114454300.9754655,1131537947.48924
7890,1160000000.0,1196008687.994087,1124837294.4084966,1212371394.406263
7894,1239000000.0,1221908064.2089708,1226655246.824571,1277417294.496993
7898,1199000000.0,1200700853.5289793,1204114082.9695437,1268342661.0087202
7899,1259000000.0,1213179888.7811697,1243638341.92084,1330046972.3258615
7900,1189000000.0,1216804518.4241238,1226800314.272934,1277941616.238174
7904,1300000000.0,1143540474.0546343,1228811966.7227592,1187545486.0688288
7910,1359000000.0,1370564057.0394413,1413172819.9171386,1464857269.8619804
7921,939000000.0,1289463296.0384266,1277652604.1315546,1338390323.0463207
7929,1679000000.0,1687102626.7617998,1674689326.5166087,1737771010.8820322
7932,1950000000.0,1890762112.6353955,1896589691.4925783,1932735361.978505
7933,2300000000.0,2076280649.7092516,2072383708.1894627,2133873220.8171237
7941,799000000.0,794501771.6550047,798553077.7303092,781227749.5518936
7942,799000000.0,794501771.6550047,798553077.7303092,781227749.5518936
7943,799000000.0,794501771.6550047,798553077.7303092,781227749.5518936
7952,886000000.0,922400690.3571329,882766934.3424808,977205626.8593737
7955,745000000.0,736681355.5199728,729840545.9443473,703299177.4530845
7960,759000000.0,755547858.1162375,740659699.4410894,735126853.2030349
7968,888000000.0,942929868.549957,918268589.7261829,1031047428.2668204
7976,1130000000.0,1293527518.1990197,1163573349.183062,1215886737.7739797
7980,1439000000.0,1506854719.0842044,1483191701.1529238,1414271472.4591026
7981,1438000000.0,1506854719.0842044,1483191701.1529238,1414271472.4591026
7984,1439000000.0,1506854719.0842044,1483191701.1529238,1414271472.4591026
7986,1439000000.0,1510691636.155245,1510216759.8609903,1411279921.4663835
7987,1388000000.0,1365940486.7589223,1323262969.076473,1319696770.3012843
7992,1235000000.0,1359873138.6919672,1335237315.1807175,1243750337.0937514
7995,1539000000.0,1423388889.3811476,1436380145.1802328,1486019815.2776916
7998,1539000000.0,1423388889.3811476,1436380145.1802328,1486019815.2776916
8010,1539000000.0,1423388889.3811476,1436380145.1802328,1486019815.2776916
8012,2249000000.0,2034509881.5667913,1983284248.8032663,1884782111.4253135
8016,2079000000.0,2114504163.5196102,2032746002.7633846,1929139302.8525987
8029,1795000000.0,1924286997.1533985,1772204811.087957,1949639807.632398
8035,2179000000.0,2114504163.5196102,2032746002.7633846,1929139302.8525987
8039,2214000000.0,2090796703.7893562,2047470229.9158933,2063419411.5979435
8040,2214000000.0,2090796703.7893562,2047470229.9158933,2063419411.5979435
8041,2145000000.0,2090796703.7893562,2047470229.9158933,2063419411.5979435
8047,2339000000.0,2441922605.936808,2423379655.4092226,2287847046.6181273
8051,2266000000.0,2268544878.15913,2271692117.1853547,2235647025.3445783
8052,2266000000.0,2271594431.5049996,2271761444.7848973,2208333899.9995627
8054,2298000000.0,2273948287.638646,2280496273.058419,2224964635.2652802
8064,2261000000.0,2231326137.2602134,2194663369.794732,2151913164.66745
8069,2529000000.0,2530617449.731401,2517595724.0533853,2443659921.3376393
8078,1285000000.0,1256856209.0144777,1198269519.9760065,1398186448.8320067
8087,239000000.0,271071318.31290615,316407114.7088829,314244599.2025335
8089,318000000.0,338928102.1283212,326582361.5294833,286912979.93040305
8094,3790000000.0,3761334855.5726204,3550026919.198783,3325045887.736935
8097,3396000000.0,3456300562.8426285,3428566552.401522,3375726160.197785
8099,3750000000.0,3697198083.0169277,3781731169.645891,3717070161.394689
8115,6399000000.0,6396857828.647705,6271876508.735108,5837224923.986225
8116,6300000000.0,6264166663.0209,6806213875.010145,6302616181.861195
8117,6300000000.0,6264166663.0209,6806213875.010145,6302616181.861195
8119,560000000.0,947645008.6521297,700301531.2883288,680327143.7566004
8127,1199000000.0,1207126779.9523377,1341417286.1890213,1352629573.1317189
8128,1279000000.0,1167697835.9276812,1213775666.0461702,1203646352.1958277
8130,1247000000.0,1235337761.1463754,1364216217.1212173,1329850830.7795682
8135,3250000000.0,3776307630.8102627,3589606562.719048,3733091194.541148
8136,3250000000.0,3776307630.8102627,3589606562.719048,3733091194.541148
8137,3250000000.0,3776307630.8102627,3589606562.719048,3733091194.541148
8155,4179000000.0,4083601459.5143876,3875120949.9087505,4133595290.373572
8156,4300000000.0,4148606531.7211795,4059767551.2723207,4173342993.66057
8159,3200000000.0,3266485839.3053646,3270718766.406706,3331178670.7298822
8160,3200000000.0,3266485839.3053646,3270718766.406706,3331178670.7298822
8175,6389000000.0,6508165826.953962,6318319166.198426,5707186270.436064
8177,6399000000.0,6508165826.953962,6318319166.198426,5707186270.436064
8186,1495000000.0,1651270155.1241972,1828265340.3741374,1705354360.6093028
8195,1999000000.0,2133223176.9499855,2146373021.0899413,2008368804.607646
8197,2089000000.0,1987358062.47432,2016034745.2321522,1854605615.1860964
8198,1999000000.0,1987358062.47432,2016034745.2321522,1854605615.1860964
8199,1999000000.0,1987358062.47432,2016034745.2321522,1854605615.1860964
8200,1999000000.0,1987358062.47432,2016034745.2321522,1854605615.1860964
8201,1999000000.0,1987358062.47432,2016034745.2321522,1854605615.1860964
8202,1999000000.0,1987358062.47432,2016034745.2321522,1854605615.1860964
8203,2550000000.0,2225180768.463582,2194119258.7917595,2092226338.9562624
8207,2288000000.0,2242983102.818475,2180298232.0564785,2072094404.7700503
8224,155000000.0,148181588.8206743,115838885.76709802,108867731.15028702
8229,1499000000.0,1514473298.288451,1487585920.2973871,1478975368.7329307
8241,285000000.0,287359665.2919585,290242964.6816807,275207674.83802426
8245,436000000.0,363622992.23354983,360205976.12429416,342331251.445281
8246,359000000.0,362035541.37244344,365643292.41969156,347772626.00294787
8255,398000000.0,395070088.5638634,385151711.4429301,378196515.29793006
8260,405000000.0,399051109.45856535,391749361.7406349,381141544.7402251
8263,359000000.0,352262122.76936764,363337288.3460086,376691943.1328141
8274,559000000.0,563126891.5762949,528578024.8332483,516127579.35159594
8287,489000000.0,444842054.90234125,453589433.7859594,452728349.96104515
8305,429000000.0,415661742.2088658,417387435.0537254,428311320.75124335
8307,399000000.0,416024030.0697022,418989075.7404992,429235993.31211317
8312,250000000.0,276382297.51135933,355197572.6643986,439602854.9382641
8316,1839000000.0,1825881549.9965928,1835827104.8996115,1785676772.1607077
8327,1599000000.0,1596859135.8449163,1649738577.7264032,1656204908.3570335
8338,299000000.0,321083932.99499464,302492459.0863168,297413166.8568944
8339,335000000.0,320346499.10812926,311405440.8747894,315909524.71865654
8345,320000000.0,314606637.7153736,313592318.5338983,301126173.68592495
8347,168000000.0,186398545.47420746,177486950.9094792,186795217.8693646
8352,375000000.0,309391208.5314437,309309909.41197014,317535539.5599968
8353,267000000.0,358025267.3654327,347395222.8243595,340801228.5752104
8359,360000000.0,363313782.3282732,372741902.1906935,368847821.9109553
8360,365000000.0,363313782.3282732,372741902.1906935,368847821.9109553
8361,375000000.0,348538661.96795166,394687114.80570763,388207657.727903
8364,380000000.0,362417993.2569954,371574224.28572387,368809929.97977096
8371,170000000.0,152695497.20546082,141167692.97985953,139859303.43453792
8374,178000000.0,192508057.6589006,201178147.7154706,173545802.34294495
8379,58000000.0,70616635.95297861,71351975.63437995,66450754.242715545
8380,99000000.0,66305015.07568779,71450847.66139413,66727950.22576732
8387,458000000.0,485135471.5577214,457745521.2343581,465758576.70370764
8388,520000000.0,455119782.80782264,449864753.5218683,463558859.3992796
8389,496000000.0,487789067.1013617,495069322.77856,512624921.14943326
8404,690000000.0,716592312.4810935,753032588.4660735,714202884.0642438
8412,410000000.0,453363222.60629296,489572313.248359,391678548.19097257
8418,325000000.0,240791526.75798383,233915750.66547805,201879309.28552788
8429,333000000.0,357327111.1138048,348744911.4723654,343838861.48682195
8430,285000000.0,285779965.14052397,254538662.6899221,254472038.3228117
8435,320000000.0,361367382.4539342,367587940.4787936,369513852.29505366
8459,599000000.0,585399016.2656555,572317806.0777489,649958430.1497337
8460,490000000.0,559911497.6506382,512495218.3921268,599889289.4902211
8461,598000000.0,585399016.2656555,572317806.0777489,649958430.1497337
8463,645000000.0,643948591.0111418,605348802.098992,646575402.4478037
8471,590000000.0,615014669.2363662,592135144.3628428,655864551.819606
8473,380000000.0,372768361.53673,361419952.92858315,367864366.56258625
8475,430000000.0,395949846.33642215,399311380.474735,395736161.28163314
8479,365000000.0,368129295.5231121,367697331.21618426,372557558.6827252
8488,399000000.0,400406645.90317,408452660.33356947,405806159.75854796
8491,396000000.0,408514245.1429736,402587553.0421849,400508155.84539276
8493,415000000.0,375803245.5478889,396297632.4085325,403817911.67714983
8495,430000000.0,375803245.5478889,396297632.4085325,403817911.67714983
8498,415000000.0,416274589.34202045,413425050.1187339,409861635.5734664
8500,405000000.0,416943121.53401875,419031433.2682756,418000202.0438158
8504,415000000.0,416491245.80575466,417160607.2541469,416427852.39943725
8507,369000000.0,392587635.486118,407017817.7631495,413570275.30710495
8510,440000000.0,427681699.2403068,444630454.85122013,438069925.4418051
8515,418000000.0,449952743.1393467,464981456.84675586,450835919.5313408
8531,430000000.0,438103390.664896,428453325.7019327,453614427.9960549
8555,495000000.0,548121839.7347105,526782483.7049169,528665895.1995429
8561,515000000.0,546180105.6971412,536628563.36930364,542856631.1431496
8563,515000000.0,546180105.6971412,536628563.36930364,542856631.1431496
8569,598000000.0,570330011.2516441,589596047.2615362,577695449.4914876
8573,598000000.0,577419520.2183137,575250809.6930577,554542573.0540705
8584,455000000.0,450837883.01440996,437399921.9228191,451936790.85556376
8599,519000000.0,501025670.6163791,518728257.10947937,527625991.61732394
8600,525000000.0,495335667.2740003,502908693.3667229,506227951.2193141
8601,515000000.0,502903126.2635383,506682936.49293095,522198351.7962494
8624,245000000.0,235990968.21866506,247216999.59906226,222775763.04181948
8637,599000000.0,583575628.9036154,577970604.227663,589335718.966346
8650,449000000.0,439839977.4919282,439834409.60619783,435434751.2029433
8661,350000000.0,357792154.7446372,329582897.96946806,332745030.564131
8665,195000000.0,276051873.5663322,236626584.03149074,241625651.94826785
8681,147000000.0,234193947.00123844,200601864.5209092,210293632.26155776
8694,209000000.0,160681832.35523012,174015868.79110467,199668835.65709472
8702,550000000.0,494357417.970062,509801470.6617778,509635975.68766606
8708,770000000.0,771199039.8763905,700516615.09734,680381746.1230061
8717,468000000.0,497814907.8096022,509953182.8171972,473318750.7792072
8727,530000000.0,606149990.823765,593000903.3088449,557767767.052482
8745,470000000.0,541961964.0097533,533886371.2623965,508633125.6848258
8755,305000000.0,348207927.5196319,302961312.4320212,313535618.56956875
8756,690000000.0,839204196.370956,890121690.9722308,872853891.9566382
8761,4099000000.0,3705137171.7110763,3716927896.651627,3692438752.584789
8762,4099000000.0,3705137171.7110763,3716927896.651627,3692438752.584789
8764,4780000000.0,4333846088.142864,4761936679.46344,4273197358.621471
8765,4950000000.0,4333846088.142864,4761936679.46344,4273197358.621471
8767,2999000000.0,2195683024.7849917,2511629201.003042,2931676904.979027
8776,3380000000.0,3573419287.5651445,3759787972.4184866,3384328364.204247
8780,9979000000.0,8867417390.078903,8786786469.74442,8199259829.2883215
8788,9379000000.0,9266168778.301888,9182025048.139874,8298043291.801581
8790,9379000000.0,9557012394.2492,9393139240.80183,8536049207.477132
8791,9479000000.0,9266168778.301888,9182025048.139874,8298043291.801581
8792,9379000000.0,9557012394.2492,9393139240.80183,8536049207.477132
8793,9379000000.0,9557012394.2492,9393139240.80183,8536049207.477132
8794,8999000000.0,6499242127.747199,5694109079.922137,8734433221.269316
8814,950000000.0,930806262.6234577,824186358.3502688,794026020.7987281
8819,1568000000.0,1408757205.5235176,1453489156.8611298,1415224158.6450162
8820,1568000000.0,1408757205.5235176,1453489156.8611298,1415224158.6450162
8828,1495000000.0,1452110420.7425854,1600122495.476822,1558221485.9746866
8844,6099000000.0,9576608876.799002,5801378443.812601,9097971949.0086
8848,3798000000.0,4006268643.138888,4244128185.245073,4540161440.692211
8849,3799000000.0,3840919480.117608,4188606450.382677,4516150129.007276
8851,839000000.0,698157047.9761659,773318676.4677103,890258611.1744262
8857,1395000000.0,1301568465.1650336,1240582156.361917,1226692859.5467613
8861,1268000000.0,1514193495.4016347,1453649959.7678418,1469086916.452522
8863,2499000000.0,2442853282.7782516,2368691935.0030317,2453318531.4547
8864,2298000000.0,2442853282.7782516,2368691935.0030317,2453318531.4547
8865,2299000000.0,2384041863.5962706,2371987790.49137,2453318531.4547
8871,2299000000.0,2292999383.490105,2322389977.7842307,2328113061.6398764
8872,2298000000.0,2292999383.490105,2322389977.7842307,2328113061.6398764
8874,2298000000.0,2384041863.5962706,2371987790.49137,2453318531.4547
8887,2720000000.0,2897139820.969017,2891799488.163295,2868394783.9590816
8891,2599000000.0,2908159364.3913407,2885788149.12836,2877614521.8875923
8892,2868000000.0,2894141891.640512,2882339075.9659476,2876908418.524525
8898,2999000000.0,3081318702.6516356,3025814786.154392,3047654187.7704086
8909,3890000000.0,4016669505.4745283,4168760673.797102,4457132116.4800005
8911,2789000000.0,3348248806.3959656,3503117677.3696856,3892994664.918979
8912,2789000000.0,3348248806.3959656,3503117677.3696856,3892994664.918979
8913,2789000000.0,3348248806.3959656,3503117677.3696856,3892994664.918979
8914,3250000000.0,3436889177.177587,3535701087.8699446,4123823567.7691555
8916,3999000000.0,4169462018.12211,4121395688.9433293,4489136516.716004
8917,3999000000.0,4066141320.7184043,4179795727.4662375,4677093169.935119
8919,3998000000.0,4169462018.12211,4121395688.9433293,4489136516.716004
8924,3999000000.0,4066141320.7184043,4179795727.4662375,4677093169.935119
8925,3999000000.0,4066141320.7184043,4179795727.4662375,4677093169.935119
8927,3798000000.0,4665783614.729914,4730072753.809449,4868751464.623183
8931,6999000000.0,6717514069.712303,6582078569.414994,6321064233.681011
8932,6999000000.0,6717514069.712303,6582078569.414994,6321064233.681011
8933,6999000000.0,6717514069.712303,6582078569.414994,6321064233.681011
8934,7198000000.0,7666353003.275818,7257763237.297777,6531797548.109247
8946,6600000000.0,8223360431.207155,7099948901.041826,7942839516.462708
8953,9500000000.0,4994160752.344995,7870162349.50777,5738189912.757227
8956,480000000.0,225878634.27458528,238696353.7244032,181842219.69456387
8960,789000000.0,581251283.3006274,681647376.8168311,497010476.7533522
8961,350000000.0,229876237.33870268,457962096.36618114,241778649.10176
8968,1259000000.0,1103190432.506238,947900170.5158292,2371792362.319876
8976,600000000.0,600582447.974781,625058013.282635,865919308.9448569
8983,545000000.0,575325064.834791,592074159.462885,758357081.0145762
8987,739000000.0,717498896.957375,762641876.5399276,973971699.6419834
8992,819000000.0,820554353.7436647,789695369.1505123,1048103966.2424676
8993,530000000.0,564577590.1107193,604168786.4372299,886238437.1658086
9001,189000000.0,203301860.1075389,212436627.19984207,209229586.16876653
9005,235000000.0,239728248.35331032,241937425.37956583,287587679.18558794
9010,285000000.0,269241566.23326325,283261123.1121998,310440444.9500978
9014,259000000.0,260667334.62729818,289093769.172667,296597458.45876837
9015,259000000.0,260667334.62729818,289093769.172667,296597458.45876837
9020,345000000.0,352050898.52093095,342742712.0198473,354526000.5013121
9028,399000000.0,389379556.0757303,387292440.3591719,383851341.090332
9042,176000000.0,158768079.18352452,158175722.62537882,160891685.78469956
9055,410000000.0,349908108.4683783,356050872.87126833,326099737.71124244
9056,409000000.0,359574737.98677385,361173248.4867769,342016539.368529
9059,455000000.0,419719440.03083974,427822903.938143,392888725.66575176
9062,485000000.0,447979827.544902,457675680.1392655,431614469.97249573
9067,390000000.0,397789255.72101516,389041190.03325504,382497526.96588707
9076,429000000.0,410272291.9003234,408668517.42120737,402721795.7653067
9077,393000000.0,412255585.97423273,409769835.6107611,401165230.9372209
9082,405000000.0,451406629.3290811,436711354.0305097,435946414.4208759
9086,400000000.0,451406629.3290811,436711354.0305097,435946414.4208759
9097,526000000.0,524612534.44467014,542381784.5918467,529571365.36766005
9100,525000000.0,545255678.7549174,538951891.3354475,527066809.82371455
9102,529000000.0,545255678.7549174,538951891.3354475,527066809.82371455
9103,529000000.0,545255678.7549174,538951891.3354475,527066809.82371455
9106,525000000.0,545255678.7549174,538951891.3354475,527066809.82371455
9111,310000000.0,259406300.4065328,242348934.9363091,222227378.36511207
9112,250000000.0,240447323.8185741,240209462.64236772,198473471.41630426
9118,725000000.0,660157891.5278236,732705446.1801442,820055749.7240428
9128,2299000000.0,2380566846.6147785,2453278914.1257806,2327414218.988612
9131,3250000000.0,3099139259.8139877,3123609609.3410306,3002379585.2576566
9137,450000000.0,405109658.1135091,407281853.82664675,437795692.2810885
9141,458000000.0,471206624.4287142,464448746.3020484,477071642.5176566
9144,499000000.0,503704117.8498999,518851946.3080332,512814039.2253872
9147,410000000.0,409803520.4184033,396864946.3983258,407048638.8954508
9148,409000000.0,409803520.4184033,396864946.3983258,407048638.8954508
9160,650000000.0,702404358.2893131,751378359.1819261,659865084.601132
9163,692000000.0,688472758.2460977,693538262.6045865,684086584.7659228
9169,1189000000.0,1257195777.5083954,1218693600.2945967,1011807959.8468668
9175,386000000.0,289399525.960059,303054361.0264789,306599198.88794124
9179,1279000000.0,1365239660.4304988,1387585246.1215878,1290526711.7081676
9180,395000000.0,305774288.6057961,334610288.12178594,427166958.6982862
9197,420000000.0,402586295.57905805,395193324.73617274,420052049.43071127
9199,479000000.0,439751989.3859335,449156563.1230784,466137154.3436414
9205,585000000.0,545284696.4308113,546455393.3024402,554403136.1697558
9210,689000000.0,662263881.5973159,609324425.8393185,668111560.1917369
9211,672000000.0,641907454.7780879,595969422.376669,652862279.828068
9214,800000000.0,846754320.4647412,812131602.5850008,804756654.1979563
9215,780000000.0,792851590.1324296,782786592.1130742,769741687.667484
9216,779000000.0,792851590.1324296,782786592.1130742,769741687.667484
9217,738000000.0,772023940.6459742,762743707.0136654,773545519.299716
9219,819000000.0,774046086.5537379,789314386.3119906,827340007.1819776
9221,850000000.0,872190715.389995,838926891.9974606,851140501.8992462
9233,988000000.0,1002065406.0415515,1015934490.3753958,958418812.909775
9237,988000000.0,1002065406.0415515,1015934490.3753958,958418812.909775
9241,170000000.0,182271399.34249845,205731052.2490389,175796984.11620775
9253,335000000.0,295771357.16698694,319295893.3882773,281385053.2814395
9259,579000000.0,606506053.0655231,617901959.3017471,633702431.8153769
9261,579000000.0,609582843.6158131,617577941.8098665,626509453.2032306
9262,239000000.0,206456470.870557,229816206.83031067,241903503.9618468
9272,469000000.0,513466850.1290855,504098575.0991321,492743702.05801135
9274,550000000.0,557950096.1511143,545956368.7218946,521699837.44504976
9277,225000000.0,137823491.33336544,152372804.54957926,140133357.2387094
9278,158000000.0,164962323.97816107,162436228.85082838,140967643.87079936
9284,719000000.0,740146565.0047536,729839153.8853055,823246758.5995443
9288,428000000.0,426052928.37394625,443906796.62645185,404691245.2790289
9294,650000000.0,636249885.258892,641808424.8618076,634910750.9561248
9306,670000000.0,635776500.1390145,668382803.3760104,696381423.3417373
9310,600000000.0,606184735.3543147,614640110.599654,589735227.0208659
9315,566000000.0,627379986.5565078,613032603.2034589,608573036.939364
9317,600000000.0,603897695.5693424,603828935.707077,621277448.6063684
9322,568000000.0,588861344.6392846,594177239.3002896,605762026.4536887
9331,660000000.0,671739456.6552309,658454887.5577445,658551420.2207153
9332,660000000.0,671739456.6552309,658454887.5577445,658551420.2207153
9333,690000000.0,671739456.6552309,658454887.5577445,658551420.2207153
9350,660000000.0,671739456.6552309,658454887.5577445,658551420.2207153
9351,729000000.0,681722799.6450925,705286731.060672,710169150.3734249
9353,699000000.0,681722799.6450925,705286731.060672,710169150.3734249
9354,699000000.0,681722799.6450925,705286731.060672,710169150.3734249
9355,700000000.0,683039426.4882388,697147010.2196267,685612225.8614801
9360,786000000.0,788677370.9025867,750924190.962816,755444250.2173493
9365,730000000.0,683767167.1577555,712337099.6885049,736294513.1096998
9366,695000000.0,692126372.4093586,709489588.3425114,727756551.6794486
9382,700000000.0,777863865.3750364,711730030.7019756,720538670.5599324
9387,568000000.0,541394252.3458362,548461287.5768706,548203678.0743253
9388,538000000.0,541394252.3458362,548461287.5768706,548203678.0743253
9397,625000000.0,638989446.7027172,628929114.1313988,603808421.1827661
9402,595000000.0,657888481.5765656,662286449.4875481,621932116.9917592
9403,770000000.0,749337315.1723902,697612561.4363723,690946021.8551131
9405,799000000.0,805105219.4992929,839530356.4637066,819220855.5122032
9406,775000000.0,807456711.3393046,839315812.7532665,804654126.5495657
9413,333000000.0,294177173.58950955,299320929.3085646,275406974.3014238
9415,300000000.0,290495693.91990507,292546150.6491149,282153524.6845974
9427,465000000.0,419865878.47468823,449171983.954646,477753983.33044046
9430,453000000.0,447923453.33071995,452786418.12665117,465406041.50442153
9444,475000000.0,451694648.05355144,465569831.388238,451596551.84125054
9445,475000000.0,451694648.05355144,465569831.388238,451596551.84125054
9448,570000000.0,605502706.9760685,607662434.621103,602779665.0650142
9453,545000000.0,615789743.1656857,631699044.5971565,601620702.3464912
9454,575000000.0,594039129.6549716,596688263.5169154,598790384.840332
9458,590000000.0,574789281.3014663,547399472.1381491,573253080.2404392
9466,633000000.0,650114675.0287466,631749651.1772023,651837768.7578481
9470,595000000.0,644229089.0828418,637810604.6674982,676017453.1741623
9472,688000000.0,648261160.0333406,715538517.5693512,747201951.6372498
9479,285000000.0,283276098.6297618,262780930.6595999,279340755.945734
9482,275000000.0,285087630.409561,280353249.28099537,272084651.07277936
9486,265000000.0,293238736.6702941,329042092.16161174,301023894.20025164
9490,300000000.0,295894925.65883714,299186225.0176901,320256790.66286486
9499,1098000000.0,1077493775.2969394,1110702476.160262,1063802797.4363543
9503,1199000000.0,1367930630.6023517,1268788703.7167113,1655855818.6599946
9516,440000000.0,493095998.05537236,500102195.5317018,505856754.93631715
9531,530000000.0,512630833.9822836,515599368.7619568,524650490.6017251
9537,420000000.0,421304954.8618429,453095700.2258842,409718972.89026076
9538,489000000.0,464970763.46814394,474349588.8567685,434625217.3689473
9540,168000000.0,205176569.4590702,213312423.91102418,206700878.72579652
9548,284000000.0,281426644.1676029,250020455.61781946,260223840.7522003
9553,248000000.0,261127276.25341266,255364367.82948416,278834919.8849244
9561,360000000.0,339439749.5191114,347417089.43809384,328501144.8714162
9568,368000000.0,345500323.5616051,351065421.9725681,333523297.20254797
9569,329000000.0,328669324.41312665,352117604.50227296,334212658.68584436
9570,335000000.0,331445485.5126568,352284203.43797994,335800445.3541741
9572,335000000.0,316802970.86605567,340739676.11984366,319922476.41721225
9574,369000000.0,328058721.97005874,350705359.70861155,334570074.84387136
9576,344000000.0,340357995.5901332,341790897.97576296,325433684.5153562
9579,395000000.0,371374721.7227603,383695518.68513834,372348396.67690295
9584,360000000.0,379082329.3183981,368111347.0581907,351468002.2581991
9586,330000000.0,379082329.3183981,368111347.0581907,351468002.2581991
9601,418000000.0,407651749.33972746,410715065.4504844,401085403.1951434
9610,442000000.0,453112680.6226566,419660106.27641976,407312897.2627697
9634,491000000.0,479360084.18268096,432794121.43481743,452469627.39381623
9636,468000000.0,491594421.8013115,472871724.76781046,477537945.5006512
9639,498000000.0,499151750.8782202,461107818.8048395,443023694.94228697
9646,780000000.0,797969479.5240115,783684427.8265502,837013952.6389022
9650,795000000.0,773894534.9951684,775390856.4344664,804965167.6069466
9655,759000000.0,771301100.0415206,749410372.7637848,800381268.4400878
9656,794000000.0,776822286.2745209,772437136.2865405,805675011.6964728
9658,775000000.0,771898173.5183241,742287498.9922546,799676088.430123
9663,795000000.0,789223133.0372729,788380025.6966853,832789739.2881261
9665,720000000.0,789223133.0372729,788380025.6966853,832789739.2881261
9672,799000000.0,812370394.7714285,803037500.0839407,874770290.1803513
9675,793000000.0,767074461.5868934,795570302.5894758,854501698.8513774
9676,785000000.0,767074461.5868934,795570302.5894758,854501698.8513774
9679,815000000.0,818220606.845396,837021708.3260478,918193994.9946557
9680,885000000.0,900842021.1166356,877437200.441523,896727679.430872
9681,885000000.0,900842021.1166356,877437200.441523,896727679.430872
9682,893000000.0,900842021.1166356,877437200.441523,896727679.430872
9683,885000000.0,901794927.679901,877437200.441523,896727679.430872
9686,885000000.0,897330341.6213576,898049732.8958668,955789360.3914784
9687,885000000.0,897330341.6213576,898049732.8958668,955789360.3914784
9688,885000000.0,897330341.6213576,898049732.8958668,955789360.3914784
9692,450000000.0,442003324.8136487,467209302.6115,454625563.93743366
9694,489000000.0,490044187.8357505,494974904.80346036,476594123.9416049
9711,475000000.0,509166673.9998067,512075062.67902195,504203619.88076234
9727,138000000.0,147768803.44711533,140922613.74231458,131493192.61502938
9728,185000000.0,148181580.5838543,143827376.97561145,142800572.20276365
9738,145000000.0,159959965.19871935,144358908.928279,151582475.68380648
9741,179000000.0,162513019.70710483,170441586.08436787,158615874.8362731
9749,180000000.0,212947008.7983311,186978644.73452848,194750637.72261232
9761,4999000000.0,4541540812.012725,4938388352.101088,5016996159.177687
9762,4999000000.0,4541540812.012725,4938388352.101088,5016996159.177687
9763,4999000000.0,4541540812.012725,4938388352.101088,5016996159.177687
9770,339000000.0,483612014.0366039,502778256.0644885,379652628.9433337
9771,420000000.0,582754110.6837707,549063129.0050831,359633940.83881426
9772,420000000.0,454059996.91989756,422603183.4983105,430813505.6350663
9775,1590000000.0,1865474654.1062927,2081173466.5060885,2190421036.9063363
9776,2110000000.0,1826307264.0596142,1954101053.4851303,2137391708.632657
9777,1850000000.0,1826307264.0596142,1954101053.4851303,2137391708.632657
9795,1680000000.0,1770612368.818285,1750182117.6302288,1626163294.855073
9798,2388000000.0,2304774038.097428,2280074391.0457177,2233303300.5203066
9801,410000000.0,385050972.6877539,386541171.61801064,411981611.8644622
9803,439000000.0,427512083.1611284,408776878.5792508,410084057.6760805
9813,435000000.0,434834042.67554414,443383007.8630073,429234839.41875523
9822,475000000.0,474017737.14844865,472041775.2824192,450077053.15421796
9824,465000000.0,474017737.14844865,472041775.2824192,450077053.15421796
9830,485000000.0,499718343.9261072,497430890.6231077,476620821.7446704
9831,295000000.0,265115940.8527571,289691555.3949221,289570149.7511412
9833,420000000.0,381828626.05759233,382919090.0445625,394388427.5061003
9836,415000000.0,420619621.9410139,415830778.6116353,409025298.672095
9849,330000000.0,374878821.1034534,412203036.78038913,452538076.4419956
9851,460000000.0,380762084.2050615,397254972.2297766,627558951.9793965
9855,1099000000.0,978706427.9264956,975190119.5326552,988359265.6114259
9857,1480000000.0,1542232584.9740655,1336027045.184272,1566302569.0938413
9858,1399000000.0,1233234423.9830265,1157506012.105072,1325449899.4453824
9868,3500000000.0,1676998833.0559347,2029073780.523572,1847003151.0897224
9871,435000000.0,417579540.2425654,433509585.8758241,431968658.0071737
9874,445000000.0,446328518.91503716,437194738.623717,429094471.0175131
9876,448000000.0,446328518.91503716,437194738.623717,429094471.0175131
9883,479000000.0,476178352.0768834,476450533.6648246,473637032.8692752
9923,205000000.0,238571194.90435287,229916608.53080922,235769140.16641852
9925,245000000.0,200619837.65780923,214905918.58147302,234799787.26449442
9932,250000000.0,291024087.13493514,296193385.67610383,303190802.9309409
9935,265000000.0,253754542.50376004,242166417.35447225,249816454.4325937
9946,296000000.0,306546200.4150078,289183110.1971007,288970730.83777523
9947,97000000.0,99997573.65869996,107341472.28504243,113680645.29422553
9950,220000000.0,212718841.3933897,235302042.64651474,221492716.349601
9951,295000000.0,315636658.47195315,299412288.746951,301800830.06382024
9957,375000000.0,349847510.73970425,360569602.8427998,363958442.9618277
9964,364000000.0,357736474.90121377,351200708.071924,347782974.6591287
9965,365000000.0,357736474.90121377,351200708.071924,347782974.6591287
9969,394000000.0,371371439.1546569,373628085.1665506,358044965.0285458
9970,395000000.0,370713080.50241715,373628085.1665506,357716113.8867898
9975,360000000.0,365072738.04405737,374855837.0844589,375780859.1804654
9977,380000000.0,382240704.5751667,384861646.38065195,410848606.7083382
9979,365000000.0,399402040.5596771,399344131.73653376,421497717.0681755
9980,399000000.0,410253448.93962264,419947561.9704672,422375645.58294624
9983,394000000.0,405364278.847181,403186172.13893586,423833779.2076435
9987,429000000.0,431012178.34357935,439033135.1712279,447667052.6946275
9989,410000000.0,432643696.51224077,439891459.70000595,436060442.4441373
9991,387000000.0,389699186.65973395,367160506.9845951,375410865.7092448
9992,388000000.0,389699186.65973395,367160506.9845951,375410865.7092448
10001,519000000.0,521695028.9901327,520216460.06368786,485143588.53238106
10008,320000000.0,304224939.65024865,296340307.55644745,335534119.06334597
10009,320000000.0,304224939.65024865,296340307.55644745,335534119.06334597
10010,320000000.0,304224939.65024865,296340307.55644745,335534119.06334597
10015,248000000.0,263054883.41213778,269079312.2468071,297711257.6022025
10017,235000000.0,204672755.51221082,251532414.52814302,289469686.89619255
10023,355000000.0,360134571.18745613,369602142.91997325,370779022.03714865
10040,220000000.0,186844031.28248405,182653559.8759239,192750173.30552095
10042,308000000.0,297984323.7405972,296322786.121701,311994031.6711167
10046,355000000.0,351164287.8494547,380288644.7176486,342099173.71272856
10049,625000000.0,569138331.4704257,570579334.5348907,560787534.9048033
10054,585000000.0,590849633.4367332,577892339.7346382,568982150.9667368
10060,680000000.0,648121158.5666523,662694592.4010229,646143354.6215417
10061,596000000.0,591428181.1883957,625062782.1150225,626049622.9740326
10087,265000000.0,285486370.70839906,274255619.70542735,279374586.935445
10088,260000000.0,272456771.34716517,275277566.1174607,279883532.7127645
10089,265000000.0,285486370.70839906,274255619.70542735,279374586.935445
10097,250000000.0,259759245.6082731,248365948.26146254,259682820.48373458
10099,298000000.0,303683252.0791907,306232154.28935516,303529782.2123602
10102,269000000.0,281999952.63600093,292568471.0006532,295638891.2591522
10104,359000000.0,490980575.9738353,499183510.4282093,461162019.7812462
10112,415000000.0,441614613.58712614,454345341.6816123,421147182.11814636
10117,589000000.0,575271698.948381,537140576.3566043,566762753.6975193
10119,589000000.0,575271698.948381,537140576.3566043,566762753.6975193
10120,589000000.0,575271698.948381,537140576.3566043,566762753.6975193
10134,450000000.0,451346221.1560766,446214061.9850829,457460652.6869623
10136,595000000.0,547406686.587283,526128792.2663447,525812652.11892325
10139,485000000.0,531798430.50827366,537048377.9791546,547574815.3020966
10142,516000000.0,517468398.91924757,502625802.40887356,482919514.3846841
10143,505000000.0,517468398.91924757,502625802.40887356,482919514.3846841
10144,505000000.0,517468398.91924757,502625802.40887356,482919514.3846841
10154,585000000.0,581187659.7369326,570404146.1467642,572271376.9158182
10155,585000000.0,581187659.7369326,570404146.1467642,572271376.9158182
10156,585000000.0,581187659.7369326,570404146.1467642,572271376.9158182
10191,268000000.0,256086964.35009196,248627579.6579213,235891050.42941454
10195,270000000.0,248720436.16505957,249043343.1588189,242638812.652338
10199,368000000.0,359134868.78723365,369292794.9474374,368892264.26901144
10200,368000000.0,359134868.78723365,369292794.9474374,368892264.26901144
10204,368000000.0,359134868.78723365,369292794.9474374,368892264.26901144
10206,415000000.0,388370344.574057,435722085.80602545,393024512.84945625
10207,399000000.0,392266722.1379177,464940662.07600486,385330448.0130861
10208,415000000.0,388370344.574057,435722085.80602545,393024512.84945625
10222,519000000.0,535252736.76571244,464940662.07600486,517418498.8796614
10228,560000000.0,612576391.1689743,587659360.0313609,599153869.6427464
10229,616000000.0,599816095.5828425,631603867.0134751,629488827.0502273
10240,555000000.0,588856128.5218396,595203764.3617606,455759606.8861449
10241,545000000.0,588856128.5218396,595203764.3617606,455759606.8861449
10242,516000000.0,507349114.1816457,537932084.0254823,453601783.78866416
10245,639000000.0,644444566.9781657,631665309.1292917,651455276.5188135
10247,645000000.0,665428633.0408878,625679460.0552362,666308613.0809178
10248,645000000.0,665428633.0408878,625679460.0552362,666308613.0809178
10250,999000000.0,762035821.0542088,780059079.1065601,862797429.462968
10251,999000000.0,762035821.0542088,780059079.1065601,862797429.462968
10257,848000000.0,625429221.5430285,571874784.1420696,640977568.1207064
10263,685000000.0,611351311.3139147,653986544.0000572,656390465.1496171
10269,779000000.0,648277725.2186438,686024638.5683162,668593697.7563865
10274,860000000.0,863813157.250047,865811569.172369,809644133.706642
10277,999000000.0,822081042.7604827,798123673.6302799,787680231.5474762
10278,686000000.0,672125666.0786886,622177155.6130415,655583490.0017855
10283,1289000000.0,1231786814.7918487,1160846760.52751,1145644145.417496
10284,780000000.0,883906819.4867406,719204124.2393614,803537603.1157683
10289,1228000000.0,1249246692.1760242,1225565450.023545,1158261400.7206411
10290,1195000000.0,1206533442.0558536,1227926339.891295,1154112209.4207826
10298,258000000.0,413923275.6479848,472130017.6564909,478155668.90671635
10303,1299000000.0,1243424632.538095,1155320180.961783,1127164304.804052
10312,1599000000.0,977965604.4728563,945253379.7259353,1720068621.7996075
10313,1630000000.0,977965604.4728563,945253379.7259353,1720068621.7996075
10314,1620000000.0,977965604.4728563,945253379.7259353,1720068621.7996075
10317,1750000000.0,1905444133.3871274,1797748887.5192807,1730268854.674407
10326,189000000.0,278199877.6900029,261692048.17632875,252660155.54786244
10336,1798000000.0,1766454134.8669415,1790897251.7341278,1617611581.5017586
10339,1800000000.0,1294971004.1896234,1348268611.7013314,1767783080.182163
10340,1790000000.0,1979328982.5654635,1886253940.8716028,1844535799.8658767
10351,1939000000.0,1952023585.2473304,1931732970.373127,1931852556.2662518
10381,99000000.0,156373303.2743103,141311548.93613812,154719952.77516648
10399,666000000.0,644952285.3326744,621521251.647513,616729293.3556559
10411,468000000.0,524292522.657121,503442303.80898255,546366169.0473526
10412,270000000.0,285170031.7359989,295643077.07964915,296285160.80105215
10414,450000000.0,420865680.8277229,436260122.55157715,437387204.5516875
10415,425000000.0,419056760.08334553,430328008.4679166,441016740.39014196
10416,455000000.0,483630332.1230953,490661382.41253585,452514660.5235336
10430,325000000.0,356432958.5138544,332090563.36896676,309085806.2169745
10449,220000000.0,231232498.40151983,223710733.2649194,230920395.67666405
10457,126000000.0,124405398.92619076,113449602.91996457,108199489.38936202
10459,280000000.0,272100084.4297188,272804206.6732785,274520074.83226484
10460,290000000.0,272100084.4297188,272804206.6732785,274520074.83226484
10463,250000000.0,276377079.7789345,281988395.27718395,314335673.0675114
10468,350000000.0,396968894.41235167,398321733.41883755,423980760.42487437
10469,435000000.0,476110906.9452306,477350142.84081274,479667996.40466976
10470,495000000.0,472292874.55887854,482293944.2512752,522680331.017935
10475,850000000.0,854542482.3664682,996311142.5752255,1297858029.867946
10483,310000000.0,272330440.75079393,293076719.3214414,283561647.94489425
10489,225000000.0,207635830.35850608,208010487.12216023,207664537.34783158
10493,380000000.0,344916332.3570462,319090114.82384473,338636886.4324528
10494,365000000.0,377057603.85309327,364015685.5286003,368369561.42745155
10499,225000000.0,238284841.54673314,222034588.16317168,251248917.29770818
10505,315000000.0,280159540.910983,303722721.97479475,323347480.4593033
10506,139000000.0,183117352.67167646,165255636.3841807,165596756.85101488
10511,335000000.0,323268333.86623335,314968636.17818576,325805860.76093084
10513,314000000.0,333907531.7886877,329130595.37803644,332958720.4784473
10523,300000000.0,299867224.17314714,308626310.20250887,302767068.1556363
10529,600000000.0,579395825.8042091,569546391.6243119,589735006.5392679
10540,3990000000.0,4068775142.102331,3631573358.655534,3633348030.3974876
10545,375000000.0,468380287.28780454,490962822.63693005,605088149.1792359
10555,860000000.0,844818924.3684561,848602217.246549,822391078.4655865
10557,4790000000.0,4900597430.864401,4655336624.177996,4630481331.317478
10558,1790000000.0,1821566793.3787668,1765228299.9022305,1815256146.1332572
10562,590000000.0,601712494.6047449,610813851.7102911,658800793.124799
10563,430000000.0,467067125.58337194,479022874.55411685,465889133.1312643
10566,150000000.0,153624614.4193046,150207464.513586,139405968.36621797
10568,475000000.0,527011520.60623705,549649905.0152867,593862098.6300364
10569,420000000.0,566387349.6373928,501015882.03237665,441925793.04438514
10571,300000000.0,366245794.26132184,366953275.7733939,332519647.64706093
10576,190000000.0,212185981.71566856,232548714.60500562,205014155.33558404
10578,285000000.0,263584416.34161338,268913077.7254642,260246281.7838448
10593,770000000.0,686267686.4368781,657136255.5935137,708481374.8371897
10596,135000000.0,157022402.24340102,146196580.5182279,131145146.6203852
10601,330000000.0,613816689.7382077,546477281.640732,634954600.8206004
10604,135000000.0,135768731.4908079,131442287.88208325,150677051.18158105
10607,205000000.0,219133435.82359356,325710834.59507257,244142245.28089243
10611,979000000.0,890873087.843831,988657725.585544,998647899.5750881
10617,320000000.0,352520584.53563553,339361413.7509168,355048203.33265144
10619,98000000.0,135091071.58737162,137327451.9547734,132558023.88944463
10623,205000000.0,206832566.98727658,200807818.49237806,212651006.4231216
10629,310000000.0,347753052.1777801,357271288.6663687,364908800.28434783
10638,305000000.0,310141635.93824244,316217069.72146094,319169760.8229345
10642,850000000.0,871530821.7784476,863092681.1167687,884006866.8970999
10644,848000000.0,913171021.413612,887776765.9092363,883570125.6109943
10649,1140000000.0,1274893751.724329,1263605949.8263924,1220521286.1737144
10659,248000000.0,235252364.71900877,238699085.40302902,233398380.24443063
10663,220000000.0,227684778.45948094,217653683.9029362,230058023.41898394
10664,425000000.0,433397601.2906274,435317540.7195542,450648876.12477016
10668,955000000.0,1027919307.9758632,977847994.2796819,883034572.9750304
10672,250000000.0,269560685.1563426,259938488.37538052,258536374.4511408
10674,55000000.0,63995803.22182074,56528202.25015629,48798873.47284026
10675,70000000.0,86297212.36891447,64161592.62423742,73822992.71686889
10678,510000000.0,494849981.82653356,498123028.0468503,493230466.0320619
10689,385000000.0,418283243.50680095,436568940.9584374,417159200.2546064
10698,300000000.0,302301492.15569854,297158749.99276334,313220423.65370506
10701,125000000.0,159906376.444285,178549717.43125814,153894474.24174425
10705,400000000.0,372383117.10338616,359034423.92375547,326323172.24113935
10717,916000000.0,909801805.7191831,905671729.0457124,903104833.5336887
10719,640000000.0,605896772.1386908,532850740.04427844,619134381.215103
10720,635000000.0,605896772.1386908,532850740.04427844,619134381.215103
10721,660000000.0,605896772.1386908,532850740.04427844,619134381.215103
10727,470000000.0,475053697.1966725,471107239.7713891,450545061.6827636
10729,435000000.0,428102798.3456725,413748480.30501544,409929255.13547903
10736,235000000.0,265443149.7571155,240698820.55557555,253277806.6405677
10739,420000000.0,399185099.6440802,392389489.599134,405155362.0579533
10740,420000000.0,399185099.6440802,392389489.599134,405155362.0579533
10742,425000000.0,428494288.6870388,429752202.5946511,421953757.83986616
10749,573000000.0,576779043.316999,541568235.0667156,558886333.9849845
10750,615000000.0,598427924.5894594,613880908.1001954,589428197.0727121
10751,245000000.0,246700983.03407264,259751641.47895426,256792507.37448686
10752,245000000.0,269573629.49606955,274038618.65079015,275219974.69781876
10755,430000000.0,423111883.3863649,442336440.05321646,407358935.26125073
10760,95000000.0,103103307.34997062,103099613.23023537,121840612.72100605
10764,175000000.0,188718803.33190358,170132704.26443323,183510101.64671236
10769,475000000.0,404950888.6495608,420818334.75140244,430918948.56682235
10771,180000000.0,142504271.32315454,143823810.7434393,137248102.71318078
10772,370000000.0,313497119.26842993,351419821.33249944,358707728.82799107
10774,285000000.0,275846284.96437883,282018516.496,317018805.0307724
10786,330000000.0,455097210.9661873,427085868.81536144,434325260.8550723
10789,235000000.0,243830605.76824668,238105226.57728451,234647192.40418413
10790,335000000.0,329765273.404269,359211146.78792566,365560728.93090445
10804,399000000.0,495041185.7904359,497965337.3619514,401200551.13580126
10816,650000000.0,679800878.7456037,678139557.1618241,652148556.3126593
10818,108000000.0,133481096.61587204,135850303.14862904,115224651.85306351
10828,515000000.0,490591771.1124659,476836912.0895741,476944644.68439645
10829,425000000.0,417977351.5620965,405413993.46356815,442071527.10695297
10837,295000000.0,296314569.0393673,273636966.83797646,277630310.0226192
10841,545000000.0,551731129.952635,551856958.0342878,543062418.3780671
10847,50000000.0,81490579.23721862,70907795.1623955,71485157.27982375
10852,155000000.0,145191144.36805043,145356603.50366956,141763901.12100723
10857,880000000.0,483832336.1827911,512682934.1165625,577529738.3136345
10859,3390000000.0,3402160693.5189447,3488495384.760658,3621617528.3829083
10861,565000000.0,543251652.9278282,472010264.1459468,469424020.96877426
10873,115000000.0,131776247.27574213,139583461.63964584,141099372.35775262
10883,800000000.0,793331056.6637676,838183163.2400844,795543620.9456097
10890,425000000.0,403701406.81690836,402141664.8767818,407818657.87054557
10896,1790000000.0,1793180836.5310137,1871303715.2048929,1781586718.9749138
10903,1179000000.0,1236045302.7034798,1124496218.486363,1034741308.7929357
10906,2499000000.0,2495788094.885349,2439537129.6793394,1481757500.7049446
10913,375000000.0,407593897.76784927,397850215.16597956,396103288.1576397
10916,899000000.0,962526292.446208,985985513.8915989,835811060.9043291
10918,1499000000.0,1533836404.5395007,1554662127.667593,1381496779.2619212
10924,950000000.0,958216503.6925852,948424628.6173949,850486512.685358
10936,5900000000.0,5707465013.4321575,6216211552.613922,9140949691.938974
10949,1199000000.0,1213355071.9203136,1239222324.137534,1269897512.3756728
10955,2649000000.0,2632745698.4142404,2620668037.8454275,2649067032.630202
10956,2679000000.0,2636201223.0907016,2587519298.105452,2649067032.630202
10957,2500000000.0,2618042789.9266567,2511404055.1261826,2696407581.110109
10967,1090000000.0,1096149097.4769678,1176429470.8365571,1239964060.4947035
10970,3899000000.0,4655891977.493428,4560037896.257407,4201456411.5960383
10971,2559000000.0,2211340711.9007373,2068509677.8583212,1948642376.0797305
10977,1750000000.0,1658790502.6145482,1592589655.5017047,1712535365.713135
10978,1750000000.0,1658790502.6145482,1592589655.5017047,1712535365.713135
10979,1699000000.0,1727542026.7820404,1599518315.2615657,1715083306.5693638
10981,1950000000.0,1914648010.2193182,1998724968.7301831,2023894123.1089745
10983,1100000000.0,852814027.6249481,681890546.2096808,1185821814.3784456
10987,315000000.0,327155443.8431301,381450238.6637228,343562345.0522993
10988,299000000.0,327155443.8431301,381450238.6637228,343562345.0522993
10990,4899000000.0,4587402240.598341,4496059270.296077,4571260846.752675
10991,4899000000.0,4587402240.598341,4496059270.296077,4571260846.752675
10992,4899000000.0,4587402240.598341,4496059270.296077,4571260846.752675
10993,4899000000.0,4587402240.598341,4496059270.296077,4571260846.752675
10994,4888000000.0,4587402240.598341,4496059270.296077,4571260846.752675
10997,799000000.0,751001302.8497477,1340325229.9222968,727240916.2782334
11006,385000000.0,404074083.1139439,388301341.3107727,354446653.7516655
11008,135000000.0,118216999.46029587,123247776.27268863,140160772.00642923
11009,48000000.0,46778686.71846396,39935458.332100965,46421970.84107548
11024,256000000.0,303841069.1052301,302169534.77230597,306143455.74421835
11032,215000000.0,211778951.505869,244671210.36579782,210795843.13314635
11040,506000000.0,536629359.80481315,377496941.9838181,610343355.2845403
11046,1489000000.0,1497578072.4033122,1473095700.447229,1418463581.6836245
11056,710000000.0,710155730.2614352,752344917.0183882,766810924.4258908
11057,715000000.0,713407973.1890724,774947301.1412091,783117453.7695462
11067,718000000.0,745010858.7864553,761179927.8905835,775003823.2925164
11071,775000000.0,832326874.771982,865842946.4266938,862602026.2462138
11072,780000000.0,750973292.2834238,787066873.1236295,823207836.6710079
11078,848000000.0,946702728.9745749,990651047.3473544,941816346.4118687
11080,790000000.0,874015565.1339849,923099514.7508554,926135136.1748966
11083,1085000000.0,1065804187.9980237,1024299086.7557,1035354842.2759846
11084,1099000000.0,1106801177.6485682,1072557769.6824167,1042927877.0726854
11088,1180000000.0,1125275795.4337568,1096634413.652001,1083195877.7356665
11097,1190000000.0,1167705574.809296,1150506560.00534,1206574372.1471987
11098,1210000000.0,1167705574.809296,1150506560.00534,1206574372.1471987
11110,855000000.0,888094376.4168577,925198859.4043267,921948819.6718209
11111,735000000.0,619564250.8718511,457144364.00628084,678067328.2497393
11126,1850000000.0,1785909705.5498044,1544041346.073024,1349982205.0979307
11134,285000000.0,262849923.92186671,261393235.26062766,238559751.12603173
11138,245000000.0,202373272.64178455,231060943.42705053,244966000.34889674
11142,1800000000.0,1057237158.3301573,1417397443.7656283,1471072987.480387
11144,560000000.0,620937383.8089489,663524288.554393,617321580.5951949
11146,795000000.0,821570075.2093339,824096758.6095842,882595838.6468107
11152,1070000000.0,1081407904.273639,1110539363.8808186,1092229125.164187
11155,1220000000.0,1231776114.070478,1192717187.8863857,1154927651.3020227
11157,1190000000.0,1263673516.987215,1195297467.765169,1175305834.3395033
11158,1190000000.0,1263673516.987215,1195297467.765169,1175305834.3395033
11169,745000000.0,762729791.3693144,734532888.6135018,736960546.9878942
11173,445000000.0,472309759.88294107,407478438.8625013,382936976.9473783
11177,435000000.0,445260630.48623025,452583512.5379155,451446324.2138418
11179,445000000.0,413993832.98822904,426463152.9727815,451502833.96474004
11185,485000000.0,493278608.7599245,490587454.8592104,491862296.06390655
11191,615000000.0,604189523.5527474,618939958.1054091,603458912.919269
11195,596000000.0,629426246.2080114,635634309.322364,648385855.9361196
11197,333000000.0,377169910.7089177,365106681.4536927,364392695.3781259
11199,380000000.0,382582769.2201116,404283511.38140756,388537598.6498569
11204,505000000.0,466404146.05796844,473125235.3764828,453575383.54538035
11207,450000000.0,467037081.3129416,479942902.5518886,450644827.9251363
11209,490000000.0,500883874.88146853,497233584.74487,492613600.5553911
11219,650000000.0,647394783.0826797,575237643.3975669,608086901.5460491
11220,695000000.0,652517887.9015943,601663003.6491202,638354167.3896632
11223,699000000.0,699660044.9981909,700253447.049063,694278310.3676909
11233,745000000.0,743086734.3735698,733807523.6683514,755480633.922976
11234,740000000.0,741816477.7345563,753994083.5872132,765483754.2110169
11237,770000000.0,774410653.996733,765385858.0301576,778113029.132725
11239,818000000.0,774410653.996733,765385858.0301576,778113029.132725
11242,805000000.0,796545675.7095664,775164611.5221093,788369542.3756393
11243,735000000.0,714120824.1026053,626085343.8625106,612750681.4508518
11245,230000000.0,293402514.4123654,260629052.5571523,301561312.0591425
11247,210000000.0,210886852.19282445,198461144.2453835,203261892.58820033
11249,355000000.0,371341456.13306934,364273363.7767765,339303005.54884684
11259,360000000.0,381921463.89892054,378847225.39756024,386189324.07154125
11262,165000000.0,198414642.61637875,177123404.53735,180576155.6652739
11270,390000000.0,422331281.8935078,400767974.75641894,399791454.4518467
11273,407000000.0,423380914.6987884,427258599.28524965,417955840.8996643
11275,460000000.0,456514682.8179033,482373982.42647886,447842883.76455456
11276,488000000.0,475145393.15631205,492893797.9113661,456409314.4739936
11288,185000000.0,215674197.11071903,206844943.67148802,211155701.71398354
11299,515000000.0,482245267.9005003,506132375.8542034,482972072.6794182
11305,399000000.0,428631452.0040325,402662043.7904606,427402365.61837155
11306,1115000000.0,1124958882.3932385,1130271950.5850406,1089216987.86417
11307,1115000000.0,1124958882.3932385,1130271950.5850406,1089216987.86417
11312,600000000.0,626071111.8523453,609119914.0040766,601522865.1243541
11318,700000000.0,746831585.9589394,734790719.7497588,672277235.3128823
11326,785000000.0,761780820.8629172,768101620.4299343,725417325.5080599
11341,650000000.0,634212207.9850322,673409176.5254525,671624161.1005137
11343,439000000.0,459320683.7906067,484610284.4890645,477396989.46859044
11348,688000000.0,676598060.6061966,592735163.8950135,653654027.697028
11356,369000000.0,369050732.8539677,377527183.9628037,392069267.7564389
11361,418000000.0,382201455.68651825,383527232.1419405,381147342.7117433
11368,390000000.0,401578749.66963416,398136400.375142,390011115.21620435
11374,355000000.0,338169568.2826947,333099217.9107436,339174014.83176476
11379,419000000.0,431093535.18770367,453302293.8512495,445223435.4143401
11389,235000000.0,242704067.89463025,262644635.5781226,282350447.11533636
11396,515000000.0,506835289.8036487,514990003.930179,517309161.98269325
11401,470000000.0,504702823.7070587,519664079.1137548,454912729.67511016
11412,730000000.0,715250134.7684882,670797876.6987728,662655662.9225006
11413,779000000.0,777640925.7329522,693181193.3550764,709922514.0748018
11414,779000000.0,758731172.6576495,694419820.0311015,709084609.347835
11417,698000000.0,675870856.8008815,668720721.1110867,655277613.5387826
11419,710000000.0,700008376.4109234,686973948.6980505,685690239.6690413
11421,525000000.0,531763093.37256956,562228536.6552249,539781473.2348891
11422,510000000.0,583800873.5416858,631607481.0901374,601047594.1994524
11431,375000000.0,622227154.8819671,554083441.4111315,388659055.1418135
11433,295000000.0,314702220.31343925,334288142.96245444,288064208.9508498
11450,285000000.0,289086279.7621209,280497663.93836164,285071345.32538545
11451,299000000.0,281956841.9576089,288361333.1100126,291014189.3881721
11455,310000000.0,324795595.7368895,323732612.73821545,320399731.35021263
11457,180000000.0,167896487.54986462,190125372.8542988,192860970.510173
11462,395000000.0,423733550.246522,421056788.5263516,464544841.51634055
11469,475000000.0,466166066.2403598,466058489.8457921,505669489.5592273
11471,438000000.0,458087567.37000316,466914431.3324248,511006677.79600376
11477,345000000.0,377438519.9087802,356685729.8704498,335119239.0088699
11482,589000000.0,574479743.8845938,581076640.3819401,551551776.3530693
11484,575000000.0,574469646.2630719,573622673.1958961,545707622.0899127
11485,599000000.0,612422051.7813811,606060460.5970011,601076611.7377269
11487,645000000.0,625532190.531807,583877432.6608322,591325253.1396097
11490,1115000000.0,1095366810.2188406,1098174959.5302696,1118235522.3682604
11501,835000000.0,895798033.2824453,897825371.8216518,882424681.0666968
11522,1035000000.0,1047318505.0236216,1024920550.364692,1048954324.3651313
11524,1030000000.0,1068413700.5008624,1032949250.8592418,1083925709.600605
11531,848000000.0,789881930.1396794,838550946.6335114,836987811.5357143
11539,1010000000.0,1022849278.6827987,981536635.5360255,974536352.854323
11552,1239000000.0,1210729618.4018176,1192387369.0093224,1167763035.169391
11563,795000000.0,786622777.2987802,812791752.4568422,790820850.1437638
11564,775000000.0,801895141.3735396,804573703.4088333,787448889.2501615
11566,799000000.0,794380608.677009,815493715.9941399,810338386.8298948
11569,715000000.0,709164841.7279739,682547667.1484424,701760268.2463441
11571,839000000.0,808528314.1506127,827880979.8696207,845891264.5048943
11573,1025000000.0,1061972859.567793,1082185019.2108943,1072623088.0641401
11581,385000000.0,372845135.9390952,391041653.6848202,422403700.2124028
11598,875000000.0,908693643.7657713,896728351.8680393,886993616.0763061
11610,535000000.0,547250558.5806061,579728278.643809,576676887.9723588
11615,595000000.0,614130961.1097262,643227560.020212,612865315.09799
11616,755000000.0,741857083.1235672,710518799.5654961,764383464.3720249
11618,745000000.0,740123172.5525619,711580719.4625769,764383464.3720249
11620,839000000.0,777881739.4261973,810981497.2680347,814381706.6785246
11625,635000000.0,635767737.3064957,614517027.9625083,654871726.5604886
11637,520000000.0,515648779.02870446,521132104.83454037,502111904.5273022
11638,590000000.0,592777403.1856011,597798936.168209,571235629.8794738
11642,470000000.0,473448410.97308695,477524985.6972336,457078573.75253487
11655,965000000.0,1076965579.738134,1063906629.2160853,1102273990.5080285
11668,995000000.0,997270810.7908952,980043810.1280088,956862138.1828221
11670,1069000000.0,1106129604.4131052,1102128289.4406655,1140557407.867571
11671,1080000000.0,1106129604.4131052,1102128289.4406655,1140557407.867571
11680,1330000000.0,1203813237.1682334,1196378604.833099,1191814554.345166
11686,1329000000.0,1238579529.8057199,1259902187.5451555,1240683853.514055
11689,1430000000.0,1446600539.2211108,1419190978.878886,1374364371.9749365
11692,1590000000.0,1446600539.2211108,1419190978.878886,1374364371.9749365
11695,1395000000.0,1416823581.0865788,1428473360.169769,1354914959.2530801
11697,1450000000.0,1416823581.0865788,1428473360.169769,1354914959.2530801
11698,1440000000.0,1446600539.2211108,1419190978.878886,1374364371.9749365
11705,398000000.0,344197269.318116,350528809.97124213,356174014.7444999
11706,379000000.0,359125050.41711575,370365697.4179236,367745173.63645095
11708,399000000.0,384331121.7458543,375999402.16044694,371913318.5351307
11709,399000000.0,344197269.318116,350528809.97124213,356174014.7444999
11719,319000000.0,309373120.80286306,303650896.6339474,295167376.1975604
11720,388000000.0,382082707.02285486,427480318.05512995,409137087.89457834
11722,415000000.0,397532458.5851626,401124345.4892656,411275372.5305737
11725,455000000.0,484154333.60224974,532446393.3497843,481216057.21467704
11726,459000000.0,484154333.60224974,532446393.3497843,481216057.21467704
11733,455000000.0,485259188.7434088,497153925.7112209,497200315.3954912
11744,520000000.0,515593464.7580923,547721143.7581477,558885506.299601
11752,239000000.0,211916279.6865103,199151654.21485,180871841.90158042
11760,225000000.0,199977395.1344788,203029994.7346756,215892761.2991779
11771,165000000.0,179039315.74989358,180435734.9181057,170535805.24608767
11772,375000000.0,384492296.1681622,390583223.1605942,348744812.8019294
11773,479000000.0,476249766.4868427,451739194.4581005,450359570.42789817
11775,28000000.0,43872722.504866615,58404976.897039175,47235485.51281991
11787,515000000.0,548702416.6925474,520912481.4113527,507167355.75115436
11788,499000000.0,525602586.08223486,508732015.55464816,493375331.392496
11789,499000000.0,531566200.6622833,508661186.44567364,492036074.21719456
11791,565000000.0,559894815.8756617,591578607.8430066,585868289.3262048
11798,569000000.0,567466141.1796997,572838740.7893298,585549565.5952191
11802,470000000.0,478193028.8831652,479595169.57668537,437617994.8387012
11809,520000000.0,523172129.76386005,519239036.5678466,480467247.1957333
11830,445000000.0,444946228.2910992,459247057.4643135,473444445.82241625
11835,448000000.0,462179142.04765147,465376286.76079226,470974315.742918
11837,525000000.0,491800214.0179137,509836477.15265584,512995892.73295665
11844,479000000.0,513294838.1317805,504306300.09988946,566222847.9528348
11847,458000000.0,493451229.85995144,486882027.12965894,473734841.49664104
11849,265000000.0,295990981.43644994,258121834.16493976,256185751.43777296
11852,455000000.0,449685567.52027607,436341675.9880509,391096148.0720127
11855,1080000000.0,1031966107.4553169,982746778.554992,965979589.2680441
11860,1040000000.0,1085154291.8639092,1087801522.2854269,1106855186.0674934
11874,870000000.0,872533769.7920694,881836314.618863,861203948.4534894
11877,250000000.0,194590173.5639461,209104411.97659937,207413095.84271526
11885,865000000.0,849308313.1119542,858752673.677605,863494478.4632264
11898,3390000000.0,2466422039.9277973,2983486935.3495045,3316276521.932155
11908,1849000000.0,1662539825.318763,1678808534.9247642,1882432481.3168974
11909,1850000000.0,1662539825.318763,1678808534.9247642,1882432481.3168974
11917,5680000000.0,5750255609.594389,5396866368.157324,5083087944.305149
11921,11200000000.0,11181125963.400043,10631829786.788166,8706338305.395407
11927,2199000000.0,2244305876.3295197,2187742309.4475574,2318869575.829494
11936,1799000000.0,1652081704.8585808,1459765317.7510605,1580629636.8684103
11944,2298000000.0,2231606289.728116,2022586190.4197307,2121851445.8721135
11952,1499000000.0,1983582096.8254712,1996450341.6132596,1948852655.2444808
11955,3879000000.0,2852736191.1195583,3287831644.4500027,3381163646.026515
11967,960000000.0,682182359.2247661,622617580.3686343,1349359961.3201182
11973,3290000000.0,4043398174.5306296,4463692145.042976,4132553459.8207574
11976,2089000000.0,1770575285.549599,1629150729.533884,1676897142.7773807
11977,2089000000.0,1650211450.616418,1563971222.4785073,1688085143.296133
11978,2099000000.0,1650211450.616418,1563971222.4785073,1688085143.296133
11983,1068000000.0,1116122932.6127117,1065966270.5288427,1073276373.8617717
11984,999000000.0,1116122932.6127117,1065966270.5288427,1073276373.8617717
11985,1429000000.0,1436380971.0147488,1431042237.3614228,1381342845.217551
11986,1469000000.0,1436380971.0147488,1431042237.3614228,1381342845.217551
11996,2299000000.0,2018621933.6813424,2172999676.1524897,2509493376.5308294
11998,3989000000.0,4006173888.6396947,4292027635.2475514,4553962396.135929
12003,5950000000.0,6076165063.03967,6708135724.37766,7017237665.449877
12007,500000000.0,440375575.6003177,467606024.25721073,386871548.1865865
12009,1069000000.0,848640196.9266059,788432657.4982537,985346894.3974978
12016,7550000000.0,7176902978.586676,7893780222.942419,6125019352.202332
12019,1250000000.0,1075738877.5918238,1012672706.0230632,1092277842.362706
12022,7750000000.0,7766930775.637448,7840092575.7049055,7810746180.933504
12026,1680000000.0,1627008898.980947,1758725344.879099,1795965927.7223923
12028,2170000000.0,2442858773.6622853,2217938626.2391677,2292779105.5602307
12040,6290000000.0,6699720159.133115,6145560220.146789,6257456554.945051
12041,6960000000.0,6890697488.894646,6800815578.695336,6716906576.636778
12053,5700000000.0,5753215920.963858,5722034905.920972,5399301424.212344
12063,7290000000.0,7192181927.426574,7136157639.632838,6966370884.799665
12070,7750000000.0,7472777604.6116,7410401901.925906,6547464757.053468
12076,8590000000.0,7343950736.650516,6796847449.7574215,6817804070.382152
12080,1290000000.0,1382817453.6069665,1383035261.9246287,1312685185.9691164
12081,1235000000.0,1407284034.551454,1383956206.1264694,1294410009.0930338
12089,1580000000.0,1484981304.9393473,1217861722.8031297,1114163942.3892837
12098,2390000000.0,2378018158.1876945,2305482000.991553,2301381017.068951
12100,2390000000.0,2378018158.1876945,2305482000.991553,2301381017.068951
12101,2580000000.0,2483497146.9178753,2529113013.2601156,2395296471.459011
12132,2469000000.0,2458419457.792699,2705151737.9016056,2676705369.611898
12133,2450000000.0,2458419457.792699,2705151737.9016056,2676705369.611898
12134,2480000000.0,2439683824.251275,2764969413.3904357,2587921215.1284337
12141,1100000000.0,1193053607.0644088,1347738962.3926208,1177784121.4232025
12147,2860000000.0,3146835355.2860336,3396659457.276789,3462296504.1277676
12148,2995000000.0,3000911147.7845936,3364439612.165665,3466040710.6886306
12149,2995000000.0,3007828732.159628,3239736817.4252605,3389129766.127638
12151,2990000000.0,2878886444.5916357,3033430907.084658,3364469669.0790205
12165,2890000000.0,2581152483.185024,2823690564.3361526,3144006713.448282
12166,4490000000.0,4440107765.518095,3879454618.437449,4032284311.4888983
12175,395000000.0,375516935.94119096,373378744.74538946,418602176.63816637
12188,326000000.0,328025298.63736886,322621224.6995865,310515982.8959973
12190,355000000.0,346169898.61964023,349111617.2839185,321861285.54598284
12192,389000000.0,402354436.6127754,392322885.55574656,359314240.1770559
12193,370000000.0,385412861.4744341,385697184.3382521,353677777.9214933
12196,455000000.0,456005556.31925,463400180.90189004,408095327.4278786
12207,475000000.0,473786079.5478244,473791686.42474014,478237068.6315011
12212,560000000.0,538062483.8557268,550586900.7426325,532803575.2111239
12216,552000000.0,531091465.78097355,547275240.5226197,551748889.3680935
12226,620000000.0,569491233.6647961,555495048.1131155,601666146.2295413
12230,470000000.0,466450884.41954446,467212867.14920354,424195224.50790256
12237,555000000.0,540079074.993996,520380204.4642463,480398238.6707139
12246,358000000.0,349180250.32736653,341079748.3038813,337932348.8739215
12247,369000000.0,354224833.4843198,358526658.8823495,355112110.8155765
12251,562000000.0,618422736.0265325,611629920.8507981,565960797.4056079
12252,58000000.0,69206275.48783128,69428437.18402372,65984027.90306209
12261,380000000.0,388365384.6807381,383840450.5932756,357426400.57594067
12262,385000000.0,383151797.46479154,373860477.72970766,355590216.0086873
12263,425000000.0,401968834.0647199,447284307.1723289,422930265.06434953
12264,529000000.0,525389381.9956756,526864880.29213196,487442429.5923826
12266,515000000.0,520986834.05354893,520479468.5778524,486074475.8410271
12267,555000000.0,569108955.9040514,568829869.184132,513081109.3713581
12268,550000000.0,556660330.39826,567697218.4125769,514842757.2789669
12269,389000000.0,412478842.7472527,432802376.40631986,380683231.67801213
12270,389000000.0,412478842.7472527,432802376.40631986,380683231.67801213
12274,579000000.0,604280653.6007185,582853765.8698156,556943770.4773662
12276,420000000.0,446340916.25347614,456908131.03777516,429525276.0373736
12277,395000000.0,449454037.84060776,464625953.23607546,431505957.79193383
12278,465000000.0,440287919.7948378,454206707.64165384,435305807.73009914
12281,450000000.0,478918229.70855826,467556973.0058829,468459671.85775405
12283,499000000.0,543075582.5874743,531911461.6486865,534332764.5677036
12287,540000000.0,523420053.1713196,547131208.9126781,552357070.7116207
12288,559000000.0,523420053.1713196,547131208.9126781,552357070.7116207
12293,630000000.0,589481790.9979185,620140543.850317,619415766.9788635
12294,630000000.0,589481790.9979185,620140543.850317,619415766.9788635
12299,623000000.0,618693764.9955572,617780580.1157303,626702258.368354
12311,658000000.0,641421394.284453,652491399.2991141,654674951.2232139
12315,699000000.0,699372662.2128673,704122725.4820647,731804577.6007107
12316,699000000.0,699372662.2128673,704122725.4820647,731804577.6007107
12317,690000000.0,699372662.2128673,704122725.4820647,731804577.6007107
12324,765000000.0,747394312.5947745,719871115.0127224,723357008.4640514
12325,766000000.0,753815083.9573779,718566532.5793147,718398952.4677972
12326,790000000.0,766391277.4631792,732757156.4198861,750635628.8489594
12327,770000000.0,779178625.6388283,759034241.2839125,789493617.12614
12328,775000000.0,731033371.9418991,722308267.3377491,729137779.97901
12329,790000000.0,780382758.0802006,774385828.663952,770083476.3778394
12335,690000000.0,713975224.3818328,684056882.9114729,738102208.0881416
12340,815000000.0,782306577.5696232,769546038.8610972,758558063.9144721
12341,735000000.0,762159891.0463027,751041646.6346947,779203856.1858232
12344,848000000.0,1001771768.5077817,899932461.2148172,862443626.7469667
12351,288000000.0,343425117.0000374,346001258.23126984,347215923.95981175
12353,629000000.0,723979431.7956855,714146431.6605643,775207257.6467851
12355,255000000.0,267085552.40268406,265863295.8723049,297654777.8677688
12356,450000000.0,493300994.12267286,474610228.4490229,493035095.60411096
12358,479000000.0,493300994.12267286,474610228.4490229,493035095.60411096
12360,479000000.0,539411273.002341,563341680.5158049,579593414.2579064
12362,415000000.0,499873467.43865544,508858174.0059432,541431091.3687509
12368,540000000.0,611031282.9439107,602946218.2125782,588701807.4998151
12369,540000000.0,611031282.9439107,602946218.2125782,588701807.4998151
12370,640000000.0,630453672.4285164,650882965.0283734,711187933.6605207
12373,595000000.0,630453672.4285164,650882965.0283734,711187933.6605207
12374,789000000.0,659374741.9377162,649515073.2309505,673098757.5027072
12376,820000000.0,696936843.5923556,718285623.3380005,697314952.4551262
12387,1229000000.0,1257779561.2481284,1266967734.8298523,1243245639.686567
12396,760000000.0,761791746.2544814,736332585.9790021,792909269.9947021
12403,989000000.0,918035118.6053311,959401216.2292055,1186922415.5513318
12404,880000000.0,925124267.282082,954232874.9978341,1181218664.6438837
12405,899000000.0,926862510.2699869,970147646.4915053,1191714527.6636665
12420,255000000.0,302551513.0676461,284022856.51643795,352138699.9560338
12422,575000000.0,620714658.6257507,615075200.0561721,632501928.7220606
12424,650000000.0,643356682.2644151,641666438.8886213,634924892.4574672
12425,645000000.0,642224014.75219,651275384.8689408,666517275.9450414
12426,670000000.0,642224014.75219,651275384.8689408,666517275.9450414
12428,679000000.0,728014690.8208035,707383014.5096519,695334965.8137096
12429,679000000.0,710485177.8444893,679313730.3514899,673559744.3099014
12430,660000000.0,728014690.8208035,707383014.5096519,695334965.8137096
12437,879000000.0,884028524.0402069,857551266.3521563,894345718.8595858
12450,1485000000.0,1410898415.402086,1391314025.8494341,1372707501.6442118
12452,1520000000.0,1444368745.9352558,1363727122.0602517,1344854245.1630821
12454,1739000000.0,1726168522.7942004,1695532460.1074677,1829616094.1506221
12458,1079000000.0,1087306110.9341533,1127165375.5650246,1017536482.4714696
12459,1239000000.0,1232962542.8453236,1349681169.5852454,1139224034.0078444
12460,1239000000.0,1232962542.8453236,1349681169.5852454,1139224034.0078444
12462,405000000.0,463527225.14384204,526803584.04238576,531842560.7884455
12467,979000000.0,972369459.5936904,1030919976.4054421,903936151.049428
12478,1450000000.0,1408225633.6942708,1449303461.7846818,1339848722.6285934
12482,1090000000.0,1052787332.5097378,1063967508.1835274,987110330.5761925
12483,1090000000.0,1052787332.5097378,1063967508.1835274,987110330.5761925
12485,450000000.0,462826737.91422194,474165055.75142676,428253147.54409987
12490,360000000.0,290535976.5718806,280524950.6142169,315807436.4228072
12493,1269000000.0,1339199044.9966795,1331201713.078446,1131170118.852128
12494,1279000000.0,1264402434.7566428,1325844934.9260042,1131170118.852128
12495,1289000000.0,1339199044.9966795,1331201713.078446,1131170118.852128
12497,1535000000.0,1548021115.1532378,1450642013.7937577,1282660989.620073
12502,2989000000.0,2880508186.1351132,2886118420.2712297,2908259092.4393134
12508,2986000000.0,2284830575.9312954,2623618829.1339645,2619240259.8316164
12509,3250000000.0,2429469442.993538,2798554656.215227,2679234617.3299656
12519,6990000000.0,7224947468.015544,7329965628.515517,7093832278.09653
12522,7379000000.0,7580336515.084917,7297420885.519817,6609712046.616672
12523,6900000000.0,6975818606.445545,7396478657.515806,6927363319.573396
12529,545000000.0,737765122.6722933,765034113.1809053,546439199.0760744
12531,1150000000.0,1144146636.6852818,1117195507.6313949,1545407656.0468667
12532,950000000.0,1397519361.823943,1313563914.9006202,1007019288.6370244
12533,545000000.0,432110501.17246866,439494779.18879086,427645890.5710948
12534,760000000.0,769794927.0079334,728726356.9265249,802210762.3905
12536,920000000.0,865093726.4666463,908412118.5186311,919267088.7511739
12539,1090000000.0,1083494206.6640856,1005888854.2427126,977941862.8534993
12542,990000000.0,982403666.1182934,1013557728.6451515,1020771003.831142
12550,1099000000.0,997580247.0616703,1004108070.9167855,1003151032.84863
12551,970000000.0,959933201.5004361,904011463.3667438,966502320.9319444
12558,1139000000.0,1149114127.195232,1122753842.2209523,1149175652.21348
12559,1139000000.0,1149114127.195232,1122753842.2209523,1149175652.21348
12560,1155000000.0,1149114127.195232,1122753842.2209523,1149175652.21348
12595,715000000.0,701887970.0737071,733853712.8056707,701834654.849125
12597,765000000.0,704405984.123895,743771323.7912886,731279826.027723
12602,850000000.0,856915359.5327975,856532862.0709217,875261327.719194
12608,789000000.0,782461098.1344353,733352785.923068,699848737.1710308
12611,710000000.0,783561182.9889562,715276527.5123887,706108897.4000819
12612,695000000.0,783351801.5947196,784150931.5595334,746989428.326599
12619,856000000.0,895667785.3794701,962924762.8274766,1000645583.9529046
12620,945000000.0,929575120.7390141,896254703.51509,927196404.8318824
12622,935000000.0,929575120.7390141,896254703.51509,927196404.8318824
12623,899000000.0,927488608.0109316,896635996.4499946,927991580.7252809
12624,965000000.0,929575120.7390141,896254703.51509,927196404.8318824
12628,1199000000.0,1233613983.0275156,1298527892.6967762,1333710856.3580577
12629,979000000.0,935104833.9345163,905414378.287661,1008782103.220367
12632,1239000000.0,1210168631.6296291,1391396293.6296813,1411332377.0907338
12647,1679000000.0,1647190013.6418746,1636054329.113531,1627835176.7171907
12648,1489000000.0,1383973466.6785765,1451898721.3784568,1493273551.28597
12651,2299000000.0,2156797235.0949817,2206386031.6845746,2212192796.692209
12654,2079000000.0,2085220924.6118562,2003996647.0425642,1934126942.87065
12655,2079000000.0,2085220924.6118562,2003996647.0425642,1934126942.87065
12657,1999000000.0,2153772993.6571393,1970404160.156118,1844370910.998421
12663,2650000000.0,2383157910.204127,2379006150.88207,2469147347.773426
12664,2529000000.0,2561866670.917696,2517595724.0533853,2443659921.3376393
12683,470000000.0,451576700.1833212,472437193.6822571,417492118.31258464
12687,258000000.0,251095166.63966388,231527689.38494578,249102032.05076006
12688,255000000.0,334184497.56473756,328048851.4660368,281550006.21547353
12692,460000000.0,471116381.1900764,478374612.42214954,483539829.00178075
12696,1660000000.0,1396944482.0974371,1140306312.598393,1309586595.3115885
12697,960000000.0,1186750676.2676654,1176456397.4784434,1454849850.5607836
12713,3879000000.0,3878917871.31586,3828761969.2917743,3863919955.436381
12720,5050000000.0,4868879295.1804085,4795880965.113759,5087792786.645207
12724,6388000000.0,6396857828.647705,6313693185.318731,5837224923.986225
12729,6600000000.0,6636312941.342498,7512082179.410298,6635123830.022523
12732,255000000.0,314236597.6841595,297785140.2728819,264165805.87733352
12734,899000000.0,912858859.6797128,841688444.4476136,865927006.7342819
12742,1099000000.0,1188372690.508134,1224770930.2741096,1289959542.3782728
12743,1095000000.0,1122479808.8239696,1126862280.79849,1196622976.462939
12744,1099000000.0,1209915179.2395937,1325121881.4789836,1335154165.2521548
12756,4099000000.0,4076261838.3146243,3901761319.181134,3945760863.051968
12757,3350000000.0,3387462195.7719445,3377369300.719992,3408497192.551591
12761,2750000000.0,2768352854.172778,2384907793.7300344,2708804442.688532
12763,2799000000.0,2770164915.6201396,2479296888.745096,2617203092.8318133
12766,3799000000.0,3819291376.24002,3739334103.592117,3884354087.246215
12769,3669000000.0,3655637502.3720326,3492776387.93875,3583429534.0707154
12770,3669000000.0,3655637502.3720326,3492776387.93875,3583429534.0707154
12785,4199000000.0,3340627573.4981666,3298214033.987359,3489049749.6829257
12796,2099000000.0,2005424543.2761083,2099205288.570043,1963789429.360711
12802,1680000000.0,1489336194.4303768,1232269198.41088,1300311377.631544
12803,1899000000.0,1777203765.038967,1735092085.0378058,1617787010.9093194
12804,1899000000.0,1777203765.038967,1735092085.0378058,1617787010.9093194
12806,1880000000.0,1985750374.7769399,1976758305.6736832,1858959255.082779
12807,2190000000.0,1985750374.7769399,1976758305.6736832,1858959255.082779
12815,2439000000.0,2300805015.737743,2180260805.0780325,2112651559.9253387
12816,2350000000.0,2242983102.818475,2180298232.0564785,2072094404.7700503
12818,240000000.0,390456593.4657155,318548905.99012446,405920047.50549793
12836,295000000.0,276203286.019703,284355131.59067595,281887918.52084637
12838,275000000.0,272515348.36032647,284129055.5653034,275341016.6333719
12840,260000000.0,268191113.00743392,280673201.0843387,283374620.0843451
12841,260000000.0,268191113.00743392,280673201.0843387,283374620.0843451
12842,360000000.0,362694201.32453686,362419516.9936674,340120002.2529464
12850,390000000.0,407836792.17521673,392269760.0999871,380787569.0200609
12855,680000000.0,638639144.4912198,630995792.0817997,588338493.3875628
12857,555000000.0,633547951.8602333,589023921.332741,592098052.6509037
12858,390000000.0,390271657.49325687,439390846.0287081,344156243.8251881
12860,515000000.0,513882548.1097192,491053665.4554451,487544145.7451415
12863,399000000.0,423330818.7125639,426192372.14145994,368481607.9341596
12865,425000000.0,418348679.35995626,433020364.6106339,435264277.0219867
12868,379000000.0,374919480.9687227,383188687.82202584,410334119.2775576
12869,383000000.0,378821618.15246856,378344633.82764274,406814838.7380444
12873,415000000.0,396875396.40352625,394838457.80664736,416678473.7546977
12890,989000000.0,930457679.4466292,1045938961.0104185,1329296072.6051946
12900,305000000.0,310494479.14151293,317217442.305937,327245724.39311594
12908,168000000.0,117472228.94769154,96933330.55232899,96549765.80865622
12913,630000000.0,648990981.8860066,671190781.4638047,641429982.3471353
12914,683000000.0,678627663.9307233,680378323.6187773,673965688.0127251
12915,549000000.0,508781392.2920094,512404318.2982392,490461485.41288656
12925,870000000.0,927093092.2673571,967898309.417483,961789250.6682264
12927,390000000.0,354675660.0637013,364593110.3259052,312338213.3027386
12941,568000000.0,557227093.7269983,557662812.2823994,529566002.4015254
12942,515000000.0,533812757.88357615,514762168.751205,483625156.846463
12943,264000000.0,214234440.82825083,224991910.8540029,224093475.42496642
12944,540000000.0,560025578.4598478,562382978.5435178,549749005.111975
12948,385000000.0,375725351.7923178,369791120.534211,376718610.5420398
12949,389000000.0,375725351.7923178,369791120.534211,376718610.5420398
12950,395000000.0,362646891.8088197,371635179.34166706,384907137.31976384
12960,395000000.0,411850353.1882652,420303350.5673436,425724929.0678261
12963,419000000.0,422294683.7991943,406620533.44257164,451857876.9023813
12969,350000000.0,347691002.79988796,374076604.10499585,355252017.95873237
12971,475000000.0,467308964.89622647,472005762.7267418,495775353.3310263
12972,465000000.0,467308964.89622647,472005762.7267418,495775353.3310263
12973,460000000.0,467308964.89622647,472005762.7267418,495775353.3310263
12979,525000000.0,570000550.123524,566925709.2190166,562586744.1516699
12981,310000000.0,334411180.04855496,345089756.9928253,349390962.1329197
12985,455000000.0,429505996.8374881,436961313.7795328,430673155.2339226
13021,640000000.0,644797491.2343458,660051817.7750329,676960194.3284984
13022,640000000.0,644797491.2343458,660051817.7750329,676960194.3284984
13023,635000000.0,637905522.786416,663094133.5171074,681867817.3344231
13037,795000000.0,779468730.3404831,795332101.7571757,808472693.7821759
13038,510000000.0,533539267.3484642,532938151.77663076,501319176.1628231
13040,745000000.0,762858831.2736163,747450392.1249108,734713917.6144973
13041,810000000.0,798433726.1870309,782820932.9458957,742877654.0885563
13044,780000000.0,784608957.3278484,774653216.1157748,754089959.4657896
13048,4790000000.0,4251721659.6094475,4458867420.100302,4284686591.4837384
13057,2399000000.0,2579650728.7288613,2623578796.1930833,2595300175.4396343
13058,2399000000.0,2579650728.7288613,2623578796.1930833,2595300175.4396343
13061,420000000.0,417171675.0676982,411434050.5779708,472676265.1317071
13062,999000000.0,952042395.7575843,972606250.3957868,786298671.5060401
13063,1150000000.0,1165462383.3812106,1089128138.4604084,964736226.667984
13072,480000000.0,488395903.8392114,565846494.082766,516803714.5341129
13074,1290000000.0,1241204197.666733,1186663098.4261138,1291163647.0535734
13077,1548000000.0,1585237073.7630508,1505994085.8424847,1447493436.2551596
13084,2339000000.0,2442853282.7782516,2368691935.0030317,2453318531.4547
13089,2299000000.0,2354821234.957573,2411791785.219324,2531831130.8365483
13095,3990000000.0,3303799415.7373295,3215162695.5942316,3213053946.1002545
13101,7199000000.0,7666353003.275818,7289449812.293815,6578260437.677148
13103,4100000000.0,4567540211.701255,4631000005.142828,4344864468.061048
13115,3969000000.0,3597673905.2668557,3459532625.232749,3649802581.613997
13118,295000000.0,292877476.48870444,315166947.73260367,251958626.2238288
13130,655000000.0,651565725.7737272,653401784.205843,873052102.5815091
13132,285000000.0,274338884.1528855,281841062.82960457,306929725.5231318
13135,160000000.0,162167871.17274305,161446276.5691588,163206760.97195226
13139,240000000.0,235431076.22947967,247772140.0815419,224287621.96175003
13143,445000000.0,407741734.67718846,398118934.9050621,377555761.20845413
13154,4450000000.0,2781271195.5320673,2642179534.470473,2446604891.3520684
13155,4450000000.0,2781271195.5320673,2642179534.470473,2446604891.3520684
13172,480000000.0,481262480.9633545,476561414.95282924,443522225.36777055
13179,939000000.0,937978815.0264959,925565984.9946527,792572723.627174
13184,1155000000.0,1155405618.061896,1081662926.8492193,927357048.2028128
13185,1155000000.0,1151515499.638545,1061800335.7134473,927388753.3147005
13186,229000000.0,248003980.84307,237384222.42722377,269199322.7921205
13189,280000000.0,287744829.08962715,293538256.9278669,303468656.8751226
13190,293000000.0,305162033.1948029,299555093.6969724,308232859.07683945
13201,1415000000.0,1362913227.0185244,1309961053.8938725,1325577598.0137682
13202,390000000.0,394076743.0336065,412424809.0195718,395559474.2587727
13206,590000000.0,528248557.54003197,512530409.85433304,545243290.5261256
13208,779000000.0,680206936.6251657,666166989.6837823,712414790.9528079
13218,1060000000.0,1052778758.1548669,991480892.6534634,966412400.6892396
13221,1075000000.0,1043825339.6354648,1006176682.5248367,1027538232.9233592
13240,640000000.0,643368389.3511071,641329959.699633,738548071.4113004
13246,595000000.0,571342253.3268898,601493185.6148293,609555840.4437546
13248,595000000.0,634380880.0658786,628009703.5185956,623644150.3967314
13253,610000000.0,569612351.9611449,594745295.5457444,578404993.3352757
13272,755000000.0,775942141.2753679,741565791.5342208,730101120.4706407
13275,720000000.0,708693803.9461211,717755620.8040655,711503121.1158707
13281,799000000.0,707237393.5051472,750749473.8354712,717254780.9698509
13282,745000000.0,709351024.0529197,741011544.3557819,786215654.5092258
13288,850000000.0,812316019.9366088,844765171.5440967,798601352.3555388
13293,540000000.0,537176034.0885723,544745606.1452326,544123647.1524248
13298,890000000.0,897978155.0903174,902510875.3341544,865398626.11416
13306,419000000.0,489780475.3865493,470531611.0811536,483752114.390457
13310,415000000.0,399396798.9849922,404425420.4488452,422192410.42564726
13311,380000000.0,436408784.6878897,428285013.5376024,441333666.4888849
13313,385000000.0,417412033.4069827,420391542.9712991,428585614.07531905
13315,370000000.0,417412033.4069827,420391542.9712991,428585614.07531905
13325,629000000.0,644229089.0828418,637810604.6674982,676017453.1741623
13332,875000000.0,926858666.2237252,972854865.4588565,999620013.0231241
13334,845000000.0,821142673.9653628,809982864.0299951,1024498382.5458875
13339,1125000000.0,1015279990.6479927,1065494679.597118,1021353668.6439863
13356,375000000.0,414871611.9350974,392315402.6618963,388801864.5453347
13357,425000000.0,417139422.01446253,412395704.4443579,409440716.60982114
13370,825000000.0,820106680.5233415,831969749.5603887,855816057.465099
13371,945000000.0,912905608.9891145,924801892.3144846,953463970.5293818
13375,980000000.0,974670650.312911,972760235.8180971,1030514388.3808948
13380,458000000.0,538740836.5121171,523920696.9872313,521874797.66128725
13394,4599000000.0,4555849864.998551,4303725530.486371,4226340697.1201878
13402,4350000000.0,4602762072.406967,4953642755.811897,4953469973.253683
13408,4999000000.0,4541540812.012725,4938388352.101088,5016996159.177687
13409,4999000000.0,4541540812.012725,4938388352.101088,5016996159.177687
13411,4880000000.0,4899725608.782247,4942449708.612393,4921210229.157713
13412,4888000000.0,4981245107.512581,5124084892.676904,5133749391.348828
13413,4790000000.0,4899725608.782247,4942449708.612393,4921210229.157713
13414,4880000000.0,4899725608.782247,4942449708.612393,4921210229.157713
13416,4880000000.0,4899725608.782247,4942449708.612393,4921210229.157713
13425,3950000000.0,4009417832.515037,4132943834.4122868,3797110222.173106
13427,3890000000.0,3981260012.0771465,4036064801.720378,3901817249.895967
13428,3990000000.0,4009417832.515037,4132943834.4122868,3797110222.173106
13435,2998000000.0,2140015610.5492547,2334924031.9778795,2544354015.616365
13438,1460000000.0,1360444028.5991433,1420390638.7820957,1396081534.927325
13445,2599000000.0,2633856889.0354195,2559799202.866755,2433025621.224337
13449,2690000000.0,2948578073.1746955,2863756786.127573,2730809528.594808
13451,2950000000.0,2977992824.907225,2879613543.160577,2908109168.397536
13457,2890000000.0,2786725119.974838,2805422166.643768,2756697514.9290586
13458,4850000000.0,3591408861.72886,3540127799.091243,3730118436.80652
13467,789000000.0,633085417.9285611,661657669.005796,718740793.400932
13469,1180000000.0,1107532373.497617,1239898506.4462426,1251674655.814063
13473,1146000000.0,1125433908.6661227,1197645736.0531788,1306091217.5943177
13481,1790000000.0,1797990214.3205926,1732043476.1001854,1603797687.0502567
13482,1599000000.0,1825806859.8975549,1710572058.0378578,1588166664.9694605
13487,1720000000.0,1822454155.3473856,1671759601.5058296,1584664048.379493
13488,1720000000.0,1822454155.3473856,1671759601.5058296,1584664048.379493
13490,1699000000.0,1822454155.3473856,1671759601.5058296,1584664048.379493
13491,1750000000.0,1754729923.1112995,1755484530.681323,1632782315.1407752
13492,1730000000.0,1821566793.3787668,1765228299.9022305,1815256146.1332572
13494,1780000000.0,1821566793.3787668,1765228299.9022305,1815256146.1332572
13495,2068000000.0,1966257446.8780384,1869619797.4157732,2075881767.5839398
13498,2200000000.0,2356972999.3182516,2228463327.3988633,2259696750.8662796
13504,2390000000.0,2428212344.875859,2389388065.7834673,2332286810.1745443
13508,465000000.0,449261131.76189667,455195398.9671795,437273266.5461115
13515,468000000.0,459771708.88960344,460940745.33982587,443261603.3386948
13523,510000000.0,509355301.13830084,521319006.6969175,489943324.2744059
13527,475000000.0,465708672.64253443,449427361.34101075,480606123.4078364
13531,495000000.0,475575817.7568603,496756769.4155103,519148543.3345079
13534,555000000.0,543824447.985587,553814015.2118102,557766606.9637295
13549,385000000.0,367941314.1176127,377016995.1516131,398029746.10547453
13561,285000000.0,294647699.87279654,292876665.81607354,316465849.93547094
13570,235000000.0,227126558.7039775,228584279.46774554,223936771.38020012
13571,240000000.0,217498191.0762991,222167606.1661378,205505587.69024208
13590,230000000.0,107818129.54127285,102804280.08681989,117164162.54150094
13609,298000000.0,295344139.73248905,294611263.3554896,298263903.4810928
13612,305000000.0,297355154.37120694,305352027.4352712,300150610.5137133
13614,293000000.0,303347677.0818856,293014118.0662517,297850832.11730236
13616,619000000.0,625919079.3418227,617802968.6573926,697423011.0289555
13622,585000000.0,618251858.3224453,635079283.4688216,703177131.3743923
13623,599000000.0,577505076.8436273,711080076.8645079,689443931.9108833
13631,435000000.0,417561595.5822317,464479752.63589615,470967059.35264057
13636,515000000.0,513345361.44821036,516077536.2394688,538792153.7204819
13645,480000000.0,481278364.7201969,471224966.59200424,479559842.2614705
13653,525000000.0,554629052.4882567,549563945.0699062,593780096.0791936
13662,202000000.0,209032435.8416232,215531926.8579734,224699825.72958052
13687,259000000.0,255545164.58831653,248724813.65883392,237921386.93055245
13694,270000000.0,253559083.2536809,252448982.77772057,239020992.15748206
13702,369000000.0,354054661.5977765,372091241.6872352,392317385.8047644
13706,330000000.0,329765273.404269,359211146.78792566,365560728.93090445
13711,365000000.0,383298329.9621422,387940083.95874584,377584850.8456819
13714,399000000.0,363497557.02932394,412497186.05617785,375961556.49550825
13730,545000000.0,553028410.1229763,458750665.5391251,517103143.30308264
13733,595000000.0,610008050.9868783,591049649.8878112,599742165.4176373
13734,600000000.0,612391168.0005804,628571738.7531078,602458482.5396909
13752,605000000.0,684483796.7809561,641021777.3342011,666361641.6618465
13754,620000000.0,584205903.0008391,576146825.1292182,607492943.5235878
13755,615000000.0,584205903.0008391,576146825.1292182,607492943.5235878
13765,610000000.0,600506007.9564824,631076433.6749171,641633058.2075487
13793,639000000.0,601228018.4264008,626544070.4348863,600605508.4752302
13802,760000000.0,695336069.4655435,675414576.8829384,660405857.1798435
13804,580000000.0,744236854.5040911,681756597.2584064,676423076.000724
13805,580000000.0,732886525.0102638,711565790.0615356,696366613.5378729
13806,655000000.0,743017998.3047259,636002978.570274,670253430.9459312
13809,639000000.0,724953567.1205693,678279263.995075,686193922.3210672
13821,635000000.0,697844139.941382,672259313.5918335,628467028.3056589
13824,829000000.0,829252428.0533664,853683526.1436658,771302332.792325
13832,915000000.0,944907052.9367454,911259865.6456869,861389489.8472598
13839,1070000000.0,1124186434.1080432,1107535609.7037868,1036195023.4168108
13843,899000000.0,1112774502.0223265,1127186874.7434554,1017957799.5183784
13844,1160000000.0,1166088926.3000252,1148561757.6132457,1074149754.208401
13846,1199000000.0,1206533442.0558536,1227926339.891295,1154112209.4207826
13848,1270000000.0,1171672604.1749575,1138135594.6164515,1083082212.237429
13866,1655000000.0,1721153962.3603022,1665343669.8901577,1650653549.5811913
13870,1560000000.0,1829344127.543764,1795946172.7478209,1700943469.5262024
13872,1839000000.0,1724800672.763619,1732175625.5715444,1749822617.6770425
13878,1890000000.0,1888759986.8677137,1911260673.244353,1914812436.9174478
13885,1999000000.0,1888759986.8677137,1911260673.244353,1914812436.9174478
13887,1939000000.0,1952023585.2473304,1931732970.373127,1931852556.2662518
13888,1939000000.0,1952023585.2473304,1931732970.373127,1931852556.2662518
13894,939000000.0,1002085179.2462488,1046244235.9997153,1189175696.381771
13902,1529000000.0,1723361316.5019484,1814037666.6109068,1726029817.3356829
13904,2100000000.0,2110141178.2223814,2207800489.5980306,2315711310.303162
13914,1489000000.0,1476566763.652706,1407225809.7501574,1424074077.7740037
13916,30000000.0,69649067.28506981,86713655.88830192,47056019.06156485
13919,379000000.0,405655596.74910486,414797025.4766265,392707145.4831734
13925,95000000.0,92657585.39105372,85493614.2131506,79032312.2070731
13945,335000000.0,347946542.6079752,300131574.5408956,307249926.0414718
13953,520000000.0,363539995.3479841,377898205.27666795,424754050.0606709
13959,315000000.0,308524983.9310212,330393568.1196341,351029089.9960989
13961,340000000.0,339542925.7557977,332527905.70643306,345582730.72917163
13964,440000000.0,428004755.0630618,436602249.79603547,431984480.99574405
13971,473000000.0,417067639.5023299,421217439.5845289,415186537.9765894
13975,610000000.0,630675250.4349644,669233662.124913,664796863.2868868
13988,397000000.0,400796119.91399187,393093638.79268855,388044902.97289366
13997,235000000.0,259020788.39244655,276954412.8346446,249428052.74314165
14007,540000000.0,577929959.5119823,599229329.1058656,500501155.84507036
14008,545000000.0,577929959.5119823,599229329.1058656,500501155.84507036
14009,709000000.0,675870856.8008815,668720721.1110867,655277613.5387826
14012,479000000.0,499095942.76852816,489625541.89158756,486825638.8515731
14016,280000000.0,289293383.87874055,301131599.34772664,292995436.5792565
14020,415000000.0,401942080.478648,430775569.1679919,433096304.3418897
14024,330000000.0,398335118.3036732,410245308.2067225,426071754.73475397
14025,225000000.0,235279297.3514321,235528348.1309868,248119920.3072694
14026,250000000.0,220311008.82076472,219995551.76423585,237888570.40862918
14029,275000000.0,271276501.7216402,273372480.74509764,276477423.52677155
14035,161000000.0,198622473.84665155,204402375.65587917,210762056.65160337
14038,469000000.0,434636498.29111034,428324225.9967517,463286691.82743716
14045,555000000.0,587654064.1652236,527142309.85213876,513772256.110039
14052,1030000000.0,992711065.3363159,997088673.7072852,1007340971.6740016
14053,970000000.0,990934046.3899016,990159894.7414312,960494751.2053995
14061,415000000.0,414349543.5868455,412175520.17734575,393129965.15744334
14062,413000000.0,414349543.5868455,412175520.17734575,393129965.15744334
14066,379000000.0,382082707.02285486,427480318.05512995,409137087.89457834
14067,519000000.0,504588013.8670244,498459474.993358,556088509.4740769
14069,240000000.0,266999125.3896767,266785266.41013888,278291616.02001494
14072,130000000.0,138559416.2199766,150137575.26486087,158909503.2841266
14075,135000000.0,138791222.83515596,126055053.38917002,127472260.6663271
14078,252000000.0,272100084.4297188,272804206.6732785,274520074.83226484
14081,340000000.0,371592726.76116115,373098969.3846119,378259851.65861
14084,585000000.0,561309025.4382672,591157884.2200382,603938561.9990507
14098,799000000.0,809158644.1723285,750093931.2360547,763841296.4261309
14099,839000000.0,811505718.6254873,834999802.1938725,850382490.8006546
14104,2500000000.0,2378018158.1876945,2305482000.991553,2301381017.068951
14108,365000000.0,360005615.67870957,354662085.59931135,432072852.95754004
14112,329000000.0,332626736.8036414,327303235.7880747,313588001.8223672
14113,325000000.0,332626736.8036414,327303235.7880747,313588001.8223672
14117,495000000.0,539910761.5700577,506619156.7209394,507090923.1829523
14120,535000000.0,564917503.0408926,550944071.3416766,532701527.54862756
14126,415000000.0,409174843.6044432,434716816.7127776,408714683.7151363
14128,320000000.0,307453003.5901941,296942316.8508086,315075420.94753015
14129,320000000.0,307453003.5901941,296942316.8508086,315075420.94753015
14132,450000000.0,491731390.5145745,510592620.0215936,481383483.37753254
14138,489000000.0,464764250.23052955,464564809.20583445,471136275.84607404
14146,720000000.0,758053272.2476635,721044651.1168351,729267798.2534263
14149,720000000.0,758053272.2476635,721044651.1168351,729267798.2534263
14151,1320000000.0,1257779561.2481284,1266967734.8298523,1243245639.686567
14158,1850000000.0,1789210379.995694,1845530979.663577,1946604049.837894
14159,2100000000.0,1893013745.6659858,1832650437.8977888,1807853610.294912
14162,2299000000.0,2331214232.393978,2292401927.857824,2402879305.797902
14166,1150000000.0,1318871112.3023572,1126542077.7350404,1218960828.904111
14176,2999000000.0,3493624779.487197,3075786731.179701,3155254704.8865232
14177,285000000.0,282961463.07810354,279744317.7613541,325146790.79506505
14178,285000000.0,277896237.5300695,286131476.61732656,295342036.57703316
14179,285000000.0,277896237.5300695,286131476.61732656,295342036.57703316
14180,270000000.0,277870627.3956116,282288137.0222197,276320477.53947073
14181,270000000.0,277870627.3956116,282288137.0222197,276320477.53947073
14182,290000000.0,286449862.819424,310250556.0664438,291266262.66486293
14185,374000000.0,350047412.56074077,346478066.7745566,348383955.5926484
14195,155000000.0,147965002.87575892,141055995.94920054,159100141.76824695
14205,175000000.0,184966687.0921155,179839271.86362344,187868227.4057876
14206,215000000.0,254402649.14214838,208291574.82251024,238099484.73682857
14212,629000000.0,646273065.0182886,623242544.4835453,617016205.7554215
14222,395000000.0,440125208.27637666,416596857.9844838,414991867.0198767
14223,475000000.0,520769732.76456624,544781973.0517112,511981095.4321575
14235,99000000.0,164241122.1283369,138207994.84884906,88515108.84926596
14244,680000000.0,705673675.6301748,682400573.2317479,697479905.9194748
14252,295000000.0,336486936.4265779,339299927.6712728,350942102.4993979
14254,355000000.0,356735812.3365968,334012811.46827215,320700997.550285
14260,110000000.0,108413414.21369411,139405730.3580038,58777536.12076143
14261,285000000.0,250857115.84567505,260531637.1152786,272252174.28882855
14283,495000000.0,498484757.82567716,500971925.8105833,477925484.8373444
14285,230000000.0,227227917.7083693,232230019.67110574,245052508.67219192
14290,445000000.0,428592997.74298024,428508082.2616761,426051609.03055847
14302,259000000.0,263340622.24535957,265769500.0324307,263416191.8406086
14303,275000000.0,270700782.2224775,266081435.7330574,262019552.26190573
14305,200000000.0,251181048.00502068,248817339.82689545,243014703.6465295
14307,248000000.0,256512617.71218887,272941609.1055766,271002033.18829685
14309,475000000.0,532977690.4753228,537213321.8007063,539197822.3981708
14312,245000000.0,243289020.63742664,237024991.57937324,233209495.43215606
14313,395000000.0,379464520.55956495,442944314.0119876,385819293.2459066
14315,575000000.0,525165167.7453526,423329252.9559862,532938090.8527395
14317,735000000.0,761506514.1517953,793497164.2913467,868544705.1325986
14322,2699000000.0,2687859585.5650897,2878762342.8125477,2214001918.4790673
14323,280000000.0,280006009.5860975,319693823.7554234,269969206.9016459
14325,1550000000.0,1957580176.5231686,1824290840.7098067,1462199864.809565
14327,3000000000.0,3333176865.59229,2526721490.158638,2756777946.957427
14335,79000000.0,69425689.060137,63398002.737968646,72053007.63422762
14341,240000000.0,247032898.1364973,229267623.0675943,231862255.48209974
14354,750000000.0,733280277.2043248,728656863.4791591,741619644.4453768
14369,339000000.0,339812760.2472211,328902167.5704002,320604825.84286374
14374,269000000.0,263337676.43839,250934864.7040832,241313785.7775194
14381,408000000.0,416811795.26104724,406684910.6092065,420382560.7510987
14383,920000000.0,922254244.297056,949137633.2033858,898936167.2500663
14389,800000000.0,606525906.4714912,715204224.2364372,814781961.0140177
14396,210000000.0,225733415.3234839,192185708.98573372,228349397.49289578
14399,280000000.0,285444700.5475846,269989261.04596925,264282353.85692474
14404,289000000.0,321338088.91079646,330187564.9075146,312044126.43324757
14415,770000000.0,783789553.8568956,792311486.0460328,737251962.6483436
14418,620000000.0,650033550.9039153,697401029.6450667,589204126.7847779
14423,2599000000.0,2404194491.6265626,2388267209.329946,2786788947.8631544
14428,495000000.0,564917503.0408926,550944071.3416766,532701527.54862756
14433,530000000.0,461726813.58177894,470808112.3811109,418542492.3612199
14434,300000000.0,254855548.2276289,253504724.1913508,306457604.8694467
14447,225000000.0,208049889.97836202,184491412.23207814,189121092.1407501
14453,585000000.0,621501116.5990942,610252562.9039912,672624439.2307737
14455,396000000.0,448494205.6754487,433285566.3659655,424516738.98321164
14459,550000000.0,511770479.72408247,502993112.00575423,522009027.7993556
14467,525000000.0,550186414.1407187,564877064.8452016,551938341.5615783
14469,165000000.0,203301860.1075389,212436627.19984207,209229586.16876653
14475,79000000.0,102530022.50285254,96184859.86040537,95348999.63427144
14481,650000000.0,545284696.4308113,546455393.3024402,554403136.1697558
14485,345000000.0,362829138.6775658,341648810.177962,376031836.8593357
14499,370000000.0,351471687.9557279,345577173.6849233,325099728.3602258
14500,400000000.0,392701297.59262997,397919275.5141585,360622635.82520306
14501,415000000.0,406743688.89363986,412124422.78778684,394773032.7582163
14512,370000000.0,379082329.3183981,368111347.0581907,351468002.2581991
14514,272000000.0,292411768.7192918,300352050.86894816,312069446.5644465
14515,415000000.0,515362269.4316793,509683827.57173884,515221381.7238002
14524,520000000.0,457388113.3660713,482329821.79084915,428510307.32591474
14528,225000000.0,219383584.89211813,222883200.4737794,224713669.63292357
14531,265000000.0,253754542.50376004,242166417.35447225,249816454.4325937
14533,279000000.0,280025420.9599455,282447016.17488754,271191815.97566926
14535,195000000.0,202486434.69661194,202241155.98755664,197448803.9091678
14540,330000000.0,324555315.2086501,310096737.6559687,307532677.3434493
14545,265000000.0,204672755.51221082,251532414.52814302,289469686.89619255
14556,1350000000.0,1469189479.9903514,1464559352.3351135,1646753433.215353
14557,145000000.0,128325955.25476864,127944678.33502614,157296911.20381448
14565,260000000.0,215563274.8408713,234796337.03243804,270409642.6899316
14567,295000000.0,266141564.26801258,259446631.54107636,259601653.82714084
14577,575000000.0,521692327.4290306,566472815.0489893,547504400.595334
14590,245000000.0,199519447.15306035,214300121.27148303,224961326.61992055
14593,82000000.0,81199251.55500534,88786774.80492476,116071844.3207504
14611,889000000.0,912303462.8578866,822656641.2651482,611435299.3769338
14617,350000000.0,241242350.28848973,227845600.694063,285634440.7485524
14619,670000000.0,718214853.6665895,718818759.3052365,721192046.6802294
14622,295000000.0,294177173.58950955,299320929.3085646,275406974.3014238
14625,468000000.0,509437247.48972756,511458156.5916116,508369794.43212205
14626,420000000.0,436272785.70213944,437582666.12489337,410828192.49567914
14627,525000000.0,532679637.1865458,548084818.3620993,550800901.4908491
14630,425000000.0,457654442.756976,467719307.7167157,479115519.3663865
14632,450000000.0,466254112.7289838,480485136.343049,508356350.19178087
14634,550000000.0,1016866835.5292829,946196781.3995227,891271543.9548626
14640,165000000.0,138642289.98887464,135724432.14559826,112977618.96905814
14642,170000000.0,173721599.61472306,177444978.2157933,155429907.77530777
14644,195000000.0,256567437.95214525,222352014.37757295,229011568.31156373
14647,85000000.0,90068787.66701609,81795925.8719511,76415799.97478887
14648,39000000.0,54479026.44818182,63765335.85190824,58137875.30974363
14650,110000000.0,119382372.4656456,106587016.45260178,92531364.50966822
14651,120000000.0,108181804.06497295,105826155.56183659,106645798.39734755
14652,102000000.0,58958022.64557997,63087752.72674243,54368886.91713426
14660,78000000.0,44752723.44199548,39359759.57269946,42316930.315045975
14661,54000000.0,41901351.4236343,36689709.17367004,42583855.05934886
14671,129000000.0,137802960.68389568,149901224.2528298,146348903.71544322
14679,850000000.0,699989720.5014106,770178917.5648907,765848349.2187701
14693,1100000000.0,1082015874.9175875,1070889742.9310381,1040815740.1917108
14697,530000000.0,551234554.2538755,540425955.3216254,590405352.3665013
14712,480000000.0,508050795.3077603,465685286.21929336,457706995.65336716
14723,635000000.0,630458707.5835087,631766520.938132,633000531.9403274
14733,447000000.0,468860851.06486726,480313790.25297755,453899667.27207434
14740,500000000.0,500750888.6651292,509429189.27620125,478578281.262772
14743,365000000.0,365593429.4079394,347071360.6191749,356294615.3866462
14744,370000000.0,374503693.8983215,371967773.0328687,373512578.90190226
14745,495000000.0,490307854.2961136,456367260.4160668,451467460.0964539
14751,575000000.0,577663192.9492385,580120950.6689028,620683537.1621952
14756,330000000.0,353205773.77029043,330846975.2905384,357387744.98704356
14760,365000000.0,342478335.1734054,354896219.477388,369645208.9479196
14761,485000000.0,483854499.1607622,489905788.04595625,459986348.0190113
14770,640000000.0,629523611.8826926,598134252.2051544,599409865.9585696
14794,395000000.0,369400526.0643591,362869806.9970202,362106062.37091434
14802,333000000.0,335021247.5590043,310765218.41444004,283150396.4270534
14804,220000000.0,216903848.4013309,239087757.36260563,221341414.9830698
14808,440000000.0,433331201.6603333,449382788.3888817,445382764.7443068
14810,222000000.0,219752990.39122686,225652894.14575896,223358560.81411228
14824,285000000.0,275663641.3631092,274322061.5898857,252480349.70084456
14830,105000000.0,74765669.98708715,75959867.55836894,80820830.28779909
14832,74000000.0,91639758.62098135,89313817.70076789,88099499.0751147
14835,362000000.0,359790024.829331,368211061.12909013,375039668.50535524
14836,315000000.0,325397274.45249516,327112885.33953786,332951379.9448453
14837,310000000.0,250065888.37832943,223462961.15204403,235313135.60823804
14843,170000000.0,132636385.3292844,133211794.46597722,143962235.6014838
14856,175000000.0,159722896.77238,145698849.7604383,153637309.972418
14862,185000000.0,191356533.96342722,174233404.9982787,186496092.32735595
14863,185000000.0,191356533.96342722,174233404.9982787,186496092.32735595
14871,179000000.0,198622473.84665155,204402375.65587917,210762056.65160337
14872,190000000.0,198622473.84665155,204402375.65587917,210762056.65160337
14873,170000000.0,198622473.84665155,204402375.65587917,210762056.65160337
14880,570000000.0,575415411.8994367,524348571.7649925,502308022.56399405
14881,675000000.0,710694502.4704794,717107003.2137272,697108698.3465221
14882,930000000.0,926417366.5852408,902276794.9031242,913654836.8119996
14897,490000000.0,473359834.6666749,472045376.68910396,463496500.26997006
14898,540000000.0,502363150.1033856,503364530.3776157,493973472.75658804
14899,185000000.0,234800323.744209,188989019.38765174,163972567.20558518
14902,430000000.0,379132574.48632413,419097775.35920346,396648370.1236039
14914,420000000.0,421935663.85184085,417227448.9487299,398094710.2100672
14923,305000000.0,336224999.73471373,351960482.58634907,336790054.47746074
14927,255000000.0,174175739.09091988,175370322.60402313,153900066.3953973
14928,239000000.0,256445799.44265586,245913839.52306056,244060816.71310037
14930,305000000.0,281610050.6530734,290266770.2224073,302878988.4522843
14937,175000000.0,197436961.25849894,179711029.5542668,153813000.6146822
14941,90000000.0,81490579.23721862,70907795.1623955,71485157.27982375
14943,100000000.0,110177260.11942877,117200781.1695712,110390160.213556
14948,165000000.0,166227009.2575567,159596112.45043266,167601021.60303336
14949,168000000.0,181254348.39430293,179842359.0358418,186380567.3776103
14950,138000000.0,190974385.34319475,191775228.43962264,187670903.95278
14967,285000000.0,245058849.05958113,266611804.1190694,239251433.4790222
14968,285000000.0,245058849.05958113,266611804.1190694,239251433.4790222
14985,280000000.0,284633337.2504674,288213969.2773375,332516934.06542104
14986,290000000.0,303993755.991691,292705778.60950047,331968103.9090017
14987,330000000.0,321990889.692687,324776583.4001874,370292148.79314923
15001,395000000.0,468176551.86840105,469033435.05093765,448473133.5210738
15003,695000000.0,721288747.1140754,708363231.1191684,809182350.2310971
15005,295000000.0,245146143.6527256,263303213.65710595,245744084.16364792
15013,405000000.0,415714567.21423644,413107388.3020518,449346513.3462231
15015,315000000.0,312630818.75136733,302598060.9353061,295503296.0957944
15016,365000000.0,372642272.0660372,357267200.0443287,327562388.40704995
15017,425000000.0,363554713.1074423,372210491.689594,340886267.7172625
15018,388000000.0,394021707.3708527,394757884.9072189,362412247.8119407
15024,568000000.0,563040142.1118715,554706264.238584,552127756.4080017
15030,300000000.0,398133434.48783135,377365201.63190734,407824363.3782027
15035,439000000.0,845271996.5353677,913081464.4042642,528088047.5972198
15036,600000000.0,609404720.8148408,654744142.3420836,698475933.870907
15050,400000000.0,544606495.8031948,523778815.6832784,536876018.54294
15054,800000000.0,804243839.2943308,745188466.1096517,763872507.9123136
15059,690000000.0,753395890.5675625,753554144.331251,806139920.7664185
15067,450000000.0,496958437.2401481,508908646.1459774,450744374.60479176
15078,445000000.0,449651165.01673365,440298575.76763415,429568095.0677162
15079,448000000.0,449651165.01673365,440298575.76763415,429568095.0677162
15080,395000000.0,448494205.6754487,433285566.3659655,424516738.98321164
15083,420000000.0,427681699.2403068,444630454.85122013,438069925.4418051
15084,328000000.0,307978326.1950761,315144105.4969543,316858918.92671186
15086,328000000.0,307978326.1950761,315144105.4969543,316858918.92671186
15095,445000000.0,429969902.11936855,420106988.52032024,442560906.66904515
15097,495000000.0,443209884.76667917,440032438.71726865,462809996.29244024
15108,575000000.0,562585967.8092238,582146039.595263,567436241.7724608
15113,335000000.0,340341636.9197232,347232922.81646776,364882665.8291175
15115,190000000.0,204527552.2999663,200218847.71200252,199331483.73648405
15120,680000000.0,605970531.6221787,619420622.1027234,591817449.2694923
15133,410000000.0,426052928.37394625,444226111.6715751,404691245.2790289
15139,770000000.0,778669420.9506755,802924164.3189447,749365545.9825059
15144,710000000.0,711102456.799247,748220638.9038147,698255889.4733642
15145,735000000.0,705047550.787287,717532506.8254458,679417896.7154468
15148,670000000.0,604048717.8323933,564918008.1939267,554308814.1619211
15151,670000000.0,606723609.5315268,596778179.6021454,605554371.7057351
15159,420000000.0,347520218.21943074,342026972.4806104,322835262.30268764
15166,465000000.0,447923453.33071995,452786418.12665117,465406041.50442153
15167,480000000.0,460499283.58839977,465679956.9046126,489599591.0469274
15168,565000000.0,603075786.6767825,595344553.3851223,586896721.0307864
15169,650000000.0,713091784.4370385,705772525.4830209,715869441.1294383
15172,500000000.0,490760005.2525049,492178885.32338965,467873035.7779441
15187,395000000.0,385325428.33455557,382867237.9810509,366378459.99705756
15188,355000000.0,379082329.3183981,368111347.0581907,351468002.2581991
15193,430000000.0,386215682.5124204,393772763.5476996,399868381.9616045
15202,550000000.0,534754426.57267976,533371356.26184213,523222141.88658535
15210,455000000.0,487105129.2365041,474705288.920749,450496377.3289906
15212,420000000.0,448877400.9124979,438779479.53209627,396008103.5417414
15218,495000000.0,468117781.39858025,471119819.85987294,488124441.0149587
15223,185000000.0,176679409.47975585,176590763.83904672,171390867.678648
15241,390000000.0,358689359.3486024,371695435.4435503,351052495.974712
15242,395000000.0,384223249.9431515,381150602.270061,391181575.5537789
15252,250000000.0,256055452.46650025,272838550.7952853,297571253.75860405
15266,325000000.0,309451786.52466077,315541676.3434152,310023035.5983203
15269,300000000.0,304192543.9972428,316276785.84286064,306300183.6966186
15272,235000000.0,229295457.3220121,224702429.08169618,225854517.43395898
15274,630000000.0,567648555.368441,554912616.1668893,602046308.1346583
15276,250000000.0,367952015.44589186,298302450.96248794,291109344.9210776
15287,1489000000.0,1454386450.3212152,1447753503.7428098,1467574215.9840689
15289,1489000000.0,1454386450.3212152,1447753503.7428098,1467574215.9840689
15302,125000000.0,136191898.78145283,141505744.13080767,134143256.94279957
15304,239000000.0,415572243.45520943,430126962.9884658,347762779.00135857
15316,215000000.0,285682822.23593265,253282884.76476517,256644231.90729403
15318,150000000.0,167419109.8756957,170452964.66764832,179316855.69526908
15322,799000000.0,778081594.5956129,820732049.8263634,821785926.3220857
15326,599000000.0,596216583.1633141,604454639.446002,609741344.3687518
15329,460000000.0,427821642.0642241,413055387.54744166,413430675.0506844
15342,335000000.0,325952334.3900802,324633519.1571321,341910888.48672664
15353,498000000.0,493307737.29214174,477960549.79109335,510604469.12533945
15359,489000000.0,494207264.5388567,470848523.8998722,471413923.9533362
15366,809000000.0,744799435.8501472,737181358.3380316,728272632.6693411
15367,615000000.0,625816421.1688222,664034510.1981856,660925000.6967564
15368,455000000.0,445491570.2240123,453669900.1689613,485609203.62833375
15375,335000000.0,326791465.85850203,336628011.9257944,344011307.4313273
15388,339000000.0,331514021.9013332,333677239.5799879,321603404.0012799
15399,258000000.0,231592600.257529,248604818.16502538,257427960.91506872
15401,539000000.0,543245377.7333038,557561773.9832247,570737107.0493139
15409,315000000.0,343845368.50319517,345676058.2525496,353660696.1575551
15410,450000000.0,396393951.3676872,369085064.2123306,376306637.8510299
15422,385000000.0,378724384.6357912,380150854.51107115,371362240.5493996
15423,398000000.0,387470396.09628874,389592171.42063206,372051571.9187206
15431,333000000.0,303864315.62288773,299755706.7987591,299958852.40421575
15436,215000000.0,187955587.0982745,219086465.8205975,198592766.59160724
15441,455000000.0,411454760.5484308,421096142.3678297,461421007.0256801
15452,929000000.0,891258258.0109533,892350255.718248,900016218.0385755
15454,889000000.0,826914541.9074312,858665867.206071,868993347.7467128
15459,929000000.0,950536873.0181321,946812393.5311921,927406380.8598363
15463,760000000.0,794160102.4030819,803457288.027277,811657976.1122885
15464,379000000.0,410393734.8133667,389728180.2776714,409432117.5036547
15470,848000000.0,847567600.7359039,867535698.4734458,848592190.915666
15475,629000000.0,659897275.4159071,686694911.7339453,740121433.0528947
15480,552000000.0,502363150.1033856,503364530.3776157,493973472.75658804
15511,289000000.0,319616313.00249517,320508289.431647,337644367.95208484
15512,259000000.0,319616313.00249517,320508289.431647,337644367.95208484
15516,454000000.0,479483037.29861766,473296725.2550724,493636920.8491791
15518,520000000.0,531042497.65502167,549132252.1732597,532935458.4147672
15531,148000000.0,164318807.9418092,169357939.53110352,177302551.05248603
15537,160000000.0,148034606.25133643,146007643.86711246,154147399.93630475
15542,386000000.0,372305354.7358835,395916097.92376775,351595129.19288415
15557,535000000.0,569730937.9559082,545793945.5421913,583675114.2707955
15562,595000000.0,564104657.852595,550365361.317182,516360031.17517173
15575,475000000.0,479799635.4485671,472298444.2854476,457767809.7678989
15576,469000000.0,486871863.84593976,472830237.7508084,460056191.9977917
15577,465000000.0,486871863.84593976,472830237.7508084,460056191.9977917
15578,499000000.0,464050116.2689476,483940615.0595463,476026371.8399753
15587,539000000.0,540629362.8394101,533752989.6517034,519367507.5825715
15592,850000000.0,907562994.0351697,905184724.2810689,946494543.1576165
15598,535000000.0,767227519.7363273,650531726.4445126,638438455.4732945
15603,1799000000.0,1771369243.3585682,1713475020.8422449,1670988492.8154209
15606,2999000000.0,3007828732.159628,3239736817.4252605,3389129766.127638
15607,2999000000.0,3007828732.159628,3239736817.4252605,3389129766.127638
15623,410000000.0,434724982.58555686,436357489.1329002,385044339.57607985
15631,519000000.0,494990910.54238135,488548090.0995007,490276739.59066635
15634,520000000.0,494990910.54238135,488548090.0995007,490276739.59066635
15640,550000000.0,563040142.1118715,554706264.238584,552127756.4080017
15644,608000000.0,573175512.3124958,573468426.0604454,601799995.8001385
15654,525000000.0,437500462.9909343,467244058.0141848,431138446.8964993
15659,381000000.0,435719630.4674682,408032961.8923531,380333421.3676317
15663,395000000.0,427550457.178243,437874046.4178748,383632940.6896074
15668,489000000.0,544287706.4195607,554605761.611824,549614036.266889
15669,610000000.0,582555950.24425,582743717.4320276,612898532.3054533
15674,710000000.0,697380085.6387815,715331100.86252,727138884.8065507
15675,699000000.0,704526636.2196646,708715954.8706437,734583687.3346126
15680,689000000.0,626479833.2873527,648453007.7567658,666709613.596558
15681,650000000.0,645136388.00078,668315240.3225343,666131823.6216941
15682,689000000.0,626479833.2873527,648453007.7567658,666709613.596558
15683,730000000.0,728377379.83141,705652727.9219195,744142226.3621085
15684,733000000.0,727445056.6717774,699884910.8834279,712575690.950569
15686,825000000.0,1022018623.6181906,952172979.4873432,1044540083.7423904
15690,389000000.0,368709568.7373524,352315785.5069499,407941903.5536979
15691,1239000000.0,1232962542.8453236,1349681169.5852454,1139224034.0078444
15692,1239000000.0,1232962542.8453236,1349681169.5852454,1139224034.0078444
15693,2279000000.0,2331214232.393978,2292401927.857824,2402879305.797902
15697,777000000.0,792958647.742251,771175543.6372159,781342794.3656174
15732,265000000.0,249167097.5407413,265910966.98127773,243001296.92268318
15740,439000000.0,416274589.34202045,413425050.1187339,409861635.5734664
15741,488000000.0,520769732.76456624,544781973.0517112,511981095.4321575
15753,389000000.0,376557533.9070144,391927983.8746878,384797832.7517817
15756,265000000.0,242914069.10841745,234853219.4078026,226007249.68423665
15766,225000000.0,226461237.29092038,247259912.46285725,286441055.3204696
15769,215000000.0,192240917.55535844,196901684.38065088,190280714.74585158
15772,395000000.0,350989643.4187547,375519210.54502887,363417046.09464395
15773,402000000.0,388978555.6806187,426443631.4856681,434389532.3282779
15786,368000000.0,371247078.4251062,345206279.2073343,379131612.41318035
15788,599000000.0,568687647.5924481,567114972.6752076,530006265.6051171
15797,960000000.0,938225249.2308849,954203754.5658362,954228980.6198103
15799,988000000.0,998906320.2983695,1064046656.049247,1089758214.9242609
15804,459000000.0,480576061.0669613,474041169.40233916,463018489.2809579
15811,465000000.0,515362269.4316793,509683827.57173884,515221381.7238002
15815,458000000.0,483221993.84877443,473517948.69656533,449304267.7947307
15819,515000000.0,482641516.0678378,499607382.347357,526524858.51185894
15823,198000000.0,220436103.34892157,208908277.19098356,220375963.00286028
15826,310000000.0,319290861.05889505,309313449.20323336,324379397.71134776
15832,279000000.0,330560302.8262971,317635803.52224123,319370195.78723246
15846,445000000.0,446668730.3962433,424845906.71607876,384259446.03734684
15847,445000000.0,446668730.3962433,424845906.71607876,384259446.03734684
15853,286000000.0,251466228.29214045,270707559.22401106,270029944.1136606
15860,279000000.0,263781271.40485692,269211244.19141436,278976508.46834934
15862,279000000.0,285486370.70839906,274255619.70542735,279374586.935445
15872,275000000.0,293375864.8901965,295101108.0201363,296953977.41423637
15875,286000000.0,296244193.53844994,301000673.06636715,301713350.2807347
15877,500000000.0,519316757.51656485,512633065.42222154,515507621.9229164
15882,177000000.0,573999302.8604554,523793801.3297972,247229855.06126407
15889,239000000.0,246329096.65057972,243781950.97151753,229828296.41126344
15890,239000000.0,246329096.65057972,243781950.97151753,229828296.41126344
15893,265000000.0,268930271.98006004,258016989.5295859,242360331.54340342
15899,668000000.0,691840124.5628078,654836561.9398085,675375042.4088657
15900,668000000.0,647211359.5946993,614881658.643494,628178639.3865783
15901,768000000.0,747133274.9233572,645998853.531479,673492061.7830201
15902,765000000.0,747133274.9233572,645998853.531479,673492061.7830201
15913,1235000000.0,1230516381.3229816,1234558228.8672206,1169422490.8336062
15920,115000000.0,126580030.75837667,111170864.3493633,118405628.5080412
15927,315000000.0,324394705.72213364,319428075.60466105,310142703.5720754
15930,250000000.0,256445799.44265586,245913839.52306056,244060816.71310037
15938,250000000.0,227227917.7083693,232230019.67110574,245052508.67219192
15941,799000000.0,681839584.1323346,490587454.8592104,700930158.281991
15957,95000000.0,285293133.86877614,295213701.6336646,210270699.07916322
15961,439000000.0,455866034.1136086,471006611.15588903,438339019.72342247
15962,168000000.0,147315495.18551445,148403703.84336236,148139990.07832715
15963,255000000.0,217545230.15357497,221536268.29752392,229286924.76089486
15971,418000000.0,418472177.3231405,410425318.2789773,424930682.4275886
15973,450000000.0,425755635.91137725,428404295.9154786,430645645.6518589
15977,440000000.0,396175269.0139017,387245904.9475073,396282230.09288454
15982,760000000.0,735949455.5718362,724748141.3284013,720046071.7363099
15990,890000000.0,997340659.7949919,942849532.957372,1024261898.3185346
15992,450000000.0,463498547.71601623,502490646.3317745,481383628.7825114
16000,268000000.0,248545096.94227448,243883802.24299344,240724401.32486492
16005,490000000.0,507775202.52123123,498274115.9460571,436957640.5370618
16007,560000000.0,539285046.830643,588789162.0672336,554555478.046823
16015,360000000.0,360245126.2249837,345550150.15935606,350252823.7541346
16021,640000000.0,740248329.9397178,667199526.5684729,594387544.840492
16024,675000000.0,626479833.2873527,648453007.7567658,666709613.596558
16027,780000000.0,808404008.3864028,780789952.9962276,719932640.1088953
16038,475000000.0,468268051.08418095,481877408.3049617,493239658.47745
16041,650000000.0,536465341.5542497,522684026.825236,518290293.5009258
16046,790000000.0,772023940.6459742,762743707.0136654,773545519.299716
16054,750000000.0,766529831.6816927,799279936.1516372,768769303.7466786
16056,420000000.0,417870227.70252466,435137402.3982555,444985164.5705862
16058,360000000.0,335137572.6125488,317936443.4491305,341684415.9973998
16066,325000000.0,328824166.18797445,325427670.4367387,321230216.3925013
16080,170000000.0,206514166.79468322,197892644.0205401,207937580.52079466
16083,455000000.0,508050795.3077603,465685286.21929336,457706995.65336716
16085,410000000.0,449352034.4524598,435848427.35625803,426975360.5637658
16090,185000000.0,191356533.96342722,174233404.9982787,186496092.32735595
16096,266000000.0,328057559.53575116,323601118.13676935,316378748.1801254
16098,425000000.0,484074124.7441239,440780886.5987329,440011563.7299676
16099,310000000.0,289504575.3427054,290299436.8162423,262238160.2550855
16101,880000000.0,984190875.6159865,995389917.0789174,1114810478.3526042
16106,180000000.0,209637793.0639194,219147483.96000418,222551638.35305563
16111,215000000.0,200079022.01818833,203111720.7146953,210136264.85917896
16112,230000000.0,222748833.14560848,244889710.97701833,247501878.31796247
16117,168000000.0,184470654.95247856,169462631.8588744,163523952.33744025
16120,245000000.0,222800303.5631254,213531427.56266025,231562694.5812244
16122,198000000.0,212312049.07805297,198227347.68617904,216707921.7413866
16123,705000000.0,659863255.3916681,632415143.1425984,657659045.5834
16124,345000000.0,339470105.11808467,339796017.03689396,338092381.4205664
16127,305000000.0,267146958.5019971,257684525.14267093,257919313.27898496
16137,260000000.0,270540582.07969016,277919616.3220544,259104248.2782347
16138,58000000.0,58993838.04054553,58650233.24923856,57799207.61529482
16141,86000000.0,77709947.39325424,77175047.86121449,67350099.8609308
16145,380000000.0,402087666.89509934,422316326.5277864,388676320.12341577
16149,150000000.0,156373303.2743103,141311548.93613812,154719952.77516648
16153,250000000.0,245279407.37972376,226882437.8258952,217760873.6214404
16159,1365000000.0,1352918728.0001206,1438474784.7479215,1372322906.5231133
16161,55000000.0,134104666.22605902,122403232.42989573,118903506.59953053
16171,195000000.0,185657242.58210564,179795714.08312312,200978143.2782598
16177,460000000.0,430777314.12642634,435498584.2614116,436841041.33192813
16184,234000000.0,238263193.7945818,243689902.87361127,250629699.6958944
16195,350000000.0,312917648.1300927,314054414.9315188,308828262.2225921
16199,285000000.0,262730021.95982167,259640687.30841574,236830848.61397594
16203,330000000.0,323933882.96732813,306991244.3003877,291024014.6596889
16204,280000000.0,336685549.0865522,322353043.1224417,306920357.9856162
16209,230000000.0,221127348.90467066,201373170.35054386,206447806.62856027
16217,375000000.0,335806648.42188555,335836632.9592984,321911265.4099574
16218,345000000.0,352787674.19012433,348392545.19502455,349134917.3582232
16219,85000000.0,91639758.62098135,89313817.70076789,88099499.0751147
16220,175000000.0,134324952.6642228,148132217.17328894,159449791.0079707
16225,235000000.0,248936312.58272764,252409983.6242408,250640426.24952242
16227,320000000.0,310261433.58710104,289277444.56516695,286500847.6579077
16232,470000000.0,411453815.27350897,457390315.4432306,498453799.49979085
16240,450000000.0,452919643.5554304,496266212.828296,495912490.4486661
16245,665000000.0,667342753.0544336,707642113.3464515,777950075.9739236
16248,220000000.0,243790200.21133465,250548915.2525058,211152569.6920225
16252,59000000.0,149750527.71150166,131705793.24070944,113791679.03746805
16253,565000000.0,525699146.1504305,565589686.9396166,570016048.1763775
16257,1475000000.0,1490613553.5898702,1588694118.7670252,1454002642.211988
16262,390000000.0,428072780.04706085,412991577.3856714,415778437.9887599
16264,420000000.0,422820767.2745812,427960015.1532702,448709291.8476542
16270,218000000.0,233578856.88026977,252707203.1576934,238259436.60853687
16271,512000000.0,503911733.1286493,540066332.5615729,525045377.0379372
16273,132000000.0,129919483.53361987,133842898.26926392,146858770.47004884
16277,245000000.0,248545096.94227448,243883802.24299344,240724401.32486492
16278,120000000.0,124366386.66078338,119001247.96307948,120108300.52085124
16280,262000000.0,272100084.4297188,272804206.6732785,274520074.83226484
16288,715000000.0,703517067.7712324,665827822.4630077,659036560.8684121
16291,475000000.0,473370143.7329209,499073077.07487106,455817707.6692814
16292,495000000.0,499462337.59497064,474688991.48777163,429377724.72300005
16293,215000000.0,177257169.0166051,218204858.18251488,262482908.9341988
16303,345000000.0,355379227.75546783,335167916.9819758,352657839.4427357
16304,395000000.0,351206739.77471495,348863998.685942,390641932.38343996
16307,485000000.0,490466277.17490715,505716471.9714949,445650332.03886867
16309,395000000.0,420282323.28876615,408695020.37411046,418200301.6989159
16315,355000000.0,370923111.16005546,378339582.41551083,364123161.57434607
16318,305000000.0,273583748.3694629,273042102.39887756,281530247.71706474
16326,465000000.0,557078087.1631534,522732879.20070136,555640430.5263755
16337,325000000.0,307978326.1950761,315144105.4969543,316858918.92671186
16338,325000000.0,307978326.1950761,315144105.4969543,316858918.92671186
16339,346000000.0,307978326.1950761,315144105.4969543,316858918.92671186
16344,455000000.0,400235013.2469986,427674416.35966074,410584464.5679502
16351,515000000.0,499710883.3326121,518107288.62829375,524848891.08725536
16358,130000000.0,73912523.83745107,78857813.09018825,92389283.03341773
16369,660000000.0,612510294.1460326,671668464.0334892,613702462.169747
16370,545000000.0,490760005.2525049,492178885.32338965,467873035.7779441
16376,385000000.0,330440971.5390437,342514636.2233347,329316703.70265365
16380,138000000.0,138892504.46745148,140157040.7044848,135822291.87548482
16382,105000000.0,159959965.19871935,144358908.928279,151582475.68380648
16383,115000000.0,159959965.19871935,144358908.928279,151582475.68380648
16385,98000000.0,113696961.82764252,154248047.75770986,133251561.12788805
16394,175000000.0,182734030.06481612,182790526.12334797,187936968.0151827
16400,265000000.0,262926994.43446273,250227505.56329134,263820261.44902387
16402,430000000.0,418170229.2282078,429290147.5410531,422119880.1188592
16404,455000000.0,440544699.66254747,438663165.0950247,420429351.1490384
16410,630000000.0,612391168.0005804,628571738.7531078,602458482.5396909
16422,89000000.0,89213821.02925941,88718554.05143337,88829613.64483781
16424,40000000.0,63621458.922765985,58657840.66076686,58290087.93253342
16425,98000000.0,98882759.3670815,95022577.6715663,92386147.52752353
16431,1377000000.0,1478821041.4002864,1468343737.7123055,1392164307.0492876
16432,768000000.0,770892413.4087318,798728255.640953,785170652.670217
16435,720000000.0,705797463.7064637,685764298.8355129,688811960.4770167
16438,440000000.0,492605165.2262159,511172406.44307035,491145069.2865036
16439,635000000.0,610899102.368371,628706030.5067295,612727862.5094635
16460,725000000.0,707885742.0550346,657353127.4860188,669533303.8924676
16464,165000000.0,156443119.3462661,159288351.27802318,157961738.78986424
16469,290000000.0,271610771.1965015,277253034.18244475,271846134.4234972
16489,55000000.0,46470849.621360965,46495549.241209224,51597683.37224216
16497,685000000.0,606350250.0326155,520436782.68873674,650548514.5012238
16506,638000000.0,629945984.2980908,645150463.1882254,650173736.830023
16509,550000000.0,524704104.0164363,530277522.3986027,550009013.347198
16523,115000000.0,193429232.4385851,162114332.79797497,142078018.54334462
16527,790000000.0,755125110.0305747,751002970.1775768,781003394.7226454
16529,780000000.0,804670830.6852313,785961257.9434564,1049775069.7238092
16541,208000000.0,220436103.34892157,208908277.19098356,220375963.00286028
16547,350000000.0,318667491.86045355,305113913.49980235,310895534.2879498
16557,89000000.0,119297257.77153504,118574617.10673898,102874680.39651644
16559,1560000000.0,1488418897.9419084,1459392271.7199404,1434861435.7459016
16567,415000000.0,454873178.0119518,430015402.77598715,428993778.5636648
16568,205000000.0,189732319.0896022,198565647.297606,199560412.8717209
16580,370000000.0,349575072.2060572,353448560.2197477,333562497.25008166
16586,595000000.0,570635723.6134458,563650143.2747513,546150160.1438417
16587,840000000.0,893953600.7080041,862365359.1014923,826513405.3485446
16588,1150000000.0,1170342297.0629969,1126810698.3175468,1193481705.1600401
16590,818000000.0,836655203.0002419,805138635.3900093,851598632.3393856
16597,200000000.0,163377754.9413434,172406298.60814348,148013617.19875076
16599,450000000.0,428072780.04706085,412991577.3856714,415778437.9887599
16603,325000000.0,310727451.4506871,274042277.48552114,295373310.0154617
16608,65000000.0,67718889.33730377,61400002.85685624,59330609.62960058
16619,520000000.0,546013063.4987838,464639246.4814147,465960026.9407842
16627,385000000.0,357147156.80929244,352894170.31428933,327131877.19726956
16644,305000000.0,364919527.65743816,341760259.3721063,322621924.4121592
16647,285000000.0,236485676.24435204,241064079.18584973,259340345.9557216
16649,470000000.0,451997455.26785624,431686908.0421433,432204806.77177054
16652,289000000.0,296996967.03133583,274142653.1434501,265936534.83718222
16653,610000000.0,617881641.624066,627006720.8626847,700759483.9375211
16656,199000000.0,212315895.5196127,225888875.96165696,224213980.2538326
16662,768000000.0,776924845.9218225,816413493.9216493,894357694.648912
16663,888000000.0,834971269.3317401,861316594.9182239,798764652.2214776
16664,47000000.0,38079800.04377747,40594768.258462794,38442573.47819311
16666,420000000.0,333485579.77878505,320863051.8343307,311033943.56152415
16673,295000000.0,273832720.9123168,276159485.1675916,277774876.1780602
16677,820000000.0,813943404.8124776,792881418.6976402,818243014.5101222
16683,960000000.0,919975192.9508435,853906628.570327,842850256.3193252
16691,760000000.0,749864029.7847537,749444678.8334259,755671109.2742416
16692,695000000.0,709488699.5272807,714288106.8388298,696066222.1824759
16696,496000000.0,496042990.7142849,475791232.4666324,507887653.4165257
16697,730000000.0,747072997.2906544,666243230.8081856,709225947.0630184
16698,730000000.0,747072997.2906544,666243230.8081856,709225947.0630184
16701,368000000.0,348474274.6737874,350094501.8279717,324796702.468166
16703,790000000.0,836732154.7794957,871454562.7578726,839209792.390068
16721,535000000.0,538615866.8241533,520012099.9781778,483075031.9270063
16722,535000000.0,538615866.8241533,520012099.9781778,483075031.9270063
16723,620000000.0,595091873.0555573,606715092.1137434,623068201.5088278
16736,345000000.0,310802226.69255894,319052382.85693526,316810549.8049838
16743,595000000.0,535920849.514748,567956065.7738539,564803072.9457505
16758,810000000.0,812739800.3568558,827574699.3534799,850666003.4434515
16760,189000000.0,159959965.19871935,144358908.928279,151582475.68380648
16764,429000000.0,343582325.6201282,353700107.5016621,348590096.4584451
16767,360000000.0,386812587.0721953,402589856.673238,421137286.7070685
16769,257000000.0,225411548.48402566,247732445.8816938,276043249.3698794
16771,104000000.0,140801992.07242313,136855739.84843978,144464580.37302908
16773,262000000.0,271602433.20433587,276891558.3820061,268680866.7106759
16775,720000000.0,617742464.0982565,649772805.5037168,628211405.90165
16776,145000000.0,159959965.19871935,144358908.928279,151582475.68380648
16782,325000000.0,332090556.2934203,330231652.6467916,331720906.24659497
16785,730000000.0,735508940.0831462,707049834.1701666,751762822.8245665
16791,1650000000.0,1486789389.5368338,1183803373.7756073,1105397492.4286854
16793,300000000.0,285684963.99067795,299322642.0415664,308092722.5810428
16798,295000000.0,293186429.5605003,305545449.7110998,332519533.4784134
16802,80000000.0,58993838.04054553,58650233.24923856,57799207.61529482
16819,324000000.0,302839098.03632724,289646250.42881113,292072822.84106404
16824,895000000.0,845866231.2846715,847959884.0986937,887603193.982197
16825,310000000.0,300533968.20211464,290166025.2424747,277087719.7252512
16827,230000000.0,226277007.64102697,219115718.9725197,236252343.28441513
16833,570000000.0,540170046.755046,528730282.32682014,484981467.2275028
16840,310000000.0,184946217.9226242,161111898.69565132,213111325.946542
16843,250000000.0,283562365.0314749,269098302.3551121,262469383.11414546
16853,368000000.0,392693307.1646154,350973698.18794143,376187343.87790054
16856,107000000.0,103484358.16791886,106588846.15572433,101628598.86307177
16868,377000000.0,353157199.51254296,387378139.23755425,385604045.09947526
16886,496000000.0,473748673.02021223,477411148.43941766,475511010.44450104
16888,335000000.0,333859402.42562383,335176227.751922,308960441.2596698
16893,160000000.0,138796625.60867044,128221958.20906205,246646910.27570495
16897,190000000.0,190686591.5347814,195154861.9538741,190785973.82419866
16899,305000000.0,297499365.1124855,302379973.0831055,295810872.0947683
16925,249000000.0,215266242.62788227,224835758.82886064,227568962.90832046
16938,269000000.0,231598234.1451131,238595303.5889963,236915813.85180262
16946,800000000.0,849308313.1119542,858752673.677605,863494478.4632264
16968,450000000.0,439388656.127959,460921403.90217674,427739780.2218075
16971,4200000000.0,3930903935.0939784,4045637278.3858185,4282228350.056391
16977,500000000.0,488854156.2039811,500174694.84857327,479074969.28415775
16984,235000000.0,280174445.8303295,252893323.94952905,259593728.8355512
16987,408000000.0,417108813.7062346,577375619.308462,493055903.34001756
16988,479000000.0,445485315.09935164,467065852.5429119,465839731.2796939
16989,215000000.0,236691820.52490595,235663157.09887475,229254762.33583245
16991,598000000.0,637884832.6305667,603451292.2148561,697223803.4375613
16992,610000000.0,574158355.2255502,603497333.6511385,585493448.996627
16999,615000000.0,658637623.5530742,601479418.6858943,599271056.6407843
17002,335000000.0,326658394.8905299,321506906.54994375,314564467.3768728
17005,375000000.0,365896608.6734067,386929169.5946993,343255802.75861174
17008,280000000.0,257895501.48121098,254091915.24990842,264107908.3739345
17011,615000000.0,574903575.3817643,636598879.5518448,695451133.2105168
17034,250000000.0,144034514.9311623,151397972.8124482,138697365.61943612
17041,236000000.0,238777208.02651644,234746184.48037368,248846343.09629914
17047,90000000.0,76691775.55177015,62936078.45545919,74518791.20029444
17049,20000000.0,105847434.51492088,84195936.22488599,44220846.25791262
17050,256000000.0,248012965.83424035,246809463.2877288,255967060.3653117
17053,235000000.0,139391077.25376055,131649534.47362089,148327535.0324726
17061,1339000000.0,1254209835.2378953,1318883652.1495302,1312999901.0212257
17067,200000000.0,177150786.57060644,185763282.0538747,194747825.78324232
17071,820000000.0,769947563.7454073,790059959.588641,776986721.9904665
17072,830000000.0,813329384.244107,798645993.4019927,786149749.2885447
17078,510000000.0,524292522.657121,503442303.80898255,546366169.0473526
17085,520000000.0,484642989.7733853,493151458.19976974,456116290.44926715
17088,435000000.0,419811413.84652877,412157438.83836764,423117200.0846061
17101,425000000.0,448388429.5701342,450702989.24828655,439150632.2746654
17114,715000000.0,768099445.3525077,783466223.334093,760267520.2742413
17116,299000000.0,307333626.70616287,289039185.4681598,273824859.316617
17119,230000000.0,246106154.23461393,244438917.40247327,234844234.60979694
17123,522000000.0,500899018.80413425,489702126.5824589,461230515.1455683
17125,85000000.0,141833077.31179452,147500678.1311741,122829500.65503496
17127,1260000000.0,1172791814.2795515,1174337810.0545719,1168607864.5618708
17129,1000000000.0,945275008.061442,843353276.2353648,918126574.0650558
17131,425000000.0,428072780.04706085,412991577.3856714,415778437.9887599
17139,120000000.0,131038762.62100111,114183574.62338087,114344842.48485574
17149,930000000.0,893427233.3578188,910326989.0048859,871792594.6533735
17152,328000000.0,335690288.3343734,334669009.3736509,315221841.17611355
17164,365000000.0,449096279.0286929,389975793.6268684,392093534.6000089
17170,780000000.0,983181445.246291,910434646.6485884,803538219.473795
17172,209000000.0,223286856.45635095,226550765.9139157,236837521.20078307
17174,32000000.0,50485000.87209605,55878154.413664006,56855968.35972444
17176,85000000.0,74851751.56663252,69684752.78035538,84439067.5145668
17178,615000000.0,587141433.9909023,545888686.523723,627365101.2751915
17179,375000000.0,398117132.51360595,386460817.6744268,392241739.16318595
17183,525000000.0,527645056.5241191,669440480.9055922,641137827.5421118
17190,400000000.0,409061980.5348588,417821536.9689454,410243092.0569145
17193,419000000.0,422362975.9924334,427032108.49034953,437707167.49301654
17198,548000000.0,579947839.7265754,564883529.3871875,563223927.5491465
17206,365000000.0,379082329.3183981,368111347.0581907,351468002.2581991
17208,505000000.0,470488205.45694953,494882392.65835613,494436348.45746416
17210,725000000.0,445035121.9437868,446624473.95806164,425141991.4592008
17211,235000000.0,224105781.57914382,228373357.7208618,254570335.59426138
17219,495000000.0,535751228.29159766,512354476.7048726,526683299.15949535
17225,139000000.0,104994831.87502886,111717788.32765175,103992751.1610528
17227,340000000.0,356735812.3365968,334012811.46827215,320700997.550285
17240,650000000.0,721869975.1168497,713991166.1521631,717433874.2431825
17257,1360000000.0,1289898426.5736656,1377919248.8949735,1423028166.679081
17264,745000000.0,766266656.5307057,752416669.6423048,732655124.5581095
17267,345000000.0,390571552.3849403,403741784.60206634,388425258.1931391
17270,406000000.0,484642989.7733853,493151458.19976974,456116290.44926715
17286,500000000.0,663394367.5122783,698483310.5124232,747447303.0297035
17290,490000000.0,442525883.3366322,397483864.67315924,377288406.35605824
17292,700000000.0,740286332.4512275,745812693.1294777,699902462.2775277
17296,355000000.0,340764085.1919101,361250411.65840447,375086183.5883642
17299,570000000.0,564173779.5129405,575673388.3111931,582920704.7711432
17305,1330000000.0,1293719990.8235226,1222453412.9474075,1108742472.6242855
17306,710000000.0,719416566.2547168,718313024.2826997,695676366.7032597
17307,710000000.0,719416566.2547168,718313024.2826997,695676366.7032597
17311,980000000.0,999769185.6758946,996531603.235972,978442073.8855314
17317,545000000.0,550597731.7060337,548323218.8490459,487505131.73631907
17324,420000000.0,407804408.6037052,427001973.08664083,408852415.9888068
17333,129000000.0,132741627.90056235,136934594.10332566,129475927.0711398
17335,155000000.0,144190691.3355877,145765560.6691007,141504351.34816697
17340,865000000.0,905860441.8590546,876209653.1947806,869812152.9763628
17344,260000000.0,305095154.573585,307843800.1328174,230442435.8063249
17345,770000000.0,746446050.7237178,719507349.9774443,745378727.0168688
17349,3150000000.0,3082070820.7196383,3277757006.2254972,3390438019.45267
17353,222000000.0,277861334.8369837,283808953.51356316,285020371.7983239
17355,280000000.0,291056685.57456416,286612688.74951184,301063321.1400605
17366,920000000.0,929575120.7390141,896254703.51509,927196404.8318824
17371,580000000.0,566173929.0935241,552270778.4735463,531372146.42589337
17377,356000000.0,379088735.0049866,373166580.34196746,367377240.40743345
17383,258000000.0,285406361.3445029,285398924.6217551,295608750.7693704
17384,410000000.0,388013601.2987283,395563599.87368155,441462861.90072453
17408,525000000.0,557404731.2815356,543599735.1592104,522373959.5263848
17411,605000000.0,610716144.0787696,588621854.9377065,599742165.4176373
17425,440000000.0,412508348.3668596,421718260.58430237,438006687.36884797
17437,260000000.0,304402363.37216896,294356820.6385507,297483478.3260042
17439,575000000.0,560600429.5573257,561315622.9369882,521239324.2415406
17444,650000000.0,803884427.95985,811513779.4830263,798372547.4021813
17445,445000000.0,459146632.8356275,442658002.6949424,442809943.3486909
17451,368000000.0,351202948.07145655,360700295.59142524,366714783.7138155
17464,490000000.0,490105415.88001436,504721044.24984646,445216577.6864582
17469,520000000.0,574795329.054733,547373370.7195431,521968556.2782796
17474,2160000000.0,2097440752.5612202,2137768599.35485,1964891255.8096364
17484,420000000.0,478212558.2883262,453356767.27130485,438313774.8857857
17491,128000000.0,134706569.47183594,131346803.49166308,147092823.00267646
17492,470000000.0,357798204.78716886,409890215.6760102,338310128.16470057
17497,568000000.0,594568937.3312819,604850215.494983,543044882.9165578
17505,410000000.0,378449720.2577502,374862986.9603479,403948246.5252879
17506,410000000.0,378449720.2577502,374862986.9603479,403948246.5252879
17513,200000000.0,205089667.1591223,199805309.70013723,196845836.6119111
17515,79000000.0,66445723.814820305,61212560.27873254,65207813.27377934
17517,405000000.0,390951724.08705294,389859774.99958706,403333371.5625579
17526,630000000.0,578293462.7908062,582280408.1100764,570601175.4852471
17528,290000000.0,305902420.4641639,302321150.91412854,299280532.32467353
17529,290000000.0,305902420.4641639,302321150.91412854,299280532.32467353
17530,415000000.0,411721807.9641765,430868424.4032086,421071014.1426068
17538,560000000.0,595698268.7506137,599675241.2397064,612335170.1687979
17539,639000000.0,596722088.9909542,615215995.7095987,624124858.8117784
17541,665000000.0,595695552.55777,606588968.5496395,624305707.9545599
17545,690000000.0,714131224.1115581,718696747.2813517,667551946.2047933
17546,690000000.0,714131224.1115581,718696747.2813517,667551946.2047933
17558,845000000.0,892396754.638361,823526378.2313311,915612929.1563784
17564,545000000.0,488284237.2132583,497918799.654836,556899166.2682956
17569,499000000.0,448134775.4711548,492542318.29274076,458881004.029857
17570,860000000.0,916301210.9328573,920479836.8371834,844349287.8790796
17575,1099000000.0,635441910.6722246,672614585.9441091,753981821.0435257
17576,135000000.0,148088567.97128257,134303457.27027142,153121611.14733723
17579,190000000.0,181523302.96947163,186043757.01582316,166208374.9398599
17580,435000000.0,390745494.15369445,388334670.9126505,388677575.9699467
17589,258000000.0,273368656.29017866,267653251.1805543,244414100.56822872
17591,258000000.0,247822666.34026912,282554781.71463627,261200504.35865545
17602,109000000.0,91865772.32551967,91752404.57035065,73034071.61306727
17605,365000000.0,381874071.147775,359562110.26543075,406957894.56455076
17607,79000000.0,75547567.83758359,77041506.18384539,84205380.06470144
17610,435000000.0,253649697.45603046,226890227.34998152,207621656.81777415
17624,350000000.0,370965929.14213365,347120351.0468845,366900821.8832324
17632,760000000.0,676755207.4399377,682765111.790022,714628017.1277981
17633,750000000.0,764481085.9191481,741407392.9095622,763365168.3289802
17646,830000000.0,767434800.0554098,795157668.6945282,741314962.8867531
17650,605000000.0,605941059.2908845,617003376.2650708,648829144.0949142
17652,328000000.0,367911010.07956904,383478954.8512084,370862659.68487966
17664,279000000.0,287208368.453943,289514243.4439893,301741037.66709584
17665,285000000.0,278601908.0644088,288693727.9192789,297072212.093034
17667,345000000.0,301011913.86988527,306136962.17595005,333515805.3372605
17670,272000000.0,353205773.77029043,330846975.2905384,357387744.98704356
17675,315000000.0,328776811.96015817,334102014.42098963,350910428.12559557
17677,320000000.0,339039664.30000424,323690627.4358567,353130922.81789196
17678,365000000.0,349299098.9397626,354101064.4684108,371662403.2944874
17679,375000000.0,371414720.33206344,356967495.2557706,376047871.4888341
17683,399000000.0,433476198.55974364,414852410.551791,417247211.9132941
17692,630000000.0,578239764.2252558,572341821.9925303,609422888.5956233
17699,635000000.0,643040135.8010035,646600420.2286283,647593160.0449452
17710,385000000.0,365246052.0139823,358757185.4706925,367238765.48822784
17720,380000000.0,368257148.2962396,340084548.18222755,341539164.2204615
17729,325000000.0,322806966.86020297,307589662.4498861,279331575.7613243
17732,479000000.0,482005063.46894276,458069548.6558263,437084556.9989513
17737,779000000.0,780547616.3758602,789505607.6812673,761000140.1217043
17740,335000000.0,349487352.8799361,371174720.2293306,370938237.90058887
17744,285000000.0,260328774.38045755,267421070.77387026,247848012.79846436
17748,520000000.0,541984002.9425832,527452077.6349418,458978705.8837231
17749,405000000.0,401666089.1677922,375733429.19374084,361234136.6703659
17753,128000000.0,122755290.45683196,129959265.98254448,141933669.9088473
17756,245000000.0,247943026.56255996,255327353.27747443,250500221.48122033
17765,225000000.0,191356533.96342722,174233404.9982787,186496092.32735595
17768,218000000.0,217337685.42767197,201214220.33460683,210921116.01865178
17772,488000000.0,494017835.38547134,499125434.6705109,476491722.2788731
17779,885000000.0,853736676.881161,848754377.4329928,839003467.2372313
17784,448000000.0,462468994.6183572,551120641.1567892,517578679.5136322
17790,268000000.0,301414856.04315245,271275087.6921469,273663192.19697857
17792,242000000.0,359789589.8045611,342994490.44301784,239372961.9402494
17793,375000000.0,477234477.3965488,447846871.42169863,351104284.257094
17801,870000000.0,951949310.3917341,977689473.8819237,953345443.1871201
17820,318000000.0,274490939.2916359,275734213.15907425,290781739.86222935
17829,289000000.0,312743143.60865676,318021959.5534137,298082972.1640314
17835,109000000.0,118579497.484298,124210392.99209261,137311381.11203054
17836,145000000.0,129919483.53361987,133842898.26926392,146858770.47004884
17842,220000000.0,231860761.78105778,223852867.62118042,229611402.902659
17843,215000000.0,236468886.8381316,224142964.98100737,227103173.70903
17846,200000000.0,272100084.4297188,272804206.6732785,274520074.83226484
17849,345000000.0,335544964.1457652,340353199.3946216,336520346.90515035
17868,455000000.0,455046799.7256046,471549541.6201759,471149790.1010658
17870,516000000.0,517658022.27083033,531840448.54735374,508764801.21392334
17876,445000000.0,485751974.7430216,496716029.08729595,508499413.4436613
17877,550000000.0,498220238.01070863,523391335.9001755,535382603.2855035
17885,335000000.0,343894016.9154234,332491755.6126184,317213863.03235245
17886,350000000.0,352296780.9951345,354381464.01484233,325519621.6385562
17898,550000000.0,546014170.9096088,539009460.6826075,543496664.3336047
17911,699000000.0,626740476.1699476,602972669.451647,682224223.4952366
17925,835000000.0,875724540.8897755,864062848.7548599,1069650537.1836616
17931,895000000.0,528902695.5510452,692883776.0827117,786517357.4602402
17932,250000000.0,256126874.08051047,263005069.23287374,256102902.63820273
17937,359000000.0,360612876.5242125,359214572.5087189,366997267.57778186
17938,359000000.0,360612876.5242125,359214572.5087189,366997267.57778186
17944,320000000.0,291875895.0536167,297737433.76779276,314971590.85316217
17954,260000000.0,280010654.8306594,277698127.1736141,277115660.50702125
17957,310000000.0,288806893.3622768,290777120.7242198,300062362.49868566
17959,399000000.0,593669862.4401755,516588661.53121173,326816718.8751613
17961,58000000.0,67211330.95299071,63671026.42595696,64616116.3065947
17965,550000000.0,496586945.1932266,513593155.7076883,474805664.1689895
17966,715000000.0,601097265.3635751,564130907.7593182,664122919.0637568
17968,630000000.0,622790564.6365293,604708331.9301323,660598270.8586192
17969,608000000.0,619423945.6351234,601913228.3493149,666826743.2675881
17973,389000000.0,376048174.06533676,397556652.80645317,404745735.8885143
17986,586000000.0,568914842.5170324,587623493.2450172,577922019.6954705
17996,565000000.0,566079928.1854163,579312667.9699043,559237109.4782742
18010,355000000.0,382945373.0479265,372420691.83251154,361466964.6692067
18019,335000000.0,412255585.97423273,409769835.6107611,401165230.9372209
18024,365000000.0,416715128.25487065,418236944.5636982,449827586.18792
18029,165000000.0,177364436.53780642,159588198.1055261,134234403.84197748
18041,75000000.0,92396692.14111209,107345976.60701713,71402351.85906486
18042,499000000.0,504606970.6509906,498369163.255759,447415749.6616052
18043,245000000.0,206439822.1006367,229351161.30156848,238162345.24260214
18047,375000000.0,373375570.17725253,375193459.9608537,401380182.5930264
18048,450000000.0,448463182.1091656,435145702.06472164,445713945.03418225
18052,635000000.0,678041173.7330302,696049540.7803602,769344084.1225868
18053,586000000.0,633976319.9347571,617116363.3016417,614274217.2017504
18064,429000000.0,447923453.33071995,452786418.12665117,465406041.50442153
18065,415000000.0,447923453.33071995,452786418.12665117,465406041.50442153
18066,375000000.0,382560109.31669253,355901499.3208304,383380655.18692863
18067,262000000.0,285087630.409561,280353249.28099537,272084651.07277936
18087,345000000.0,275422388.53796345,307871985.36476934,314936782.22096294
18088,345000000.0,275422388.53796345,307871985.36476934,314936782.22096294
18093,320000000.0,339457712.80458724,338527448.2649528,332364942.4370882
18095,386000000.0,379082329.3183981,368111347.0581907,351468002.2581991
18096,375000000.0,379082329.3183981,368111347.0581907,351468002.2581991
18098,375000000.0,379082329.3183981,368111347.0581907,351468002.2581991
18099,339000000.0,379082329.3183981,368111347.0581907,351468002.2581991
18101,339000000.0,402098690.1787556,391767295.0137661,400464183.66922903
18103,435000000.0,458291785.09156585,450290547.16661483,421249869.7617514
18105,430000000.0,456107166.8467689,451209606.2832699,433329370.46570396
18112,485000000.0,509716820.25691074,514732714.66628027,503732526.8997083
18116,135000000.0,147768803.44711533,140922613.74231458,131493192.61502938
18117,139000000.0,147768803.44711533,140922613.74231458,131493192.61502938
18122,119000000.0,159959965.19871935,144358908.928279,151582475.68380648
18123,175000000.0,181287159.3144115,171283369.39793658,170422246.5500063
18136,485000000.0,498108847.1695528,487587385.78439313,464518991.99502903
18140,539000000.0,541969532.8081828,570455282.5386006,559340366.281868
18143,315000000.0,291966926.0932831,297149681.5657383,301828752.22249144
18144,325000000.0,291966926.0932831,297149681.5657383,301828752.22249144
18163,380000000.0,369942162.354705,371745065.4514137,375683950.60119855
18166,338000000.0,349862407.4904098,332074095.0527289,331759283.76501936
18172,445000000.0,424030546.83603805,430964587.6400408,428286173.8147383
18177,245000000.0,215995882.70593178,251828600.70042452,288019371.1790424
18180,583000000.0,587369750.9904548,584346470.8972718,570641292.508488
18181,585000000.0,587369750.9904548,584346470.8972718,570641292.508488
18183,72000000.0,87328074.45974779,88902175.27122465,90799763.58976045
18190,278000000.0,275078571.5069678,271317519.13615596,279036937.85200495
18192,265000000.0,274332334.1854122,288586923.6003693,295720481.45381725
18193,650000000.0,633873180.5965675,617547316.2216839,668630077.5215985
18202,585000000.0,528959433.8810434,400831425.3315173,527796077.1851894
18204,635000000.0,632849154.4964079,660207945.9051647,643259018.249917
18208,620000000.0,637632854.8488144,624779099.899058,632612804.7807739
18210,870000000.0,827623775.7813622,818660484.2420341,753951976.8712909
18213,1250000000.0,504266127.40951514,417994506.86274064,724656627.1633172
18215,180000000.0,260054612.59983552,219260788.70833895,235981961.44361803
18218,400000000.0,361945373.36410815,379869627.46188927,355330466.9462667
18228,440000000.0,411453815.27350897,457390315.4432306,498453799.49979085
18229,280000000.0,352017132.8016117,340137742.4455731,319172028.3529124
18231,480000000.0,499640756.15495,455837463.2287817,499724226.7979673
18234,280000000.0,281583437.4884836,289823643.2269439,303315703.9238328
18240,495000000.0,515165305.7752421,522420900.7422663,507617133.9197483
18250,299000000.0,261859619.66288126,242966353.462114,248981180.0590788
18251,365000000.0,337280537.5557891,441618200.0883836,284721170.0100008
18254,137000000.0,157155456.64855495,149922383.37441525,143869919.2588759
18256,450000000.0,435131107.19382054,435991436.97660446,403061952.1258133
18260,390000000.0,354862649.65613896,359435943.3105623,343920850.3657074
18261,610000000.0,576677076.7069123,555890390.7033898,570285927.5822964
18262,348000000.0,387698975.5471118,388775631.3975731,353168550.883491
18265,579000000.0,561663686.4942315,561930497.9771876,595923997.8935266
18276,186000000.0,185533318.73731083,186334961.93462184,172306553.2498389
18279,270000000.0,237691615.27530086,252080416.78646052,264539578.18187788
18291,180000000.0,143610876.10296196,147665914.38766223,154771247.79279372
18298,65000000.0,37873202.529405765,45320522.87797204,45152694.11993983
18300,345000000.0,373221181.01447487,369884940.07213587,340043090.0667993
18314,905000000.0,903100623.2918857,919988378.8134505,949019576.1246053
18316,158000000.0,172276956.60633278,160310318.8753102,173610069.05707136
18317,163000000.0,172276956.60633278,160310318.8753102,173610069.05707136
18320,160000000.0,197954319.4072278,207676692.9745762,222485721.68239012
18334,595000000.0,568237733.0720232,581645484.6083548,586999791.3267342
18342,518000000.0,467882610.0090592,479553092.6837108,477089468.9434227
18345,299000000.0,309594612.14234114,302946288.63052624,308611611.1858575
18355,319000000.0,266632060.8293523,286090548.1086335,286699049.7999389
18370,430000000.0,472095765.04007345,459536210.05690765,454514307.8828968
18381,550000000.0,488187651.0946249,511902214.9533697,517099900.3501379
18383,479000000.0,539490538.5454508,478202194.76717854,520306782.3874514
18397,219000000.0,292206747.55923444,300713753.29004586,252972489.78483573
18400,500000000.0,435304094.93792224,427887373.3823592,301921042.308301
18402,750000000.0,738226349.6393945,687128581.3599639,682996632.8218966
18418,160000000.0,146942010.17956436,163319446.77891177,164814625.91934666
18419,158000000.0,170110501.02690855,158892967.3979376,160629844.97651932
18422,148000000.0,145304381.77777782,151777890.79539186,150905522.23513645
18426,269000000.0,282545880.08935755,283385954.76325196,298274546.3152049
18429,274000000.0,292325686.71023023,290309403.6275778,308879756.1323433
18431,145000000.0,142471119.18065852,152089415.41724652,154165735.31885803
18437,560000000.0,612422051.7813811,606060460.5970011,601076611.7377269
18441,170000000.0,201394094.58215657,215261185.75274923,172784096.1364396
18444,465000000.0,536711262.18107444,550289785.3259541,483199730.3446676
18446,145000000.0,169193258.5148916,153136447.89852563,176143446.39972928
18458,182000000.0,193070327.2525384,183694700.31991887,181119073.24935204
18459,242000000.0,244699844.94157696,252903453.62288567,268093643.8459188
18461,282000000.0,277208613.9603038,266388656.5461333,281523953.42142254
18462,120000000.0,83112184.11131297,116922131.59180287,100691501.86000916
18463,125000000.0,129919483.53361987,133842898.26926392,146858770.47004884
18464,120000000.0,129919483.53361987,133842898.26926392,146858770.47004884
18470,220000000.0,229654369.38914642,223700919.5098285,231785220.15967026
18491,269000000.0,241276115.81219727,242022810.3617256,234973263.80744916
18495,280000000.0,307548937.8133622,308131645.6942887,321330470.3974919
18496,380000000.0,478974182.8594596,449153136.3435165,479770924.7978731
18502,185000000.0,177257169.0166051,218204858.18251488,262482908.9341988
18510,445000000.0,446986320.3207705,417478996.9810717,439355442.25427634
18511,320000000.0,330086424.13837254,323380845.5453462,379654425.7302761
18520,430000000.0,479859022.19976807,475882898.7713731,422452400.1537015
18526,353000000.0,334084589.6894039,332392838.60875285,354051920.9810772
18529,440000000.0,442565300.8282754,441498606.8628049,419946011.68070644
18533,740000000.0,757014941.8806423,757992581.7929504,767793091.3277744
18534,790000000.0,958053701.5764321,967322491.4770719,1263556976.6966171
18536,445000000.0,529056457.5333662,551040757.3273957,504448960.41586906
18545,305000000.0,309730846.15093595,316401079.7796411,304110041.1184328
18548,370000000.0,363686665.6344293,369111112.1655439,361056502.3849766
18559,510000000.0,514243017.54090333,499353016.02471095,522009027.7993556
18564,489000000.0,533716793.96211976,498863701.6089735,474259213.38251764
18570,699000000.0,701238164.7577672,778880110.159158,922451612.3997927
18574,255000000.0,263170909.0555473,263933236.62183705,280377360.5112876
18576,400000000.0,354253366.8636565,370897303.78965616,351385129.7881163
18577,419000000.0,412255585.97423273,409769835.6107611,401165230.9372209
18585,300000000.0,291513136.9347301,297394626.2596021,334735547.6823789
18586,215000000.0,240245795.2131613,244260882.31870365,233446846.45154455
18588,700000000.0,784174108.9974257,741265994.1569138,754020922.4842817
18594,450000000.0,461708876.17424273,445213457.59184325,442361925.2016294
18596,635000000.0,678041173.7330302,696049540.7803602,769344084.1225868
18600,560000000.0,576399644.7758284,560515366.7424525,553434326.5869123
18604,460000000.0,479251027.4103571,454801399.3700713,483913719.20714897
18605,390000000.0,447923453.33071995,452786418.12665117,465406041.50442153
18607,320000000.0,285087630.409561,280353249.28099537,272084651.07277936
18610,560000000.0,569561982.9964947,569110942.4346484,594852448.107688
18618,345000000.0,327674212.5665219,336346262.49600774,327224465.9836908
18624,130000000.0,188598997.6129841,161142016.57342118,150269382.37032837
18626,160000000.0,159959965.19871935,144358908.928279,151582475.68380648
18627,138000000.0,159959965.19871935,144358908.928279,151582475.68380648
18628,155000000.0,159959965.19871935,144358908.928279,151582475.68380648
18639,192000000.0,182734030.06481612,182790526.12334797,187936968.0151827
18641,267000000.0,257892602.41093135,265015774.2698866,273317496.2056013
18643,263000000.0,256684595.73389572,261660604.37330738,261717066.00481907
18647,365000000.0,352727731.74512595,357465552.1200221,357302470.3117968
18658,275000000.0,303689804.7153536,293232162.38503575,297850832.11730236
18659,595000000.0,617234633.2738683,622603329.946207,685188781.0280321
18660,535000000.0,531492899.80796057,544108021.4092326,550718036.8899388
18663,219000000.0,217014458.20270845,216359812.80756897,225471926.32077244
18668,1780000000.0,1615292676.3188155,1581218095.6872702,1705908551.9754012
18670,820000000.0,739611377.1637825,725497761.0127634,795480601.8789911
18672,510000000.0,479925172.0242782,475799400.03456295,459000083.5996899
18676,456000000.0,479919198.4229374,406534454.60464466,338649843.2187137
18685,190000000.0,204225294.7002959,190357964.2830622,182355394.85074708
18686,410000000.0,374270568.2167737,364032349.2257277,347135415.3551779
18688,400000000.0,366674212.37975395,405648360.72648996,407925087.5987395
18695,145000000.0,156106414.1663345,159510901.68612513,160225135.48032457
18697,185000000.0,183691915.93939108,178333594.9213867,184644029.25665095
18699,99000000.0,81199251.55500534,88786774.80492476,116071844.3207504
18704,104000000.0,129919483.53361987,133842898.26926392,146858770.47004884
18705,250000000.0,246160180.34538546,252730822.29767683,253589076.0234118
18713,280000000.0,311258881.2564271,288043605.0467467,293578456.64161325
18719,1420000000.0,1369304262.1224468,1379699670.8678472,1329302562.487941
18724,190000000.0,195973253.83452478,187311322.72799516,194708142.63521594
18727,420000000.0,445126196.3936019,440565714.0925853,434586373.8211975
18728,573000000.0,541460933.0920416,572087522.7968466,581982217.8616298
18730,230000000.0,206418442.78193197,206823245.91136745,224426150.68231425
18732,370000000.0,350959201.97307587,366095492.99827176,405362647.3909665
18746,200000000.0,170194960.8468769,172154591.9157113,179559600.43890095
18752,185000000.0,200968142.983507,205636897.5986183,195609499.12580168
18756,165000000.0,148278621.40044937,142108362.6185062,167213582.0271774
18761,668000000.0,685787203.1042385,619016697.5908134,649172914.8370461
18776,240000000.0,211184664.51502946,214364303.8529608,224024122.37025523
18780,236000000.0,205991429.59050742,191646150.77385944,204081316.97189784
18788,395000000.0,401578749.66963416,400721348.8096069,390597624.0302185
18800,240000000.0,203864970.69200915,205491434.98478228,226464359.96865082
18805,230000000.0,220451871.54758215,208931389.20264712,219208349.87609982
18807,278000000.0,263584416.34161338,268913077.7254642,260246281.7838448
18813,215000000.0,196960595.61760738,194073937.5799735,199455827.49578342
18815,138000000.0,160666189.75191823,169964695.04092884,176549782.90277642
18816,188000000.0,175651576.32185224,185701995.61130974,195863878.33439988
18823,208000000.0,227663157.6631206,229413287.98736405,281332815.7464156
18825,268000000.0,294693481.05440086,273570690.88616645,286653926.8203059
18829,215000000.0,210547982.14356396,205889250.58151948,211698082.427197
18844,260000000.0,296127570.51217806,281793223.2342703,303205876.1106736
18845,415000000.0,390611467.86957586,411001881.46676755,333728552.2115059
18847,485000000.0,547456727.0955507,568721383.8429093,558646389.5128809
18858,138000000.0,102261559.83946083,104306960.56466828,118247486.26163453
18870,555000000.0,591168183.680718,573212532.9821852,621702052.4858139
18876,535000000.0,511467023.5952391,506509010.56954545,514101724.61599636
18883,320000000.0,286028572.7798122,270844422.2387686,304216396.8940181
18884,340000000.0,315431229.2961498,317351790.572575,312441566.8122854
18885,358000000.0,341502866.54562217,338369936.5925398,310125962.6141041
18894,325000000.0,391239618.46175236,380692875.4724937,386783760.58161455
18898,765000000.0,758117722.6302791,714732386.1913708,731780521.947065
18907,320000000.0,308449076.6608304,315404484.83518153,298723187.08410805
18912,639000000.0,632539327.3936592,603446688.2644225,666817789.4914345
18916,485000000.0,475306889.04004794,467884376.0380092,490038685.32668257
18922,245000000.0,263936237.58314052,257446260.6637303,252131417.9779096
18923,175000000.0,194174543.30299222,180471530.4691055,184051736.69385564
18927,399000000.0,393387400.23486555,410635952.01215553,389757784.86810803
18930,295000000.0,298328003.407538,301996105.42306864,317302062.6734732
18934,155000000.0,173519279.23813125,165348015.82845867,181432815.9938046
18936,399000000.0,381056205.33161676,402197661.5531129,348089961.307209
18938,275000000.0,321833018.7170767,316085613.3622058,324265776.0737499
18940,455000000.0,469436267.98509616,465759014.6633716,472351808.50930923
18946,162000000.0,176350611.5162698,192103249.5218635,177763772.98346645
18949,720000000.0,727686275.4391797,706059314.5934201,743732025.7789353
18960,420000000.0,370218770.2957527,385929722.65293765,377872966.52367485
18977,195000000.0,204047206.98800224,207983113.27560642,222612042.26256007
18986,360000000.0,351460333.9337947,345110820.24291754,339219530.78590053
18990,250000000.0,253513418.7129643,253280952.37707314,241851667.78641573
18991,299000000.0,290067713.8719061,287789345.3272582,317718837.8466469
18998,265000000.0,272016922.47931916,283786760.15387297,285177420.96224195
19008,385000000.0,390939376.405467,434311548.1956535,393650138.49206305
19010,639000000.0,685501944.1580788,636530887.0868485,685566097.478602
19011,700000000.0,595698268.7506137,599675241.2397064,612335170.1687979
19012,560000000.0,595698268.7506137,599675241.2397064,612335170.1687979
19013,795000000.0,596722088.9909542,615215995.7095987,624124858.8117784
19014,639000000.0,596722088.9909542,615215995.7095987,624124858.8117784
19016,660000000.0,595695552.55777,606588968.5496395,624305707.9545599
19017,665000000.0,595695552.55777,606588968.5496395,624305707.9545599
19024,830000000.0,714131224.1115581,718696747.2813517,667551946.2047933
19025,690000000.0,714131224.1115581,718696747.2813517,667551946.2047933
19026,690000000.0,714131224.1115581,718696747.2813517,667551946.2047933
19047,880000000.0,892396754.638361,823526378.2313311,915612929.1563784
19048,845000000.0,892396754.638361,823526378.2313311,915612929.1563784
19071,1259000000.0,1257779561.2481284,1266967734.8298523,1243245639.686567
19076,1399000000.0,1408799688.397785,1383518087.4500663,1353983042.6351762
19082,835000000.0,751524219.7610998,716058688.2695991,739979986.5655117
19086,839000000.0,761791746.2544814,736332585.9790021,792909269.9947021
19087,799000000.0,657611445.4808289,711090927.1682037,831107462.3492521
19113,899000000.0,926862510.2699869,970147646.4915053,1191714527.6636665
19124,185000000.0,213162795.34837216,206444887.73859137,209815867.2520284
19143,305000000.0,428088951.3233651,417373105.43931174,618788365.3001558
19144,585000000.0,534358928.5648595,544305239.8442863,566484190.7108582
19152,560000000.0,574106446.7766064,565616657.0005784,607864410.0758468
19156,670000000.0,642224014.75219,651275384.8689408,666517275.9450414
19159,699000000.0,642224014.75219,651275384.8689408,666517275.9450414
19161,709000000.0,714907796.2341607,700832012.6183864,686780602.7675204
19162,699000000.0,728014690.8208035,707383014.5096519,695334965.8137096
19163,600000000.0,714907796.2341607,700832012.6183864,686780602.7675204
19165,755000000.0,728014690.8208035,707383014.5096519,695334965.8137096
19166,660000000.0,728014690.8208035,707383014.5096519,695334965.8137096
19171,895000000.0,869579355.3579167,884259993.0114037,901002281.4923974
19178,879000000.0,884028524.0402069,857551266.3521563,894345718.8595858
19198,1540000000.0,1353789425.0398521,1319827328.6940827,1288376922.5669591
19208,1439000000.0,1444368745.9352558,1363727122.0602517,1344854245.1630821
19211,1739000000.0,1726168522.7942004,1695532460.1074677,1829616094.1506221
19220,519000000.0,591179174.6819011,603414461.5948783,558482180.0577831
19222,785000000.0,786495396.8673049,629943582.5152736,895685230.8954347
19229,1089000000.0,1087306110.9341533,1127165375.5650246,1017536482.4714696
19230,1079000000.0,1087306110.9341533,1127165375.5650246,1017536482.4714696
19233,1338000000.0,1232962542.8453236,1349681169.5852454,1139224034.0078444
19235,1239000000.0,1232962542.8453236,1349681169.5852454,1139224034.0078444
19237,1289000000.0,1285332506.748827,1416308363.5416644,1191102293.2791474
19241,309000000.0,265791492.55497462,256225004.35438535,242738516.818379
19242,405000000.0,463527225.14384204,526803584.04238576,531842560.7884455
19250,979000000.0,996298245.3513588,1055226641.7790172,906561691.8086191
19256,855000000.0,888006710.2756579,892283879.2883935,852170163.8590077
19261,460000000.0,482450840.7344387,514126335.32848114,464353603.20610714
19264,1200000000.0,1056540185.983921,1133986054.5501742,1071745542.3963481
19288,1568000000.0,1551050195.8342812,1472809138.202052,1356851731.9590049
19296,1838000000.0,1762535287.0850637,1885383487.759947,1752222603.01283
19297,1838000000.0,1762535287.0850637,1885383487.759947,1752222603.01283
19301,2438000000.0,2309753138.6898766,2284959078.087779,2428717923.730786
19307,1090000000.0,1060427193.2024305,1082005457.0511875,987110330.5761925
19308,1090000000.0,1060427193.2024305,1082005457.0511875,987110330.5761925
19310,1090000000.0,1052787332.5097378,1063967508.1835274,987110330.5761925
19311,1090000000.0,1052787332.5097378,1063967508.1835274,987110330.5761925
19312,1090000000.0,1052787332.5097378,1063967508.1835274,987110330.5761925
19314,238000000.0,259801494.5351613,268493331.5541463,253589151.0442
19315,238000000.0,279989815.78521025,258554953.74038848,233877287.03763843
19317,255000000.0,257170728.89398408,241753373.27447632,218908906.842951
19323,460000000.0,462826737.91422194,474165055.75142676,428253147.54409987
19325,840000000.0,701268126.0238274,728065048.006553,620042342.7264961
19333,120000000.0,243988684.51202482,203945184.3435922,187233298.99154747
19334,198000000.0,247313000.7636538,233432168.82320383,230371605.12439603
19337,360000000.0,290535976.5718806,280524950.6142169,315807436.4228072
19344,998000000.0,1050310738.215771,1094068855.8026114,1016694744.5768703
19357,1289000000.0,1339199044.9966795,1331201713.078446,1131170118.852128
19359,1289000000.0,1339199044.9966795,1331201713.078446,1131170118.852128
19360,1399000000.0,1357472531.1935928,1305526151.8947651,1119912007.464519
19362,1699000000.0,1517255633.5734265,1609249465.188719,1362897644.370676
19367,1480000000.0,1385528273.3075027,1416086866.5700002,1219938998.031475
19372,1380000000.0,1677305056.138629,1738855668.3223038,1415141625.8626676
19373,1479000000.0,1557381744.49875,1452161826.5339122,1273347175.5792718
19381,1789000000.0,1703389502.2190113,1775148037.207553,1547249790.4798868
19382,1779000000.0,1838224906.2639742,1698105417.7161798,1527369815.1122074
19390,415000000.0,431618677.96121454,498514620.7315869,515862542.81708336
19396,3289000000.0,3238515964.44388,3080536472.2428045,2802722610.754196
19397,3289000000.0,3238515964.44388,3080536472.2428045,2802722610.754196
19398,2986000000.0,2284830575.9312954,2623618829.1339645,2619240259.8316164
19400,5868000000.0,5679981572.006338,5653030936.474632,5058187176.898255
19402,6989000000.0,7157325399.859911,7347056078.236649,6426258216.808095
19404,6999000000.0,7224947468.015544,7329965628.515517,7093832278.09653
19405,6990000000.0,7224947468.015544,7329965628.515517,7093832278.09653
19408,6789000000.0,6980946210.545565,7129763270.145544,6597876487.282672
19409,6880000000.0,6980946210.545565,7129763270.145544,6597876487.282672
19410,6990000000.0,7224947468.015544,7329965628.515517,7093832278.09653
19411,6990000000.0,7224947468.015544,7329965628.515517,7093832278.09653
19412,6950000000.0,7224947468.015544,7329965628.515517,7093832278.09653
19413,6990000000.0,7224947468.015544,7329965628.515517,7093832278.09653
19415,7379000000.0,7580336515.084917,7297420885.519817,6609712046.616672
19416,7300000000.0,7157325399.859911,7347056078.236649,6426258216.808095
19419,8999000000.0,8540819932.190556,8334790547.112896,7936003935.168344
19420,9200000000.0,8956512545.331682,8906418150.31508,7988903314.127153
19422,1050000000.0,1039022173.5449129,841763901.31511,918649178.786889
19423,999000000.0,1409498300.0992904,953770693.0507808,1037641567.336724
19430,675000000.0,375960131.6719166,360999691.6078247,429623001.7361079
19435,480000000.0,610944385.4547824,662651618.1471674,562110791.5515065
19438,545000000.0,432110501.17246866,439494779.18879086,427645890.5710948
19439,535000000.0,505167096.59326875,538404262.1875006,533542513.8567403
19448,715000000.0,769794927.0079334,728726356.9265249,802210762.3905
19454,899000000.0,853448478.8865191,837989741.9517181,871411722.7219188
19460,1100000000.0,998129851.0700591,1034727895.7338206,1052283510.4037204
19462,990000000.0,982403666.1182934,1013557728.6451515,1020771003.831142
19480,1139000000.0,1149114127.195232,1122753842.2209523,1149175652.21348
19483,1099000000.0,1109022616.7488256,1120272467.99462,1158327125.3493617
19484,1039000000.0,1149114127.195232,1122753842.2209523,1149175652.21348
19485,1099000000.0,1087964209.1336036,1083099803.7571657,1081079591.4117713
19487,1170000000.0,1149114127.195232,1122753842.2209523,1149175652.21348
19488,1170000000.0,1149114127.195232,1122753842.2209523,1149175652.21348
19489,1139000000.0,1149114127.195232,1122753842.2209523,1149175652.21348
19490,1139000000.0,1149114127.195232,1122753842.2209523,1149175652.21348
19508,1250000000.0,1287644965.1061497,1128421615.1390173,1194246140.9258912
19511,1210000000.0,1260363239.721708,1149609393.3926682,1208642913.2500372
19517,1090000000.0,1057919843.3425314,1081392693.4230838,1162216042.0309434
19520,980000000.0,1155091152.2603917,1039530877.4014412,1152782070.7246447
19529,1299000000.0,1309196629.6313038,1331503896.19763,1327246410.598949
19536,1230000000.0,1145302843.203881,1229243296.6065047,1238560299.3247182
19538,1490000000.0,1361330268.4849925,1398150831.5113263,1543246852.7407968
19540,1450000000.0,1374338189.1750612,1407969493.6428406,1526878264.408003
19547,1468000000.0,1393442445.8662508,1400419416.8993268,1538328159.1213799
19549,1689000000.0,1816953689.5218327,1731927853.5830157,1797826950.5116901
19552,1799000000.0,1728046560.2700434,1667295116.4063332,1702959738.7187629
19557,1638000000.0,1755749903.4787927,1675734161.0785115,1694246824.2047994
19571,1890000000.0,1839106906.7434022,1951780416.8589406,2098500784.0042722
19575,750000000.0,698692244.1820021,683340958.3172253,678412563.1935573
19577,679000000.0,692609991.8496443,679364264.0675352,660754767.2638779
19583,779000000.0,704405984.123895,743771323.7912886,731279826.027723
19586,755000000.0,704405984.123895,743771323.7912886,731279826.027723
19587,699000000.0,695511619.8779609,718955876.1792758,718061860.8816034
19589,770000000.0,704405984.123895,743771323.7912886,731279826.027723
19592,765000000.0,704405984.123895,743771323.7912886,731279826.027723
19593,860000000.0,856915359.5327975,856532862.0709217,875261327.719194
19595,845000000.0,856915359.5327975,856532862.0709217,875261327.719194
19597,899000000.0,856915359.5327975,856532862.0709217,875261327.719194
19600,899000000.0,856915359.5327975,856532862.0709217,875261327.719194
19601,860000000.0,856915359.5327975,856532862.0709217,875261327.719194
19603,900000000.0,934275485.9301363,920069100.3291806,1011556088.3703381
19604,820000000.0,899081129.3728179,941471212.4965426,1098201376.5302854
19606,760000000.0,782461098.1344353,733352785.923068,699848737.1710308
19608,695000000.0,783351801.5947196,784150931.5595334,746989428.326599
19611,890000000.0,862893733.8911009,813095663.5994085,836094229.7532614
19612,890000000.0,862893733.8911009,813095663.5994085,836094229.7532614
19614,890000000.0,862893733.8911009,813095663.5994085,836094229.7532614
19618,990000000.0,929575120.7390141,896254703.51509,927196404.8318824
19619,945000000.0,929575120.7390141,896254703.51509,927196404.8318824
19620,969000000.0,929575120.7390141,896254703.51509,927196404.8318824
19631,899000000.0,927488608.0109316,896635996.4499946,927991580.7252809
19637,868000000.0,929575120.7390141,896254703.51509,927196404.8318824
19642,1039000000.0,935104833.9345163,905414378.287661,1008782103.220367
19647,990000000.0,942929868.549957,918268589.7261829,1031047428.2668204
19648,990000000.0,942929868.549957,918268589.7261829,1031047428.2668204
19650,879000000.0,1041198106.4056072,1182273489.5410614,1180302463.0593746
19651,1199000000.0,1233613983.0275156,1298527892.6967762,1333710856.3580577
19655,1350000000.0,1305080481.1786275,1398006833.8288474,1396976590.4719086
19658,1490000000.0,1305297613.4264588,1501886341.5329385,1430962635.9791822
19659,1250000000.0,1210168631.6296291,1391396293.6296813,1411332377.0907338
19665,1250000000.0,1210168631.6296291,1391396293.6296813,1411332377.0907338
19669,1488000000.0,1478935004.3206608,1482843779.4355803,1466526892.2902403
19675,1470000000.0,1422748142.1137738,1414869252.2704465,1379501504.3705277
19680,1450000000.0,1510104524.4403832,1528680443.8087053,1503730862.347337
19683,1439000000.0,1469931002.632387,1510020897.8914475,1469660497.386695
19684,1439000000.0,1469931002.632387,1510020897.8914475,1469660497.386695
19685,1479000000.0,1414989915.6241171,1342789370.466869,1411880166.1434703
19688,1479000000.0,1414989915.6241171,1342789370.466869,1411880166.1434703
19695,1479000000.0,1414989915.6241171,1342789370.466869,1411880166.1434703
19696,1339000000.0,1515582314.6478822,1512315227.625656,1505713796.9135046
19697,1790000000.0,1599665520.3798769,1627737494.7755418,1676388135.3187172
19704,1679000000.0,1647190013.6418746,1636054329.113531,1627835176.7171907
19705,1679000000.0,1660086625.7232542,1636054329.113531,1627835176.7171907
19713,2389000000.0,2222843308.8652697,2071079708.400232,2048245767.7116404
19721,2000000000.0,2140282041.9533014,2155151831.981595,2091082424.992204
19723,2079000000.0,2085220924.6118562,2003996647.0425642,1934126942.87065
19725,2169000000.0,2085220924.6118562,2001620573.567454,1934126942.87065
19739,2150000000.0,2042505822.7316647,1947195689.2611568,1871821391.7729006
19755,2099000000.0,2153029818.412205,2003343136.8560693,2084599439.3005052
19764,2489000000.0,2521300539.8220534,2502639090.328587,2442983941.927087
19765,2499000000.0,2521300539.8220534,2502639090.328587,2442983941.927087
19766,2529000000.0,2561866670.917696,2517595724.0533853,2443659921.3376393
19772,1650000000.0,1469933840.0503702,1526640797.1332614,1396035942.1720898
19775,1850000000.0,1773611108.0371816,1746134222.0629568,1389227975.0132468
19807,2990000000.0,2990741528.0146885,3021028410.339424,3373768295.763072
19810,2880000000.0,2907058113.7937593,2822403660.48098,2714989247.363559
19816,470000000.0,451576700.1833212,472437193.6822571,417492118.31258464
19820,239000000.0,281640735.2140289,322178475.9499061,246047134.85693395
19825,450000000.0,443710606.8104093,425331571.32708555,448953704.14222306
19828,1186000000.0,1077444496.0701454,929229311.3229847,1213184839.695028
19831,2790000000.0,2661666824.529933,2755645340.1372857,2525822238.7829905
19840,3080000000.0,2893065334.658695,3021472128.8117447,2930125357.8720474
19866,3350000000.0,3226935745.740066,3361277439.597167,3380015285.824684
19867,3350000000.0,3226935745.740066,3361277439.597167,3380015285.824684
19875,3680000000.0,3344773611.003686,3388751810.3178015,3341653295.514088
19881,3480000000.0,3474289203.9705415,3422888458.450212,3621864093.672287
19882,3498000000.0,3517973700.4025207,3412217739.5330815,3418991540.26599
19885,3899000000.0,3775860500.154041,3858680922.279104,4027689055.3403234
19895,3880000000.0,3695159978.5217876,3823653431.630884,3709152364.810667
19897,3699000000.0,3695159978.5217876,3823653431.630884,3709152364.810667
19900,3699000000.0,3695159978.5217876,3823653431.630884,3709152364.810667
19905,3879000000.0,3878917871.31586,3828761969.2917743,3863919955.436381
19924,6350000000.0,6231760840.542695,5999592743.646333,5634168149.459512
19928,6388000000.0,6396857828.647705,6313693185.318731,5837224923.986225
19937,260000000.0,300939709.6105013,318416480.25022984,300209596.5263891
19941,255000000.0,314236597.6841595,297785140.2728819,264165805.87733352
19946,969000000.0,889718691.7443333,965744441.8849641,887066681.0093467
19953,890000000.0,890312232.0441283,874606733.3650191,862368247.2992989
19955,888000000.0,879322918.5802058,949842115.3668948,897544328.5445772
19972,1199000000.0,1151121921.220807,1127279325.8835337,1198829995.2634485
19978,1099000000.0,1187982064.1515908,1118769205.376918,1205308825.4940686
19992,1379000000.0,1197515492.3750024,1280528976.292142,1322992379.9172661
19999,3480000000.0,3611773641.1717863,3573989235.9289756,3508663757.3007517
20002,3390000000.0,3837919319.284669,3618139733.9865155,3748650209.5525994
20004,3499000000.0,3061601517.8619585,3442162843.8404098,3511438413.6924477
20005,3299000000.0,3106044324.9998965,3391939829.8159165,3526556701.7459745
20014,3568000000.0,3402772334.3583193,3430849587.8183513,3800006908.8787994
20020,3200000000.0,3378070305.309739,3396523409.1122146,3487147357.659127
20022,3350000000.0,3387462195.7719445,3377369300.719992,3408497192.551591
20023,3350000000.0,3387462195.7719445,3377369300.719992,3408497192.551591
20026,4299000000.0,3929496441.762176,4052943620.9438257,4271911237.743346
20033,2750000000.0,2768352854.172778,2384907793.7300344,2708804442.688532
20046,3668000000.0,3752908563.7582994,3684775200.471453,3583429534.0707154
20066,6799000000.0,6537507838.564871,6299054563.873109,5658421355.066425
20068,6350000000.0,6436444598.329339,6502603817.645392,5678215442.475234
20076,6399000000.0,6508165826.953962,6318319166.198426,5707186270.436064
20077,6399000000.0,6508165826.953962,6318319166.198426,5707186270.436064
20081,3789000000.0,3563159824.1756806,3616980542.667609,3509209563.1674047
20083,3489000000.0,3563159824.1756806,3616980542.667609,3509209563.1674047
20094,2050000000.0,2164651893.790013,2061435917.7875488,2032577719.502755
20097,2139000000.0,2029062663.774065,2029704713.2260926,2051321923.297979
20102,2280000000.0,2356163432.632395,2266688792.4779215,2212563537.86799
20105,1950000000.0,2005424543.2761083,2099205288.570043,1963789429.360711
20108,2120000000.0,2169871418.1976795,2145366162.4356618,2109265532.339166
20118,1986000000.0,1991484212.0425138,2153635544.6766276,1946961763.4905784
20127,1999000000.0,2133223176.9499855,2146373021.0899413,2008368804.607646
20128,1999000000.0,2133223176.9499855,2146373021.0899413,2008368804.607646
20129,1999000000.0,2133223176.9499855,2146373021.0899413,2008368804.607646
20130,1999000000.0,2133223176.9499855,2146373021.0899413,2008368804.607646
20132,1590000000.0,1640624345.8362248,1455256191.9263237,1344048795.608453
20137,1890000000.0,1777203765.038967,1735092085.0378058,1617787010.9093194
20145,1890000000.0,1985750374.7769399,1976758305.6736832,1858959255.082779
20148,2379000000.0,2434083140.4831,2164639425.89475,2188018079.521978
20150,2350000000.0,2242983102.818475,2180298232.0564785,2072094404.7700503
20151,2439000000.0,2300805015.737743,2180260805.0780325,2112651559.9253387
20157,3479000000.0,2395786882.622731,2393844792.9569,2422405134.072966
20165,1150000000.0,1022112394.5951563,944537888.3372643,916393441.7804427
20178,845000000.0,505062870.4783208,582872665.1669194,723651943.1641822
20188,315000000.0,306280148.9033497,281373765.4759283,287390328.97375506
20189,288000000.0,279871432.544536,280652323.53657097,283246867.12137014
20190,269000000.0,279871432.544536,280652323.53657097,283246867.12137014
20192,270000000.0,268191113.00743392,280673201.0843387,283374620.0843451
20193,260000000.0,268191113.00743392,280673201.0843387,283374620.0843451
20206,379000000.0,366714721.771408,369676171.1477104,350511938.14993495
20214,390000000.0,407836792.17521673,392269760.0999871,380787569.0200609
20217,335000000.0,354770068.80226105,361477863.29139954,375305523.41955644
20221,380000000.0,372670742.66208214,381098989.68204844,388275200.7299796
20222,340000000.0,367126545.4906682,378892028.8584759,368957070.8468394
20225,590000000.0,434988846.5492776,430996646.8214511,526102708.48234147
20237,530000000.0,504662835.30974233,488829584.2879121,416845173.97213954
20246,360000000.0,381836992.38101023,386943192.0164475,403374654.89375705
20247,350000000.0,380524187.8348897,375963545.7728621,395387572.74082536
20266,1570000000.0,1243988233.1269,1170239294.1071796,1263601113.109775
20285,1750000000.0,1555706121.8940015,1689988813.4525893,1692354715.7937262
20289,1569000000.0,1568233436.5932548,1561967904.8293247,1533146757.33675
20291,1599000000.0,1536392942.4967432,1484187830.719772,1538517348.7540133
20292,1589000000.0,1596859135.8449163,1649738577.7264032,1656204908.3570335
20293,1599000000.0,1596859135.8449163,1649738577.7264032,1656204908.3570335
20295,1599000000.0,1596859135.8449163,1649738577.7264032,1656204908.3570335
20305,195000000.0,198715759.3417065,195336966.53309923,213023416.60829493
20308,250000000.0,238146761.04427508,265085033.7327745,262258928.57645017
20309,295000000.0,292190788.6774212,285988525.1880762,289426031.8591839
20317,305000000.0,310494479.14151293,317217442.305937,327245724.39311594
20320,160000000.0,182983298.82330132,176269057.16511393,183372720.3265425
20321,225000000.0,201769735.8771627,204849651.42663354,207169641.217276
20353,210000000.0,240915586.3922588,262727306.14277261,259525847.667844
20358,489000000.0,546923804.3173466,488611458.75314605,508777221.78081036
20363,515000000.0,491218207.75285673,524234570.9886721,519123583.55903643
20371,620000000.0,625137240.1012565,643863387.1394957,641600175.0001941
20372,683000000.0,678627663.9307233,680378323.6187773,673965688.0127251
20388,138000000.0,191053837.2336093,183952753.6065905,145082047.97263163
20403,799000000.0,784939887.34197,730358576.1599712,749718931.4906586
20405,768000000.0,781948824.0150526,732895534.1971173,748863889.5914699
20428,355000000.0,338469723.56791556,354353076.13379765,362671557.9928972
20429,355000000.0,338469723.56791556,354353076.13379765,362671557.9928972
20433,368000000.0,353341465.9636483,356676205.46103925,391134373.08145237
20435,379000000.0,367916869.22911054,372729816.2577268,395398067.70861125
20437,380000000.0,354045540.92017937,375940599.4793129,389671769.5543778
20456,245000000.0,196597072.70408633,177267043.08414254,216286986.67382014
20457,264000000.0,214234440.82825083,224991910.8540029,224093475.42496642
20458,305000000.0,270160490.6471583,271890993.6410615,289251477.3266051
20459,545000000.0,560025578.4598478,562382978.5435178,549749005.111975
20461,540000000.0,560025578.4598478,562382978.5435178,549749005.111975
20466,555000000.0,528356701.8222516,539204831.0835832,486165638.23546207
20467,518000000.0,570910613.7040635,587964316.1177908,505429773.52939206
20468,500000000.0,561371248.480003,597948322.469563,508738986.48243845
20485,390000000.0,398117132.51360595,386460817.6744268,392241739.16318595
20488,395000000.0,381190975.1335787,388142879.68146455,395597376.62480384
20497,405000000.0,413048128.42060316,406503439.67026204,400364151.14804417
20500,405000000.0,460837909.7558419,471332833.77167445,435670060.75067866
20501,439000000.0,416274589.34202045,413425050.1187339,409861635.5734664
20507,405000000.0,416274589.34202045,413425050.1187339,409861635.5734664
20508,430000000.0,422228795.69161636,431789018.91888666,441077127.26684755
20512,420000000.0,425608593.48702735,427407757.70782256,399616570.24763995
20517,323000000.0,316707143.08383375,323398733.2405042,325460460.64110875
20526,365000000.0,343298379.93973494,359501078.32896715,341011297.3305305
20529,350000000.0,347691002.79988796,374076604.10499585,355252017.95873237
20534,468000000.0,469742496.33773315,468589918.1770942,490211868.46853316
20536,479000000.0,473344944.47912824,475390286.6053756,502692718.66322577
20537,479000000.0,473344944.47912824,475390286.6053756,502692718.66322577
20538,488000000.0,467308964.89622647,472005762.7267418,495775353.3310263
20540,535000000.0,555007990.5253496,542875470.9590186,544180995.6510682
20541,555000000.0,554793809.5191108,567688556.1065428,561851639.4961717
20557,549000000.0,582792314.4101788,603376482.3723863,569362957.4691732
20560,165000000.0,153982327.00652644,156741962.31639326,149916885.41104585
20562,369000000.0,367078795.6806221,371542333.18278474,382334352.7609489
20570,155000000.0,169155798.83503443,180402699.17270628,164836247.99609923
20579,555000000.0,584590570.2435634,582585906.4523141,561213467.7072487
20582,495000000.0,553446484.9323362,553830916.532209,554863305.1218581
20583,320000000.0,342818075.05363655,348609241.52967584,352515799.5675308
20587,325000000.0,330850682.78608924,324664480.0984832,333182885.4506833
20593,350000000.0,368892708.75098443,383781885.6566941,384150916.98158073
20613,250000000.0,272861943.44466436,278816913.1546285,286259165.99275064
20618,183000000.0,234421787.68218467,229988100.2178669,218938968.29452762
20620,225000000.0,231764738.46251908,240156779.6533688,222286620.22069263
20623,399000000.0,591765460.2144421,392133612.20733047,337750203.47264355
20624,479000000.0,502413264.1841661,596031945.3366396,571698518.6557407
20625,479000000.0,502413264.1841661,596031945.3366396,571698518.6557407
20646,595000000.0,642509320.18264,601333738.0004635,655792784.6536573
20647,465000000.0,502056059.75872505,498639196.4892223,466282937.3109981
20648,515000000.0,514144983.45487887,496453665.6538416,480747514.61104536
20652,560000000.0,698485496.5564743,384844029.2157931,564146952.1693603
20654,468000000.0,459203978.38568616,462168827.13520455,477972103.6196823
20655,498000000.0,459507715.15462905,475208974.1871503,515407067.2547255
20656,498000000.0,459507715.15462905,475208974.1871503,515407067.2547255
20672,685000000.0,607129947.327801,620856565.549348,592506397.1596012
20683,485000000.0,479079935.13355833,489726412.03439647,458185209.49273103
20686,385000000.0,400979289.4819699,372557811.9363378,371540860.9681272
20691,695000000.0,656747944.4121318,699751431.1604701,720456551.1213845
20692,680000000.0,663248432.9154572,683601681.9320463,713414209.6430185
20694,680000000.0,663248432.9154572,683601681.9320463,713414209.6430185
20701,770000000.0,745993347.9178978,807457774.5966645,792282677.3883977
20707,689000000.0,742498919.1739327,698360754.1561803,731802835.85452
20714,789000000.0,721400420.0045978,771792097.3328898,740045432.7164348
20718,760000000.0,817628371.7880676,801209235.8266528,804299962.4642758
20730,289000000.0,363604820.46954364,368126091.80368936,352428112.67957145
20734,745000000.0,762858831.2736163,747450392.1249108,734713917.6144973
20735,655000000.0,697491120.6725684,633307180.1943333,664049203.4718323
20737,820000000.0,798433726.1870309,782820932.9458957,742877654.0885563
20738,780000000.0,784608957.3278484,774653216.1157748,754089959.4657896
20753,3199000000.0,3161085002.4747305,3154888795.897963,2859764071.723155
20756,3500000000.0,2836432082.3947883,3163113348.1076922,2979768920.4647946
20757,4550000000.0,4169270099.0031004,4243019310.7327757,3963331335.1502576
20761,3380000000.0,3354028733.6827254,3390568549.3772826,3383299560.6864505
20775,2500000000.0,2573667149.0348897,2278257276.657245,2580443627.017907
20782,3900000000.0,3591124623.792998,3446314681.446909,3754508868.0206075
20783,3780000000.0,3591124623.792998,3446314681.446909,3754508868.0206075
20784,3680000000.0,3591124623.792998,3446314681.446909,3754508868.0206075
20792,1150000000.0,1165462383.3812106,1089128138.4604084,964736226.667984
20794,950000000.0,1189115730.9807951,1189495699.1078477,986085508.5653135
20795,1150000000.0,1189115730.9807951,1189495699.1078477,986085508.5653135
20805,490000000.0,488395903.8392114,565846494.082766,516803714.5341129
20810,4899000000.0,4061601899.9797416,3816658519.0777555,3868566457.8053913
20813,930000000.0,862878088.078174,897755163.4609883,1035814701.1719023
20816,1280000000.0,1206155455.0596988,1257614139.372327,1249861200.6774607
20819,1279000000.0,1301007574.533173,1287788796.8588405,1395036913.0388465
20822,1279000000.0,1301007574.533173,1287788796.8588405,1395036913.0388465
20824,1279000000.0,1301007574.533173,1287788796.8588405,1395036913.0388465
20838,2250000000.0,1901012344.0939183,1908284667.7723901,2150004092.082245
20840,2339000000.0,2442853282.7782516,2368691935.0030317,2453318531.4547
20843,2339000000.0,2384041863.5962706,2371987790.49137,2453318531.4547
20848,2799000000.0,2726695330.189257,2666449966.4845443,2713506966.762156
20852,2850000000.0,2658898144.131145,2530420628.1462426,2573516475.3384542
20853,2999000000.0,2936804136.7572784,2888585639.8742223,2804386467.6364746
20863,4600000000.0,3695006199.2405524,3431340409.8942914,3107643006.6014147
20874,4379000000.0,4169462018.12211,4121395688.9433293,4489136516.716004
20884,7199000000.0,7666353003.275818,7289449812.293815,6578260437.677148
20899,4279000000.0,3860192387.7621746,3728075058.0471106,4006912658.278191
20905,5288000000.0,5455433736.341395,5085721960.761184,5149152795.157904
20906,5000000000.0,6281593161.92418,6397298422.216373,5426743236.355575
20915,3390000000.0,3242279772.878791,3547596912.35456,3093166201.965149
20920,4289000000.0,4105227090.119846,4132833474.378923,4108869566.2308493
20921,4289000000.0,4105227090.119846,4132833474.378923,4108869566.2308493
20922,4289000000.0,4105227090.119846,4132833474.378923,4108869566.2308493
20924,4299000000.0,4105227090.119846,4132833474.378923,4108869566.2308493
20931,3450000000.0,2249684202.443217,2872668519.094757,3033782288.2101603
20936,28000000000.0,24933540397.449642,21263385855.65687,16656026425.750166
20940,3790000000.0,4065463604.051862,4129854867.1453424,4040482332.099848
20947,3999000000.0,4643735449.721557,4387947682.529043,3854584004.214254
20948,7150000000.0,4801065549.985942,6198334020.74144,4880544462.529675
20950,8979000000.0,5014617063.209195,7890137465.5139885,5710959714.79333
20951,9000000000.0,4876476940.602622,6819338153.359754,5864387977.306602
20952,8900000000.0,4876476940.602622,6819338153.359754,5864387977.306602
20953,9669000000.0,5014617063.209195,7890137465.5139885,5710959714.79333
20954,8600000000.0,5014617063.209195,7890137465.5139885,5710959714.79333
20955,16000000000.0,10362806677.405209,13284680890.114063,9690792876.02161
20958,7900000000.0,10223864490.585058,9480019058.397501,6683743197.349553
20967,55000000.0,209276712.28094164,154351053.81758547,103385803.58379193
20968,215000000.0,260686633.3542397,234449518.61064112,179018222.36426637
20985,225000000.0,270268970.8478556,230337984.0795306,239051798.66697565
20987,340000000.0,366931531.5459928,361513717.2135372,354844136.91164184
20999,118000000.0,124218421.81513251,140544131.04409546,139063951.89485577
21000,125000000.0,121232890.02445288,124565557.8522357,133028058.16339071
21006,205000000.0,197053391.09349954,195174218.78855845,187209156.07783884
21022,380000000.0,303263320.1640822,254490117.92244038,318365997.2226308
21026,350000000.0,354034780.600753,336701215.5198633,312167391.54819804
21028,395000000.0,351898578.5695004,353460695.1213961,340357317.8808861
21029,420000000.0,383014100.21323484,369380147.17049384,346545098.064381
21046,385000000.0,338101233.08969015,364418605.1516575,301497041.7189976
21050,388000000.0,397505131.6739115,393826843.7209805,383089760.80231756
21051,375000000.0,397406472.2193738,394428234.5041253,386418946.1411914
21055,425000000.0,407880180.2721209,420677092.5389502,408667724.5312485
21057,390000000.0,405596258.181351,402060368.5134653,387136315.2302633
21068,275000000.0,254549875.58213222,269373038.89651847,256820355.1964349
21070,960000000.0,206545161.69405317,251607748.128436,647701057.1605034
21078,550000000.0,204012994.731173,402642843.82571167,203800948.06418923
21080,4599000000.0,2781271195.5320673,2642179534.470473,2446604891.3520684
21081,4599000000.0,2781271195.5320673,2642179534.470473,2446604891.3520684
21082,4599000000.0,2781271195.5320673,2642179534.470473,2446604891.3520684
21085,2550000000.0,2380566846.6147785,2453278914.1257806,2327414218.988612
21088,3199000000.0,3099139259.8139877,3123609609.3410306,3002379585.2576566
21090,3239000000.0,3099139259.8139877,3123609609.3410306,3002379585.2576566
21098,3050000000.0,3253403467.186153,2842522465.608917,3330670145.7639675
21099,300000000.0,295765949.25785214,311939272.8696961,352083480.41136336
21101,390000000.0,421420226.2445199,428262958.10691994,447491009.51876664
21120,425000000.0,427168889.4387359,435904960.4358086,386359954.33815026
21123,475000000.0,490228846.00658536,486597013.8758143,439431787.28256524
21124,495000000.0,473124131.5779145,441767315.87512153,423596251.00885844
21127,535000000.0,472518824.22432864,500520164.82455415,457621799.0786492
21128,459000000.0,475028019.9887614,472277725.47064835,444443601.07305974
21129,590000000.0,565409599.0666776,554894623.4576285,493647145.8520155
21131,598000000.0,588828291.8533254,581560067.0253959,493450791.9945929
21134,720000000.0,766343359.670752,802740410.5916153,741498150.7786977
21136,818000000.0,830711986.6146356,900822039.8020474,783380268.5601958
21138,938000000.0,926650084.0188062,872615528.4344093,781634975.473892
21142,1188000000.0,1155405618.061896,1081662926.8492193,927357048.2028128
21144,1155000000.0,1155405618.061896,1081662926.8492193,927357048.2028128
21147,195000000.0,160551860.67778862,163153809.03948534,164902498.0087733
21148,175000000.0,163839324.39749807,168828040.7786887,169580837.0500997
21158,280000000.0,287744829.08962715,293538256.9278669,303468656.8751226
21159,260000000.0,276714397.48731476,288787351.82735693,280881303.3774027
21164,295000000.0,305162033.1948029,299555093.6969724,308232859.07683945
21166,320000000.0,300248622.1410243,306995343.1030742,303270550.7318669
21169,320000000.0,324111934.2566844,340190945.02928966,329862422.4847632
21177,1390000000.0,1407293510.9100354,1437147459.8153524,1343529912.4793708
21178,1380000000.0,1396472526.494341,1402068448.3615556,1329284713.357419
21180,405000000.0,416943018.08929,440913740.8223602,407237325.0864603
21181,395000000.0,410322706.575337,415359923.63735485,398215695.2524825
21185,539000000.0,513460735.7734062,525328599.5875987,499788276.3446398
21186,539000000.0,513460735.7734062,525328599.5875987,499788276.3446398
21187,950000000.0,808049471.2582281,840671240.2474526,947146529.4588826
21191,605000000.0,579392984.2124692,564323543.6247144,573240246.9009565
21192,689000000.0,589740517.2887284,566738670.8581159,553407574.6885732
21193,599000000.0,579392984.2124692,564323543.6247144,573240246.9009565
21194,599000000.0,578554501.0584757,580095501.8903205,574214805.0186164
21201,730000000.0,792851590.1324296,782786592.1130742,769741687.667484
21221,1045000000.0,1020030150.0369523,1024156476.915257,980547074.836339
21225,1045000000.0,1035108245.8634609,990736079.2579956,973628338.2760234
21228,985000000.0,1052778758.1548669,991480892.6534634,966412400.6892396
21230,1075000000.0,1043825339.6354648,1006176682.5248367,1027538232.9233592
21232,1165000000.0,1043825339.6354648,1006176682.5248367,1027538232.9233592
21233,1048000000.0,1076250136.96719,1082438933.8010101,1026291455.2209989
21241,345000000.0,285796854.7907807,281943219.4809552,283855500.88512105
21255,405000000.0,413046193.99713135,426822833.5153211,393044274.1849981
21259,216000000.0,246267290.80632108,247384449.08129638,259893309.23442623
21264,245000000.0,262973837.79940322,260900616.25356242,274623835.60636955
21268,390000000.0,409538372.2646656,394474128.21540004,417760748.3021714
21274,499000000.0,503734679.2078208,512490330.8801521,487736741.7736823
21280,569000000.0,584881704.9430555,594897322.7810197,536402589.46477616
21306,595000000.0,634380880.0658786,628009703.5185956,623644150.3967314
21307,655000000.0,612599646.8152186,674738583.582439,656819102.8756337
21308,858000000.0,828892469.4992585,832436416.1639427,890869389.1965319
21318,728000000.0,711998206.8843664,709739982.6565913,727051052.3251637
21325,600000000.0,584545827.327225,570155057.8079015,566432199.616143
21328,585000000.0,623013253.503724,613129660.0384451,604187367.3520697
21351,775000000.0,755882566.9840142,740891417.8683522,729661404.4454721
21355,759000000.0,751741048.3511962,709532893.472009,710565638.4482048
21360,779000000.0,761390935.9122791,728083100.9907545,724616643.8927618
21361,775000000.0,761390935.9122791,728083100.9907545,724616643.8927618
21365,685000000.0,647004391.8091881,639092895.0645138,691395993.509681
21375,790000000.0,791276751.2510811,776514185.3324218,728852427.9436346
21378,800000000.0,806595696.1003487,837722861.9136347,810532524.7147138
21379,800000000.0,806595696.1003487,837722861.9136347,810532524.7147138
21393,540000000.0,537176034.0885723,544745606.1452326,544123647.1524248
21403,620000000.0,712627448.0058873,706369123.8357534,655048251.8418678
21406,890000000.0,897978155.0903174,902510875.3341544,865398626.11416
21415,300000000.0,292203871.0600758,285334153.6978865,276174426.172454
21418,468000000.0,415700455.61089593,429483429.24993503,443494368.8094529
21423,430000000.0,447923453.33071995,452786418.12665117,465406041.50442153
21427,329000000.0,334265960.06643546,336863732.9999263,344927214.366238
21428,395000000.0,401738519.553881,397275430.75727475,412021034.7097819
21429,415000000.0,399396798.9849922,404425420.4488452,422192410.42564726
21433,389000000.0,417412033.4069827,420391542.9712991,428585614.07531905
21434,395000000.0,436408784.6878897,428285013.5376024,441333666.4888849
21435,368000000.0,417412033.4069827,420391542.9712991,428585614.07531905
21442,595000000.0,604372860.664294,590222762.9374479,581686426.5540714
21449,595000000.0,630297869.909936,586492572.0135615,640587746.0776466
21450,605000000.0,644229089.0828418,637810604.6674982,676017453.1741623
21456,250000000.0,283276098.6297618,262780930.6595999,279340755.945734
21466,790000000.0,753346077.355466,741527603.056038,903677503.5719296
21467,790000000.0,755025576.9942895,723790807.4329809,891035357.5012349
21470,835000000.0,821142673.9653628,809982864.0299951,1024498382.5458875
21480,220000000.0,255135339.95400795,243922879.774207,275201588.21031815
21487,344000000.0,329753722.4796116,343110305.1746395,340411811.67609966
21501,378000000.0,360424693.11859167,332637014.0262038,313181251.28493965
21508,615000000.0,495058069.4881701,507878841.9684225,419229521.00129664
21509,590000000.0,496338070.37954277,496996541.81481034,453251777.3017018
21511,540000000.0,491470942.51718175,491299118.7412607,489680525.7412193
21512,499000000.0,485493833.3583116,479091404.2276323,489832477.18270427
21513,459000000.0,330445158.659001,358282612.7657067,389246667.08066547
21516,565000000.0,579197286.3228477,591763685.6388713,622577379.2605867
21517,540000000.0,578574965.439185,566360458.2334193,594370625.4616923
21522,182000000.0,231890703.11798483,227087651.19000486,225131305.602558
21527,215000000.0,268843893.3503449,252054935.39670053,281432681.2548041
21528,298000000.0,278661897.8522479,263953877.34958953,289126625.8716983
21537,250000000.0,279783493.8693771,303410636.96357626,311936697.05411625
21543,330000000.0,327473220.30199605,340739676.11984366,320089173.88386613
21546,335000000.0,331445485.5126568,352284203.43797994,335800445.3541741
21549,360000000.0,371605533.6854727,378907205.4255153,369893387.7638163
21559,375000000.0,414871611.9350974,392315402.6618963,388801864.5453347
21560,393000000.0,371762482.896168,386363530.67405,383197105.7419182
21561,360000000.0,363644780.52491945,382144961.4323192,383654321.8839863
21564,359000000.0,366195436.25071716,389335890.35726,383591055.9459329
21565,345000000.0,364928108.70200926,378971531.9098511,378083825.83190686
21573,275000000.0,314788192.78993976,317280978.31491727,333016192.7774147
21580,430000000.0,469300871.4801943,469528415.53529084,446800313.26182604
21581,485000000.0,463337709.27763206,462660975.5176618,438047780.8737871
21585,330000000.0,430000012.10495615,455600167.63156337,448127441.9159857
21586,775000000.0,806593251.7133538,824494530.0524206,908894778.0418912
21589,825000000.0,820106680.5233415,831969749.5603887,855816057.465099
21597,976000000.0,974670650.312911,972760235.8180971,1030514388.3808948
21601,120000000.0,156540944.11611906,144067065.65062243,131145146.6203852
21603,145000000.0,159959965.19871935,144358908.928279,151582475.68380648
21622,210000000.0,205901479.40808773,180010518.42352584,204912082.98129722
21625,5390000000.0,4118501637.862984,3918250367.394286,3833878826.0682154
21626,5390000000.0,4118501637.862984,3918250367.394286,3833878826.0682154
21627,4260000000.0,4091968013.027361,3676435209.638347,3761507013.033839
21628,4279000000.0,4091968013.027361,3676435209.638347,3761507013.033839
21632,4599000000.0,4555849864.998551,4303725530.486371,4226340697.1201878
21634,4480000000.0,4555849864.998551,4303725530.486371,4226340697.1201878
21635,4480000000.0,4467064465.014613,4290202457.785604,4352682779.853468
21638,4980000000.0,4337703523.438797,4916949762.256866,4850165597.291253
21639,4790000000.0,4645237963.141026,4971475418.89362,4647617610.963732
21640,4790000000.0,4645237963.141026,4971475418.89362,4647617610.963732
21641,4579000000.0,4657809359.436738,4975146437.956231,4703568148.642152
21650,4999000000.0,4541540812.012725,4938388352.101088,5016996159.177687
21657,4880000000.0,4899725608.782247,4942449708.612393,4921210229.157713
21658,4880000000.0,4899725608.782247,4942449708.612393,4921210229.157713
21665,4779000000.0,4899725608.782247,4942449708.612393,4921210229.157713
21667,5190000000.0,5313707401.774302,5256856956.797748,5373869190.984337
21668,4900000000.0,5054459142.826139,5149274056.776441,5344294568.555137
21669,5150000000.0,5054459142.826139,5149274056.776441,5344294568.555137
21683,3880000000.0,3973808900.2676854,4012492786.2547946,3871202900.7587037
21684,3950000000.0,4009417832.515037,4132943834.4122868,3797110222.173106
21685,3950000000.0,4009417832.515037,4132943834.4122868,3797110222.173106
21686,3950000000.0,4009417832.515037,4132943834.4122868,3797110222.173106
21687,3890000000.0,3981260012.0771465,4036064801.720378,3901817249.895967
21688,3990000000.0,4009417832.515037,4132943834.4122868,3797110222.173106
21689,4000000000.0,3998104316.4415026,4146722525.1923575,3796008727.3280907
21692,3959000000.0,3981260012.0771465,4036064801.720378,3901817249.895967
21708,270000000.0,331941475.0290125,326558691.94320905,322834943.9078058
21711,2999000000.0,2140015610.5492547,2334924031.9778795,2544354015.616365
21712,2999000000.0,2140015610.5492547,2334924031.9778795,2544354015.616365
21714,2900000000.0,1467737951.542244,1424775427.9886575,1681934750.555019
21739,2550000000.0,2791629717.0801053,2731938332.3525376,2819338308.1034493
21742,2860000000.0,2791629717.0801053,2731938332.3525376,2819338308.1034493
21746,2830000000.0,2948578073.1746955,2863756786.127573,2730809528.594808
21756,2890000000.0,2948578073.1746955,2863756786.127573,2730809528.594808
21759,3668000000.0,3639181258.2739778,3752029550.0568566,3577837680.582105
21760,3668000000.0,3639181258.2739778,3752029550.0568566,3577837680.582105
21762,3490000000.0,3630831806.470098,3753754645.7674437,3610064778.2109346
21763,3686000000.0,3630831806.470098,3753754645.7674437,3610064778.2109346
21764,3686000000.0,3630831806.470098,3753754645.7674437,3610064778.2109346
21766,3480000000.0,3630831806.470098,3753754645.7674437,3610064778.2109346
21767,3500000000.0,3630831806.470098,3753754645.7674437,3610064778.2109346
21778,5290000000.0,5044291890.161109,4971115103.151367,4637958359.855956
21779,5399000000.0,5254469333.468234,5214972896.686262,4865805881.806214
21780,5399000000.0,5254469333.468234,5214972896.686262,4865805881.806214
21783,3269000000.0,3177998144.466785,3209017741.851634,2490139492.898288
21805,790000000.0,673426181.3538363,681466681.4230175,723192473.3209721
21806,789000000.0,633085417.9285611,661657669.005796,718740793.400932
21811,1150000000.0,1178497818.01506,1278474113.1826394,1325795713.0582547
21813,1199000000.0,1219912121.2163212,1243650202.2368598,1315683410.961733
21822,1146000000.0,1125433908.6661227,1197645736.0531788,1306091217.5943177
21841,1720000000.0,1822454155.3473856,1671759601.5058296,1584664048.379493
21843,1720000000.0,1822454155.3473856,1671759601.5058296,1584664048.379493
21844,1688000000.0,1822454155.3473856,1671759601.5058296,1584664048.379493
21846,1699000000.0,1761294203.5479832,1710435031.9207377,1565019450.9770982
21848,1699000000.0,1822454155.3473856,1671759601.5058296,1584664048.379493
21851,1750000000.0,1815386760.4127247,1754835076.5679119,1817387092.7986999
21855,1820000000.0,1793161074.535681,1746214155.5738294,1784331579.1516929
21857,1785000000.0,1821566793.3787668,1765228299.9022305,1815256146.1332572
21858,1820000000.0,1793161074.535681,1746214155.5738294,1784331579.1516929
21859,1890000000.0,1808863402.1458888,1730036044.9610767,1747075171.1603143
21860,1780000000.0,1821566793.3787668,1765228299.9022305,1815256146.1332572
21863,2290000000.0,2318461558.3078117,2450103754.3205986,2287507577.718668
21867,2200000000.0,2356972999.3182516,2228463327.3988633,2259696750.8662796
21878,2390000000.0,2428212344.875859,2389388065.7834673,2332286810.1745443
21879,2439000000.0,2417278632.281476,2387625004.2839193,2304748273.658641
21883,2670000000.0,2789500838.6245227,2896336924.7997284,2785568532.2123547
21884,2848000000.0,2806105151.0744634,2870603610.5899377,2785671368.113325
21886,375000000.0,324932484.27583176,336780216.19884837,289339862.0174756
21887,798000000.0,416436989.2847331,462043668.6594388,416435418.5806036
21895,489000000.0,486072737.2492101,470709343.2695142,453845388.4333961
21897,498000000.0,468834704.57643497,466768400.92206913,449883433.430382
21899,485000000.0,474519841.7514991,470924866.23286086,450582788.1433803
21908,395000000.0,309793971.0236687,304363529.18477273,307776273.93336916
21916,4250000000.0,3806372049.84364,4069132353.3877907,2456687079.920909
21920,435000000.0,440073136.13222235,447681187.2540381,443617583.76802707
21921,436000000.0,440073136.13222235,447681187.2540381,443617583.76802707
21923,362000000.0,440919272.2395239,446327270.7528628,443485822.4435147
21927,495000000.0,477794667.2884145,473498079.5095331,469120878.05762684
21928,460000000.0,456317439.4604567,492627815.655017,474772448.4004685
21934,473000000.0,465708672.64253443,449427361.34101075,480606123.4078364
21936,475000000.0,465708672.64253443,449427361.34101075,480606123.4078364
21937,485000000.0,465708672.64253443,449427361.34101075,480606123.4078364
21943,475000000.0,486597412.644217,474728830.64510244,515546395.2444528
21944,485000000.0,475774036.4412567,492840213.9663438,518106494.82529604
21959,485000000.0,533293247.6489711,507108340.2180323,458735190.5725649
21962,89000000.0,99031285.82981503,111454300.58791858,117865193.07068451
21966,240000000.0,226450952.3945467,223766210.40977076,230488893.5170657
21969,211000000.0,199485035.36560664,213239608.19393444,233281962.1159129
21979,350000000.0,351090207.0466913,375574365.5413369,377559936.0040981
21982,263000000.0,259066853.0388246,264901560.97837156,277954449.2229701
21984,260000000.0,297158110.87200797,283699086.2926393,285606947.06296456
21986,189000000.0,204739870.3046547,187435693.2623891,192107839.23922846
22005,365000000.0,362244001.8928863,348653128.9699035,361429546.1441587
22011,296000000.0,325520979.1060902,323414154.46151197,316285993.0850579
22016,310000000.0,329327756.41698676,314784258.38037294,315032667.81346756
22021,350000000.0,339286402.06755984,343366283.1241314,337438910.8272918
22033,370000000.0,364566658.4949751,360164069.2211813,390935223.5958998
22035,340000000.0,392940089.3649949,385605973.4089892,418325876.34188706
22037,369000000.0,358498513.75889087,366777640.95333046,403214608.95039153
22040,390000000.0,420349816.61631346,415147658.5962628,420614356.38420504
22048,423000000.0,423260538.308916,445121755.89074373,453649711.423051
22050,418000000.0,423260538.308916,445121755.89074373,453649711.423051
22055,410000000.0,412253794.93265116,387188297.4227981,393282083.8466568
22056,390000000.0,424322835.43099713,412141716.57966024,419223054.7544442
22060,435000000.0,417830992.44925505,412420875.848839,413320130.9672809
22063,465000000.0,440544699.66254747,438663165.0950247,420429351.1490384
22069,60000000.0,76961118.04841508,81495839.9626938,92375173.27730525
22070,90000000.0,120418949.07830536,115424472.8971034,123293173.23833439
22076,293000000.0,294602516.85408604,304926580.36086667,336784159.12726885
22082,172000000.0,196677884.2133171,205695346.87107113,215602647.3093561
22085,373000000.0,366801852.54000646,369370988.306676,377419513.0418528
22090,200000000.0,185939145.2123041,189272198.6729633,189819077.74806213
22092,209000000.0,196641937.34515148,195841712.45676145,199523354.28112665
22093,195000000.0,193216033.9456035,190101077.83677444,180498705.73406085
22098,160000000.0,199371201.59788787,210034563.72524428,195650762.54263532
22100,220000000.0,194069396.7904551,189458570.53553593,204610942.82433152
22103,179000000.0,198338276.35633317,193014093.59520254,206659808.4525637
22104,199000000.0,204476456.75572655,198400966.37041566,208309371.2455947
22107,215000000.0,205242572.2456488,198603145.49570292,209865033.35799462
22115,318000000.0,299922362.08120626,294765833.64749503,312315421.2003212
22118,315000000.0,304670184.3766652,274054822.43261486,267057687.6057727
22119,299000000.0,317016311.8761792,288398185.8396679,272068790.48658735
22120,295000000.0,296996967.03133583,274142653.1434501,265936534.83718222
22121,275000000.0,327441164.923564,302026059.5252564,267427068.99474487
22133,350000000.0,345673555.53117913,341133098.2312741,339777667.2774956
22134,355000000.0,354481864.8966751,374678563.78386325,341872616.05664307
22136,355000000.0,346683413.8826892,343949000.20162976,340119123.2936996
22137,355000000.0,346683413.8826892,343949000.20162976,340119123.2936996
22140,418000000.0,403375126.61016524,398717753.86918825,365317332.3322198
22161,570000000.0,574555223.7793273,548177865.8654181,551572142.7439682
22168,459000000.0,445212995.4028008,424604497.21009064,383532852.75655085
22191,260000000.0,263340622.24535957,265769500.0324307,263416191.8406086
22195,275000000.0,276715831.46951485,270766427.6651066,279241860.8919103
22199,295000000.0,278839211.3200417,276026780.4930887,280209478.34850067
22208,295000000.0,290635043.35397637,273582170.61009216,287353464.18480647
22215,269000000.0,257147502.3080513,252273293.43893304,265950105.90726545
22216,265000000.0,247945368.85578257,241517861.89271376,263510574.50840837
22219,298000000.0,304210545.67516065,302598638.0958562,301862674.36119205
22220,298000000.0,304210545.67516065,302598638.0958562,301862674.36119205
22223,270000000.0,302474915.4344571,305340379.401962,300522593.5927494
22224,340000000.0,297355154.37120694,305352027.4352712,300150610.5137133
22226,288000000.0,283724288.626625,287039956.42929745,291826627.47466576
22232,280000000.0,295344139.73248905,294611263.3554896,298263903.4810928
22234,298000000.0,295344139.73248905,294611263.3554896,298263903.4810928
22236,295000000.0,283724288.626625,287039956.42929745,291826627.47466576
22237,295000000.0,292058391.2098375,300361217.0260199,299262849.75647616
22242,279000000.0,292058391.2098375,300361217.0260199,299262849.75647616
22243,299000000.0,303347677.0818856,293014118.0662517,297850832.11730236
22245,270000000.0,303347677.0818856,293014118.0662517,297850832.11730236
22256,685000000.0,625919079.3418227,617802968.6573926,697423011.0289555
22260,630000000.0,636514793.4168067,619483242.1749516,671285431.5339322
22261,599000000.0,606589796.5436885,621771433.5641896,646150554.6764846
22265,599000000.0,606589796.5436885,621771433.5641896,646150554.6764846
22268,599000000.0,618251858.3224453,635079283.4688216,703177131.3743923
22269,585000000.0,618251858.3224453,635079283.4688216,703177131.3743923
22270,580000000.0,618251858.3224453,635079283.4688216,703177131.3743923
22272,599000000.0,577505076.8436273,711080076.8645079,689443931.9108833
22273,425000000.0,416407221.2671782,416298991.22910374,419984162.397707
22275,399000000.0,419029115.62204975,433979493.39799714,418332475.0191082
22279,495000000.0,461449595.98807347,494435179.96377814,476179359.12049437
22294,565000000.0,562884394.4217769,537413166.3166566,554212130.1180984
22307,510000000.0,487840322.7074547,478303448.3970696,467860092.3824237
22312,499000000.0,528963465.6843565,499472085.2550944,490189589.40355986
22330,460000000.0,475191322.01304746,498765706.014128,519021937.2328456
22332,515000000.0,513345361.44821036,516077536.2394688,538792153.7204819
22334,489000000.0,522549646.07424825,530902951.0350435,534346673.4626614
22335,530000000.0,535545572.6801787,527486283.93410254,532834481.7752674
22336,510000000.0,522549646.07424825,530902951.0350435,534346673.4626614
22338,539000000.0,531492899.80796057,544108021.4092326,550718036.8899388
22344,490000000.0,496122987.19087845,485191105.718511,507051135.85331935
22348,530000000.0,536193947.04930085,506858855.6487016,487114684.5778542
22361,580000000.0,576949975.6621774,555498226.6903769,548683362.5538678
22374,505000000.0,501449538.7460757,477495840.7744988,480368540.44576335
22375,560000000.0,529303092.25312334,539159581.1120058,520628702.32207704
22381,630000000.0,602892729.0676286,554237760.1201901,536750922.6543792
22382,500000000.0,562819309.005462,539465092.1288322,543457823.1478505
22387,590000000.0,596199299.6591231,567716709.08443,578611648.9137244
22389,570000000.0,593916118.4655285,565025768.0296274,576266187.9703634
22390,585000000.0,593916118.4655285,565025768.0296274,576266187.9703634
22397,525000000.0,554629052.4882567,549563945.0699062,593780096.0791936
22413,1050000000.0,957035635.4658332,1064966420.4388144,1004836043.316143
22414,370000000.0,367656057.27562237,414305214.1688939,385073868.67124623
22423,219000000.0,225377629.66315377,218461800.2624404,228530124.7136222
22427,218000000.0,228290860.17862532,228764414.24248862,225435676.96748132
22428,205000000.0,228290860.17862532,228764414.24248862,225435676.96748132
22436,225000000.0,261992121.4706483,247080765.26697075,233313332.85975298
22443,232000000.0,246624488.02940205,232762160.76085365,233322647.55889228
22448,249000000.0,242024393.7094902,235022156.1464893,230579896.49768996
22456,242000000.0,229295457.3220121,224702429.08169618,225854517.43395898
22458,249000000.0,246505881.41961163,237011881.3523897,233235913.91782537
22459,275000000.0,253292641.93002498,239995137.9400228,234758484.45319498
22462,279000000.0,247016927.13801235,242547318.7273488,229880959.4624229
22464,258000000.0,222231941.69822985,246673924.03015494,229551914.85378817
22474,265000000.0,253292641.93002498,239995137.9400228,234758484.45319498
22476,285000000.0,260320262.25990722,255345859.88278258,236129488.37701035
22481,333000000.0,226031684.11033878,238572550.4525675,233707106.70000714
22482,280000000.0,253559083.2536809,252448982.77772057,239020992.15748206
22493,330000000.0,357850773.9033608,349729431.81104344,367595710.5910763
22495,325000000.0,333362879.6720162,339170519.70444006,362432910.8536753
22496,360000000.0,329801421.95882505,370737458.9579629,371599361.1601859
22500,329000000.0,328453114.8723521,328306742.63623166,355985528.60534286
22501,390000000.0,370124282.8736259,373365926.02351475,378201234.98053294
22502,365000000.0,383298329.9621422,387940083.95874584,377584850.8456819
22504,412000000.0,383814007.7169648,434169089.5958912,385290874.6675935
22506,388000000.0,368098606.1465971,414217508.5356363,382040199.80949336
22531,388000000.0,404926580.5695453,434011776.8563276,389718218.9667517
22534,425000000.0,423432985.676727,438205737.8341608,408964991.21325094
22538,408000000.0,401632391.30671483,404410764.4891912,379765059.2761935
22551,610000000.0,584554908.1168822,569292248.6362355,574819236.2425116
22552,600000000.0,611615663.9239198,588889119.8833765,599742165.4176373
22555,599000000.0,610008050.9868783,591049649.8878112,599742165.4176373
22556,599000000.0,610008050.9868783,591049649.8878112,599742165.4176373
22561,599000000.0,601980951.0714297,636530887.0868485,635648528.1142136
22575,595000000.0,583562991.0295346,583607989.6565402,578141268.9350059
22576,595000000.0,583562991.0295346,583607989.6565402,578141268.9350059
22577,565000000.0,583562991.0295346,583607989.6565402,578141268.9350059
22583,568000000.0,577796038.0246302,560125281.6929297,576260153.1692172
22586,579000000.0,583562991.0295346,583607989.6565402,578141268.9350059
22609,605000000.0,584205903.0008391,576146825.1292182,607492943.5235878
22613,705000000.0,691840124.5628078,654836561.9398085,675375042.4088657
22616,725000000.0,711121452.525861,632261969.7028096,651939111.5137707
22624,795000000.0,755609830.5334878,715376127.0109061,677208339.604261
22626,769000000.0,745202189.5209014,647332176.3904905,703816917.7788454
22630,690000000.0,675355339.1029836,641552627.9935664,692344774.3035204
22635,790000000.0,778391522.5624658,794766471.0891068,880245141.537757
22636,770000000.0,778391522.5624658,794766471.0891068,880245141.537757
22643,629000000.0,669451595.6704884,615630356.4680091,653027064.6890373
22648,745000000.0,602652461.032455,637862917.4817412,647431384.4319365
22662,625000000.0,667794898.8580011,657034739.0124425,661748871.9494137
22664,650000000.0,600506007.9564824,631076433.6749171,641633058.2075487
22666,560000000.0,599130311.7665541,613782561.6461415,617957159.0343966
22671,625000000.0,683190218.8156743,667924018.8550774,661748871.9494137
22672,610000000.0,600506007.9564824,631076433.6749171,641633058.2075487
22676,541000000.0,602518148.6743649,619543505.2023034,622569424.0647758
22690,670000000.0,683190218.8156743,667924018.8550774,661748871.9494137
22694,655000000.0,710484045.0599313,724539436.9301447,675718733.3400548
22700,690000000.0,717482651.8033437,743555723.1005918,708878860.8234311
22703,730000000.0,713711338.6976548,724539436.9301447,675718733.3400548
22712,580000000.0,626522497.257891,637144296.0517359,606549408.084859
22718,600000000.0,595572844.297763,623110608.2198359,589693193.9527392
22726,600000000.0,600965851.3026325,627413465.6757989,606134867.1480742
22730,699000000.0,697096774.5374093,671586478.2581826,655447851.7308475
22733,739000000.0,717307731.5600723,679518479.9241624,662958524.107126
22740,690000000.0,724953567.1205693,678279263.995075,686193922.3210672
22746,660000000.0,721553949.8768141,657017194.5263046,685724949.0312922
22756,676000000.0,659911786.9645143,699175091.2248409,667459423.9436483
22757,725000000.0,669353219.4945574,698707164.575593,667459423.9436483
22767,645000000.0,652550444.1315769,671145976.1406152,655007546.3162643
22769,560000000.0,682370359.3219013,642139031.1373644,640941551.9438488
22773,600000000.0,694794324.9442142,710162469.4888471,683109551.92785
22777,655000000.0,744236854.5040911,681756597.2584064,676423076.000724
22779,659000000.0,696050355.9007777,683511721.0471821,673022941.3460639
22783,650000000.0,672761701.2106518,673065038.3015639,660803232.6204677
22790,700000000.0,701415898.2036796,686595376.6865199,666704962.9475443
22800,640000000.0,664104155.3135167,656429724.886465,649043505.2485888
22819,880000000.0,862902200.0929034,856351539.8128108,783852871.0964946
22820,850000000.0,852465918.8206459,874830298.0481715,803599869.8469664
22825,833000000.0,829991452.4567391,839331821.5846367,791465276.124522
22826,915000000.0,944907052.9367454,911259865.6456869,861389489.8472598
22840,1140000000.0,1122830563.1623037,1134572353.793639,1040381936.6699926
22842,1210000000.0,1180593341.7407997,1156546031.5389428,1070005117.7195979
22843,1220000000.0,1180593341.7407997,1156546031.5389428,1070005117.7195979
22846,799000000.0,908165222.6453065,790913336.7400802,860880024.916221
22852,899000000.0,1112774502.0223265,1127186874.7434554,1017957799.5183784
22864,1199000000.0,1206533442.0558536,1227926339.891295,1154112209.4207826
22866,1199000000.0,1206533442.0558536,1227926339.891295,1154112209.4207826
22890,395000000.0,551601703.6098492,514635528.14290637,670966765.5138252
22896,1390000000.0,1291839298.440267,1301059113.6065376,1259233097.2441335
22897,1788000000.0,1518484766.2425044,1583028692.0261352,1589992537.8505511
22903,1680000000.0,1767886966.1304324,1774917815.9571974,1683217897.853968
22904,1560000000.0,1829344127.543764,1795946172.7478209,1700943469.5262024
22905,1560000000.0,1829344127.543764,1795946172.7478209,1700943469.5262024
22909,1839000000.0,1724800672.763619,1732175625.5715444,1749822617.6770425
22917,1995000000.0,1670681722.9872522,1614666845.7092526,1583929504.5757787
22919,1980000000.0,1670681722.9872522,1614666845.7092526,1583929504.5757787
22921,1690000000.0,1759240877.1186965,1808648085.3057659,1715479608.6411428
22922,1750000000.0,1832844002.4526634,1857910161.3938293,1767351864.5157223
22923,1999000000.0,1304438399.7316315,1331625804.600688,1789690319.8337345
22926,1999000000.0,1888759986.8677137,1911260673.244353,1914812436.9174478
22927,1868000000.0,1888759986.8677137,1911260673.244353,1914812436.9174478
22928,2039000000.0,1952023585.2473304,1926511750.4333303,1925202482.1957877
22933,1950000000.0,1987446929.1871846,1907076648.5965075,1951432187.2108235
22942,1999000000.0,1888759986.8677137,1911260673.244353,1914812436.9174478
22954,1489000000.0,1511086605.6075487,1596930248.9319167,1665838126.7328975
22961,1540000000.0,1528709317.786226,1449897913.9631414,1609793370.541904
22968,1835000000.0,1745417592.814575,1696360558.9731145,1989257255.911335
22973,1600000000.0,1469176538.5765536,1487693743.3137863,1678018953.9418628
22974,1568000000.0,1517154214.041595,1586474538.8334925,1578219934.6133406
22979,1529000000.0,1723361316.5019484,1814037666.6109068,1726029817.3356829
22980,1528000000.0,1723361316.5019484,1814037666.6109068,1726029817.3356829
22981,1639000000.0,1671152055.2185755,1695134728.266854,1789138375.8301494
22987,1839000000.0,1667744636.4952025,1905883934.8292377,1987008530.5062144
22993,1999000000.0,1967237214.7611732,1929876880.575146,1940795541.9812229
22994,1739000000.0,1966311751.0392892,1892315063.4010665,1854660223.2747486
23005,18000000.0,40055855.17320001,34693020.06985619,41936870.878339835
23010,370000000.0,394701966.68637055,374169369.89057654,381719561.75430554
23021,355000000.0,352296780.9951345,354381464.01484233,325519621.6385562
23028,138000000.0,138549762.886545,135070801.49759576,124469621.83639967
23032,109000000.0,98882759.3670815,95022577.6715663,92386147.52752353
23042,885000000.0,903100623.2918857,919988378.8134505,949019576.1246053
23043,1050000000.0,985898798.3328072,1062181145.9881983,1050156118.2847726
23045,570000000.0,583480603.6849412,622584329.8903333,629332162.3429722
23050,590000000.0,617677704.9057515,605527793.2939353,670493437.7411617
23055,435000000.0,382582769.2201116,404283511.38140756,388537598.6498569
23076,885000000.0,1017895420.7507268,994312121.4317998,984051216.7417742
23078,780000000.0,765052402.2884865,764352976.3586563,782102517.6833386
23079,636000000.0,616199397.2266415,559949030.9868324,579125860.2027824
23088,639000000.0,576713775.349483,585349313.0889213,573070806.2381666
23093,640000000.0,560434009.8923367,574484375.2365952,521513162.94028664
23104,275000000.0,287480743.3843688,296816042.6345238,301564572.50681865
23109,415000000.0,473479560.6553074,466714096.38678163,448568158.0689409
23116,270000000.0,296502960.2439858,297518309.2530229,305660695.2068708
23123,320000000.0,272482689.5200193,262107660.6526331,262625552.89250946
23127,535000000.0,447923453.33071995,452786418.12665117,465406041.50442153
23128,495000000.0,477096648.549755,462331936.5711263,477018658.53835875
23131,485000000.0,495480601.440926,495958678.53415173,489097283.6443112
23140,510000000.0,499087368.24858177,511614265.0534807,478097654.0495892
23144,139000000.0,174628438.10063842,114837934.99560042,175560986.98992005
23155,270000000.0,259020788.39244655,276954412.8346446,249428052.74314165
23174,318000000.0,345997043.1262166,342306298.56150115,335054809.12808496
23177,150000000.0,177364436.53780642,159588198.1055261,134234403.84197748
